product_id,handle,sku,current_title,proposed_title,collection,category,current_description,proposed_description,seo_title,meta_description,evidence,confidence,action,notes
prod_01KV69A7AKTR1KH8GH90KC8YAJ,av-05-1,av-05-1,Комод стандартный Ant's Village (гл. 440),Стандартный комод Вилли Винки,Вилли Винки,Комоды,"Комод стандартного формата с росписью Ant's Village. Глубина 44 см - уменьшенная относительно полноглубоких комодов серии (56 см), проходы детской остаются свободнее.

Роспись совпадает с другими предметами серии Ant's Village.

Есть варианты исполнения - уточним в заявке",,"Стандартный комод Вилли Винки, роспись «Деревня муравьев» | Woodright",Комод стандартного формата с росписью Ant's Village.,title: stripped_technical_dimension_tail; stripped_selectable_motif:Ant's Village; phrased_type_head; added_model:Вилли Винки; model from collection=willie-winkie | seo name: painting from metadata.motif_slug=ants-village,exact,APPLY,"общая фраза об исполнении: на PDP остаётся, в meta/JSON-LD не идёт"
prod_01KV69A7AKYY759QG6FC8CQ7JA,ba-05-3,ba-05-3,Комод высокий Ballet (гл. 440),Высокий комод Вилли Винки,Вилли Винки,Комоды,"Высокий комод серии Ballet (Willie Winkie): вертикальная компоновка ящиков забирает меньше стены, чем стандартная, - в детской это освобождает место для игры. Глубина 44 см оставляет проходы свободнее.

Роспись Ballet продолжает серию: комод можно дополнить другими предметами с тем же мотивом.

Есть варианты исполнения - уточним в заявке",,"Высокий комод Вилли Винки, роспись «Балет» | Woodright","Высокий комод серии Ballet (Willie Winkie): вертикальная компоновка ящиков забирает меньше стены, чем стандартная, - в детской это освобождает место для игры.",title: stripped_technical_dimension_tail; stripped_selectable_motif:Ballet; phrased_type_head; added_model:Вилли Винки; model from collection=willie-winkie | seo name: painting from metadata.motif_slug=ballet,exact,APPLY,"общая фраза об исполнении: на PDP остаётся, в meta/JSON-LD не идёт | в описании латиница в названии коллекции (H1 - кириллица); правка текста - решение владельца"
prod_01KV69A7AMZWW7MF8RG6A98292,ba-62-1,ba-62-1,Стеллаж для книг Ballet (гл. 440),Стеллаж для книг Вилли Винки,Вилли Винки,Стеллажи,"Открытый книжный стеллаж серии Ballet (Willie Winkie). Открытые полки держат книги и коробки с играми на виду - содержимое остаётся частью облика комнаты.

Глубина полок - 44 см. Роспись Ballet совпадает с другими предметами серии.

Есть варианты исполнения - уточним в заявке",,"Стеллаж для книг Вилли Винки, роспись «Балет» | Woodright",Открытый книжный стеллаж серии Ballet (Willie Winkie). Открытые полки держат книги и коробки с играми на виду - содержимое остаётся частью облика комнаты.,title: stripped_technical_dimension_tail; stripped_selectable_motif:Ballet; added_model:Вилли Винки; model from collection=willie-winkie | seo name: painting from metadata.motif_slug=ballet,exact,APPLY,"общая фраза об исполнении: на PDP остаётся, в meta/JSON-LD не идёт | в описании латиница в названии коллекции (H1 - кириллица); правка текста - решение владельца"
prod_01KNTBXADAKWN6BXHSYFRX0R2F,co-02-1,CO-02-1,Шкаф для одежды 2-дв.,Двухдверный шкаф для одежды Кантри,Кантри,Шкафы,"Двухдверный шкаф коллекции Country London Paris: фронт 120 см, глубина 64 см, высота 220 см - на 12 см выше типового шкафа, что даёт дополнительный объём под антресольное хранение. Цвет выбирается из четырёх: голубой, серый, молочный или оливковый - приглушённые тона коллекции спокойно сочетаются в одной комнате.

Есть варианты исполнения - уточним в заявке",,Двухдверный шкаф для одежды Кантри | Woodright,"Двухдверный платяной шкаф Country - 120 см по фронту, четыре цвета эмали.",title: phrased_type_head; added_model:Кантри; model from collection=country-london-paris,exact,APPLY,"общая фраза об исполнении: на PDP остаётся, в meta/JSON-LD не идёт | в описании латиница в названии коллекции (H1 - кириллица); правка текста - решение владельца"
prod_01KNTBXADA9TM4A89YEGTRVFDR,co-05-1,CO-05-1,Комод,Комод Кантри,Кантри,Комоды,"Комод Country London Paris: 90 см по фронту, 56 см в глубину, 81 см в высоту - базовый спальный формат. Крашеный фасад выпускается в четырёх цветах коллекции: голубом, сером, молочном и оливковом; комод может совпадать по тону со шкафом или намеренно отличаться - палитра рассчитана на такие сочетания.

Столешница на высоте 81 см остаётся рабочей поверхностью.

Есть варианты исполнения - уточним в заявке",,Комод Кантри | Woodright,"Комод Country London Paris: 90 см по фронту, 56 см в глубину, 81 см в высоту - базовый спальный формат.",title: added_model:Кантри; model from collection=country-london-paris,exact,APPLY,"общая фраза об исполнении: на PDP остаётся, в meta/JSON-LD не идёт | в описании латиница в названии коллекции (H1 - кириллица); правка текста - решение владельца"
prod_01KNTBXADAV2SBRCDYKZDNJJDB,co-08-1,CO-08-1,Тумбочка прикроватная,Прикроватная тумба Кантри,Кантри,Тумбы,"Прикроватная тумбочка Country London Paris: 50 см в ширину, 44 см в глубину, 60 см в высоту. Столешница на уровне руки лежащего - под лампу, книгу и телефон.

Четыре цвета на выбор - голубой, серый, молочный, оливковый - позволяют паре тумбочек поддержать кровать тон в тон или дать спальне два спокойных акцента.

Есть варианты исполнения - уточним в заявке",,Прикроватная тумба Кантри | Woodright,"Прикроватная тумбочка Country London Paris: 50 см в ширину, 44 см в глубину, 60 см в высоту. Столешница на уровне руки лежащего - под лампу, книгу и телефон.",title: phrased_type_head; added_model:Кантри; model from collection=country-london-paris,exact,APPLY,"общая фраза об исполнении: на PDP остаётся, в meta/JSON-LD не идёт | в описании латиница в названии коллекции (H1 - кириллица); правка текста - решение владельца"
prod_01KNTBXADASA751ZC9C33QCE9M,co-14-2,CO-14-2,Кровать 1-сп. (90×190) с подъёмным механизмом,Односпальная кровать Кантри (90 × 190) с подъёмным механизмом,Кантри,Кровати,"Односпальная кровать Country London Paris под матрас 90 × 190 см с подъёмным механизмом: основание поднимается, открывая место для хранения под матрасом. Корпус 98 × 199 см, изголовье 110 см; цвет - из палитры коллекции, для этой модели доступны два варианта.

Есть варианты исполнения - уточним в заявке",,Односпальная кровать Кантри (90 × 190) с подъёмным механизмом | Woodright,"Односпальная кровать Country London Paris под матрас 90 × 190 см с подъёмным механизмом: основание поднимается, открывая место для хранения под матрасом.",title: phrased_type_head; added_model:Кантри; model from collection=country-london-paris,exact,APPLY,"общая фраза об исполнении: на PDP остаётся, в meta/JSON-LD не идёт | в описании латиница в названии коллекции (H1 - кириллица); правка текста - решение владельца"
prod_01KNTBXADAMWN4PD2KMWP2E4MH,co-15-2,CO-15-2,"Кровать 1,5-сп. (120×190) с подъёмным механизмом",Полутораспальная кровать Кантри (120 × 190) с подъёмным механизмом,Кантри,Кровати,"Полуторная кровать Country London Paris под матрас 120 × 190 см с подъёмным механизмом. Матрас с основанием поднимается - под ним место для хранения.

Корпус 128 × 199 см, изголовье 115 см. Цвет выбирается из четырёх: голубой, серый, молочный или оливковый.

Есть варианты исполнения - уточним в заявке",,Полутораспальная кровать Кантри (120 × 190) с подъёмным механизмом | Woodright,Полуторная кровать Country London Paris под матрас 120 × 190 см с подъёмным механизмом. Матрас с основанием поднимается - под ним место для хранения.,title: phrased_type_head; added_model:Кантри; model from collection=country-london-paris,exact,APPLY,"общая фраза об исполнении: на PDP остаётся, в meta/JSON-LD не идёт | в описании латиница в названии коллекции (H1 - кириллица); правка текста - решение владельца"
prod_01KNTBXADAPWAQGMQG48P00R3M,co-61-1,CO-61-1,Шкаф книжный со стеклом,Книжный шкаф Кантри со стеклом,Кантри,Шкафы,"Книжный шкаф Country London Paris со стеклянными фасадами: 120 см по фронту, глубина 43 см, высота 220 см. Стекло оставляет корешки частью комнаты - формат домашней библиотеки, а не служебного стеллажа.

Четыре цвета корпуса - голубой, серый, молочный, оливковый; тёмные книги на цветном фоне читаются особенно чётко.

Есть варианты исполнения - уточним в заявке",,Книжный шкаф Кантри со стеклом | Woodright,"Книжный шкаф Country London Paris со стеклянными фасадами: 120 см по фронту, глубина 43 см, высота 220 см.",title: phrased_type_head; added_model:Кантри; model from collection=country-london-paris,exact,APPLY,"общая фраза об исполнении: на PDP остаётся, в meta/JSON-LD не идёт | в описании латиница в названии коллекции (H1 - кириллица); правка текста - решение владельца"
prod_01KNTBXADB4V43P4P0KDTHVDQR,co-62-1,CO-62-1,Стеллаж широкий,Широкий стеллаж Кантри,Кантри,Стеллажи,"Широкий стеллаж Country London Paris: 120 см по фронту, 43 см в глубину, 220 см в высоту - открытая версия книжного шкафа коллекции. Открытые полки держат библиотеку и предметы на виду; рядом со стеклянным «близнецом» собирается стена хранения на всю высоту комнаты.

Три цвета на выбор из палитры коллекции.

Есть варианты исполнения - уточним в заявке",,Широкий стеллаж Кантри | Woodright,"Широкий стеллаж Country London Paris: 120 см по фронту, 43 см в глубину, 220 см в высоту - открытая версия книжного шкафа коллекции.",title: phrased_type_head; added_model:Кантри; model from collection=country-london-paris,exact,APPLY,"общая фраза об исполнении: на PDP остаётся, в meta/JSON-LD не идёт | в описании латиница в названии коллекции (H1 - кириллица); правка текста - решение владельца"
prod_01KNTBXADB2M4E381QSZ5X850S,co-62-2,CO-62-2,Стеллаж узкий с дверью,Узкий стеллаж Кантри с дверью,Кантри,Стеллажи,"Узкий стеллаж Country London Paris с дверцей в нижней части: 41 см по фронту при высоте 190 см. Формат для простенков и узких мест - открытые полки сверху, закрытое хранение за дверцей снизу.

Работает и как самостоятельная «колонна», и как доборный элемент к широкому стеллажу линейки. Четыре цвета на выбор.

Есть варианты исполнения - уточним в заявке",,Узкий стеллаж Кантри с дверью | Woodright,Узкий стеллаж Country London Paris с дверцей в нижней части: 41 см по фронту при высоте 190 см.,title: phrased_type_head; added_model:Кантри; model from collection=country-london-paris,exact,APPLY,"общая фраза об исполнении: на PDP остаётся, в meta/JSON-LD не идёт | в описании латиница в названии коллекции (H1 - кириллица); правка текста - решение владельца"
prod_01KNTBXADBFHZ2C5MH2M4PVVT8,co-62-3,CO-62-3,Стеллаж узкий с ящиком,Узкий стеллаж Кантри с ящиком,Кантри,Стеллажи,"Узкий стеллаж Country London Paris с выдвижным ящиком: 41 см по фронту, высота 190 см. Парная модель к узкому стеллажу с дверью - вместо дверцы внизу ящик, который удобнее для мелочей и бумаг.

Вертикальная «колонна» хранения для простенка или композиции из нескольких узких секций.

Есть варианты исполнения - уточним в заявке",,Узкий стеллаж Кантри с ящиком | Woodright,"Узкий стеллаж Country London Paris с выдвижным ящиком: 41 см по фронту, высота 190 см.",title: phrased_type_head; added_model:Кантри; model from collection=country-london-paris,exact,APPLY,"общая фраза об исполнении: на PDP остаётся, в meta/JSON-LD не идёт | в описании латиница в названии коллекции (H1 - кириллица); правка текста - решение владельца"
prod_01KNTBXADB5BFDKMSAB35J8Z0V,co-65-1,CO-65-1,Стол письменный 1-тумб. 0П,Однотумбовый письменный стол Кантри (тумба с полками справа),Кантри,Столы,"Письменный стол Country London Paris с одной опорной тумбой справа: столешница 113 × 64 см на высоте 78 см. Тумба закрывает хранение под рабочей рукой, открытая левая сторона оставляет посадку свободной.

Пять цветов на выбор - самая широкая палитра в линейке столов коллекции; зеркальная версия переносит тумбу влево.

Есть варианты исполнения - уточним в заявке",,Однотумбовый письменный стол Кантри (тумба с полками справа) | Woodright,Письменный стол Country London Paris с одной опорной тумбой справа: столешница 113 × 64 см на высоте 78 см.,title: expanded_desk_code; phrased_type_head; added_model:Кантри; model from collection=country-london-paris,exact,APPLY,"общая фраза об исполнении: на PDP остаётся, в meta/JSON-LD не идёт | в описании латиница в названии коллекции (H1 - кириллица); правка текста - решение владельца"
prod_01KNTBXADBCCE0GHPB33PVQXS2,co-65-2,CO-65-2,Стол письменный 1-тумб. П0,Однотумбовый письменный стол Кантри (тумба с полками слева),Кантри,Столы,"Зеркальная версия однотумбового письменного стола Country London Paris: столешница 113 × 64 см, опорная тумба - слева. Сторону выбирают по свету и планировке: окно должно освещать столешницу, а не спину сидящего.

Четыре цвета корпуса из палитры коллекции.

Есть варианты исполнения - уточним в заявке",,Однотумбовый письменный стол Кантри (тумба с полками слева) | Woodright,"Зеркальная версия однотумбового письменного стола Country London Paris: столешница 113 × 64 см, опорная тумба - слева.",title: expanded_desk_code; phrased_type_head; added_model:Кантри; model from collection=country-london-paris,exact,APPLY,"общая фраза об исполнении: на PDP остаётся, в meta/JSON-LD не идёт | в описании латиница в названии коллекции (H1 - кириллица); правка текста - решение владельца"
prod_01KNTBXADCVEHH7HVB0ZGDS1KV,co-66-1,CO-66-1,Стол письменный 2-тумб. ЯЯ,Двухтумбовый письменный стол Кантри (ящики с обеих сторон),Кантри,Столы,"Двухтумбовый письменный стол Country London Paris: столешница 155 × 70 см, обе опорные тумбы - с выдвижными ящиками. Самая «рабочая» компоновка линейки: всё хранение разложено по ящикам на расстоянии руки, стол может стоять и не у стены.

Четыре цвета на выбор - голубой, серый, молочный, оливковый.

Есть варианты исполнения - уточним в заявке",,Двухтумбовый письменный стол Кантри (ящики с обеих сторон) | Woodright,"Двухтумбовый письменный стол Country London Paris: столешница 155 × 70 см, обе опорные тумбы - с выдвижными ящиками.",title: expanded_pedestal:ЯЯ; normalized_2_tumb_when_pedestal_expanded; added_collection:Country; phrased_type_head; model from collection=country-london-paris,exact,APPLY,"общая фраза об исполнении: на PDP остаётся, в meta/JSON-LD не идёт | в описании латиница в названии коллекции (H1 - кириллица); правка текста - решение владельца"
prod_01KNTBXADCDTMNKGW1C9XPD1YT,co-69-1,CO-69-1,Полка книжная малая,Малая книжная полка Кантри,Кантри,Полки,"Малая навесная книжная полка Country London Paris: 70 см длины при глубине 16 см и высоте 35 см. Настенное хранение для книг и мелочей над столом или изголовьем; из нескольких полок собираются композиции.

Пять цветов на выбор - полку можно спрятать в тон стены или сделать цветной чертой на ней.

Есть варианты исполнения - уточним в заявке",,Малая книжная полка Кантри | Woodright,Малая навесная книжная полка Country London Paris: 70 см длины при глубине 16 см и высоте 35 см.,title: phrased_type_head; added_model:Кантри; model from collection=country-london-paris,exact,APPLY,"общая фраза об исполнении: на PDP остаётся, в meta/JSON-LD не идёт | в описании латиница в названии коллекции (H1 - кириллица); правка текста - решение владельца"
prod_01KV69A7AM91MJJVXPKQSNCGSK,fa-05-3,fa-05-3,Комод высокий Fairies (гл. 560),Высокий комод Вилли Винки,Вилли Винки,Комоды,"Высокий комод серии Fairies (Willie Winkie) в полноглубокой версии - 56 см: в каждом ящике больше места, чем у версий с глубиной 44 см. Вертикальная компоновка экономит стену.

Роспись Fairies делает комод частью сюжетной серии - к нему подбираются стол и туалетный столик с тем же мотивом.

Есть варианты исполнения - уточним в заявке",,"Высокий комод Вилли Винки, роспись «Феи» | Woodright","Высокий комод серии Fairies (Willie Winkie) в полноглубокой версии - 56 см: в каждом ящике больше места, чем у версий с глубиной 44 см.",title: stripped_technical_dimension_tail; stripped_selectable_motif:Fairies; phrased_type_head; added_model:Вилли Винки; model from collection=willie-winkie | seo name: painting from metadata.motif_slug=fairies,exact,APPLY,"общая фраза об исполнении: на PDP остаётся, в meta/JSON-LD не идёт | в описании латиница в названии коллекции (H1 - кириллица); правка текста - решение владельца"
prod_01KV69A7AMA53EWQH9MQK10H5K,fa-06-1,fa-06-1,Столик туалетный с зеркалом Fairies,Туалетный столик Вилли Винки с зеркалом,Вилли Винки,Столы,"Туалетный столик с зеркалом из серии Fairies коллекции Willie Winkie - «взрослый» предмет в детском масштабе: у ребёнка появляется своё зеркало и своя поверхность для заколок и мелочей. Роспись Fairies продолжает сюжет серии - столик естественно встаёт рядом с комодом и рабочим столом того же мотива.

Есть варианты исполнения - уточним в заявке",,"Туалетный столик Вилли Винки с зеркалом, роспись «Феи» | Woodright",Детский туалетный столик с зеркалом и росписью Fairies.,title: stripped_selectable_motif:Fairies; phrased_type_head; added_model:Вилли Винки; model from collection=willie-winkie | seo name: painting from metadata.motif_slug=fairies,exact,APPLY,"общая фраза об исполнении: на PDP остаётся, в meta/JSON-LD не идёт | в описании латиница в названии коллекции (H1 - кириллица); правка текста - решение владельца"
prod_01KV69A7AMBRZPR11DCTPR7864,fa-67-1,fa-67-1,Стол рабочий Fairies,Рабочий стол Вилли Винки,Вилли Винки,Столы,"Рабочий стол серии Fairies (Willie Winkie) - место для рисования и первых уроков в сюжетной серии с росписью. Роспись превращает стол из «мебели» в часть игрового мира комнаты, при этом сам предмет остаётся полноценным столом, за которым ребёнок растёт.

Есть варианты исполнения - уточним в заявке",,"Рабочий стол Вилли Винки, роспись «Феи» | Woodright",Рабочий стол серии Fairies (Willie Winkie) - место для рисования и первых уроков в сюжетной серии с росписью.,title: stripped_selectable_motif:Fairies; phrased_type_head; added_model:Вилли Винки; model from collection=willie-winkie | seo name: painting from metadata.motif_slug=fairies,exact,APPLY,"общая фраза об исполнении: на PDP остаётся, в meta/JSON-LD не идёт | в описании латиница в названии коллекции (H1 - кириллица); правка текста - решение владельца"
prod_01KV69A7AMAEGVHR09A7ZXH062,fk-05-1,fk-05-1,Комод стандартный Fantasy Kingdom (гл. 440),Стандартный комод Вилли Винки,Вилли Винки,Комоды,"Стандартный комод серии Fantasy Kingdom (Willie Winkie). Уменьшенная глубина 44 см - формат детской комнаты: проходы остаются свободными.

Роспись Fantasy Kingdom задаёт комнате сюжет; в серии есть и высокая версия комода, если нужно больше ящиков на той же площади.

Есть варианты исполнения - уточним в заявке",,"Стандартный комод Вилли Винки, роспись «Сказочное королевство» | Woodright",Стандартный комод серии Fantasy Kingdom (Willie Winkie). Уменьшенная глубина 44 см - формат детской комнаты: проходы остаются свободными.,title: stripped_technical_dimension_tail; stripped_selectable_motif:Fantasy Kingdom; phrased_type_head; added_model:Вилли Винки; model from collection=willie-winkie | seo name: painting from metadata.motif_slug=fantasy-kingdom,exact,APPLY,"общая фраза об исполнении: на PDP остаётся, в meta/JSON-LD не идёт | в описании латиница в названии коллекции (H1 - кириллица); правка текста - решение владельца"
prod_01KV69A7AMKV353Y5WH6VYBABK,fk-05-3,fk-05-3,Комод высокий Fantasy Kingdom (гл. 560),Высокий комод Вилли Винки,Вилли Винки,Комоды,"Высокий комод серии Fantasy Kingdom (Willie Winkie): вертикальная компоновка ящиков при полной глубине 56 см занимает меньше стены, чем стандартный комод той же глубины. Роспись Fantasy Kingdom связывает его со стандартным комодом серии в одну комнату.

Есть варианты исполнения - уточним в заявке",,"Высокий комод Вилли Винки, роспись «Сказочное королевство» | Woodright",Высокий детский комод с росписью Fantasy Kingdom - полная глубина 56 см.,title: stripped_technical_dimension_tail; stripped_selectable_motif:Fantasy Kingdom; phrased_type_head; added_model:Вилли Винки; model from collection=willie-winkie | seo name: painting from metadata.motif_slug=fantasy-kingdom,exact,APPLY,"общая фраза об исполнении: на PDP остаётся, в meta/JSON-LD не идёт | в описании латиница в названии коллекции (H1 - кириллица); правка текста - решение владельца"
prod_01KM1QHNHYQKVZHCN3SM9BY42Z,greenwich-gr-02-1,GR-02-1,Гардероб 2-дв. с ящиками,Двухдверный гардероб с ящиками Левел,Гринвич,Шкафы,"Гардероб Level - двухдверный гардероб Greenwich с отдельным ярусом ящиков: за дверцами - основное хранение, в ящиках - то, что удобно доставать, не открывая весь шкаф. Корпус 119 × 52 см при высоте 210 см - формат спальни обычного размера, не превращающийся в стену.

Выпускается в двенадцати отделках коллекции - от светлых и приглушённых до тёмных.

Есть варианты исполнения - уточним в заявке",,Двухдверный гардероб с ящиками Левел | Woodright,Двухдверный гардероб Level с ящиками - 119 см по фронту и 210 см в высоту.,title: merged_model:Level; phrased_type_head; model from collection=greenwich,exact,APPLY,"общая фраза об исполнении: на PDP остаётся, в meta/JSON-LD не идёт | в описании латиница в названии коллекции (H1 - кириллица); правка текста - решение владельца"
prod_01KM1QHNHZQSQM54A74VQJNH75,greenwich-gr-02-2,GR-02-2,Гардероб 2-дв.,Двухдверный гардероб Тотал,Гринвич,Шкафы,"Гардероб Total - парная модель к гардеробу Level: те же 119 см по фронту, 52 см глубины и 210 см высоты, но без ящиков - только две дверцы и цельный фронт. Вариант для тех, кому важна ровная спокойная плоскость шкафа: в небольшой комнате она заметно разгружает стену.

Как и остальная корпусная мебель Greenwich, Total выпускается в двенадцати отделках - от белого и капучино до графита.

Есть варианты исполнения - уточним в заявке",,Двухдверный гардероб Тотал | Woodright,"Гардероб Total - парная модель к гардеробу Level: те же 119 см по фронту, 52 см глубины и 210 см высоты, но без ящиков - только две дверцы и цельный фронт.",title: merged_model:Total; phrased_type_head; model from collection=greenwich,exact,APPLY,"общая фраза об исполнении: на PDP остаётся, в meta/JSON-LD не идёт | в описании латиница в названии коллекции (H1 - кириллица); правка текста - решение владельца"
prod_01KM1QHNHNKSG173KZ6C2AZ5JR,greenwich-gr-05-1,GR-05-1,Комод,Комод Скейл,Гринвич,Комоды,"Комод Scale - самый горизонтальный предмет в спальне Greenwich: 124 см в ширину при высоте 63 см и глубине 51 см. Такой формат работает как продолжение линии кровати - над комодом остаётся место для зеркала или пары постеров, а длинная столешница не забивается даже с лампой и шкатулками.

Палитра модели повторяет палитру коллекции: двенадцать отделок, от белого, сливочного и пудры до графита, какао и терракоты, поэтому Scale можно свести тон в тон с остальной комнатой или сделать на нём цветовой акцент.

Есть варианты исполнения - уточним в заявке",,Комод Скейл | Woodright,Комод Scale - самый горизонтальный предмет в спальне Greenwich: 124 см в ширину при высоте 63 см и глубине 51 см.,title: merged_model:Scale; model from collection=greenwich,exact,APPLY,"общая фраза об исполнении: на PDP остаётся, в meta/JSON-LD не идёт | в описании латиница в названии коллекции (H1 - кириллица); правка текста - решение владельца"
prod_01KM1QHNHWH2M61Z8VR182RMJF,greenwich-gr-08-1,GR-08-1,Прикроватная тумба с 2 ящиками,Прикроватная тумба с 2 ящиками Хоул,Гринвич,Тумбы,"Прикроватная Hole: прикроватная тумба увеличенного формата: 66 см в ширину при высоте 53 см, с двумя ящиками. Ширина здесь принципиальна - на столешнице умещаются лампа, книга и телефон одновременно, а ящики забирают то, что обычно кочует по спальне.

Пара таких тумб хорошо уравновешивает кровать с широким изголовьем. Отделок двенадцать - вся палитра Greenwich, от пудры и сливочного до сине-серого и графита.

Есть варианты исполнения - уточним в заявке",,Прикроватная тумба с 2 ящиками Хоул | Woodright,"Прикроватная Hole: прикроватная тумба увеличенного формата: 66 см в ширину при высоте 53 см, с двумя ящиками.",title: merged_model:Hole; model from collection=greenwich,exact,APPLY,"общая фраза об исполнении: на PDP остаётся, в meta/JSON-LD не идёт | в описании латиница в названии коллекции (H1 - кириллица); правка текста - решение владельца"
prod_01KM1QHNHX9FDMX9RHBZAB7K1K,greenwich-gr-08-2,GR-08-2,Прикроватная тумба с 1 ящиком,Прикроватная тумба с 1 ящиком Стоун,Гринвич,Тумбы,"Stone повторяет формат тумбы Hole - 66 × 46 см при высоте 53 см, - но обходится одним ящиком и поэтому выглядит проще и легче. Это вариант для тех, кто держит у кровати минимум вещей: ящик закрывает мелочи, остальное остаётся под рукой.

Габариты позволяют использовать Stone и вне спальни - как приставной столик у кресла или дивана. Палитра - те же двенадцать отделок Greenwich.

Есть варианты исполнения - уточним в заявке",,Прикроватная тумба с 1 ящиком Стоун | Woodright,"Stone повторяет формат тумбы Hole - 66 × 46 см при высоте 53 см, - но обходится одним ящиком и поэтому выглядит проще и легче.",title: merged_model:Stone; model from collection=greenwich,exact,APPLY,"общая фраза об исполнении: на PDP остаётся, в meta/JSON-LD не идёт | в описании латиница в названии коллекции (H1 - кириллица); правка текста - решение владельца"
prod_01KM1QHNHZXXSRPFEKAZRSFPDE,greenwich-gr-09-1-bed-90,GR-09-1,Кровать 1-сп. (90×200),Односпальная кровать Гринвич (90 × 200),Гринвич,Кровати,"Односпальный формат кровати Greenwich: матрас 90 × 200 см, корпус длиной 221 см, изголовье высотой 105 см. Изголовье мягкое и выпускается в трёх моделях - Cloud, Frame и Plane - с обивкой светло-серой или сине-зелёной тканью, поэтому даже узкая кровать не выглядит служебной.

Подходит для детской, гостевой или небольшой спальни, где важно сохранить проход.

Есть варианты исполнения - уточним в заявке",,Односпальная кровать Гринвич (90 × 200) | Woodright,"Односпальный формат кровати Greenwich: матрас 90 × 200 см, корпус длиной 221 см, изголовье высотой 105 см.",title: phrased_type_head; added_model:Гринвич; model from collection=greenwich,exact,APPLY,"общая фраза об исполнении: на PDP остаётся, в meta/JSON-LD не идёт | в описании латиница в названии коллекции (H1 - кириллица); правка текста - решение владельца"
prod_01KM1QHNHMVXN3YQ3JDZCYQTM5,greenwich-gr-09-1-mirror,GR-09-1-M,Зеркало навесное,Навесное зеркало Гринвич,Гринвич,Зеркала,"Вертикальное навесное зеркало из коллекции Greenwich. Полотно 65 × 100 см при глубине всего 3 см - зеркало почти не выступает из стены и не съедает пространство даже в узкой прихожей.

Пропорции подобраны под корпусную мебель коллекции: оно естественно встаёт над комодом или консолью, задавая вертикаль над длинным низким силуэтом. Работает и само по себе - как спокойное зеркало в спальню или коридор.

Есть варианты исполнения - уточним в заявке",,Навесное зеркало Гринвич | Woodright,Вертикальное навесное зеркало из коллекции Greenwich.,title: phrased_type_head; added_model:Гринвич; model from collection=greenwich,exact,APPLY,"общая фраза об исполнении: на PDP остаётся, в meta/JSON-LD не идёт | в описании латиница в названии коллекции (H1 - кириллица); правка текста - решение владельца"
prod_01KM1QHNHZ1A4J48K4CV10F4FM,greenwich-gr-12-1,GR-12-1,"Кровать 1,5-сп. (120×200)",Полутораспальная кровать Гринвич (120 × 200),Гринвич,Кровати,"Полутораспальная кровать Greenwich под матрас 120 × 200 см - формат для одного человека, которому тесно на 90-сантиметровом матрасе. Корпус длиной 221 см, мягкое изголовье высотой 105 см; модель изголовья выбирается из трёх - Cloud, Frame или Plane - в светло-серой либо сине-зелёной обивке.

Хорошо встаёт в подростковую комнату и компактную спальню.

Есть варианты исполнения - уточним в заявке",,Полутораспальная кровать Гринвич (120 × 200) | Woodright,"Полутораспальная кровать Greenwich под матрас 120 × 200 см - формат для одного человека, которому тесно на 90-сантиметровом матрасе.",title: phrased_type_head; added_model:Гринвич; model from collection=greenwich,exact,APPLY,"общая фраза об исполнении: на PDP остаётся, в meta/JSON-LD не идёт | в описании латиница в названии коллекции (H1 - кириллица); правка текста - решение владельца"
prod_01KM1QHNJ0F34R2A8FQ1CN4V1Y,greenwich-gr-14-1,GR-14-1,"Кровать 1,5-сп. (140×200)",Полутораспальная кровать Гринвич (140 × 200),Гринвич,Кровати,"Кровать Greenwich под матрас 140 × 200 см занимает промежуточное положение: для двоих это самый компактный разумный формат, для одного - максимум свободы. Габариты корпуса - 153 см в ширину и 221 см в длину, высота мягкого изголовья 105 см.

Три модели изголовья - Cloud, Frame и Plane - и два цвета обивки, светло-серый и сине-зелёный, позволяют настроить характер кровати под комнату.

Есть варианты исполнения - уточним в заявке",,Полутораспальная кровать Гринвич (140 × 200) | Woodright,"Кровать Greenwich под матрас 140 × 200 см занимает промежуточное положение: для двоих это самый компактный разумный формат, для одного - максимум свободы.",title: phrased_type_head; added_model:Гринвич; model from collection=greenwich,exact,APPLY,"общая фраза об исполнении: на PDP остаётся, в meta/JSON-LD не идёт | в описании латиница в названии коллекции (H1 - кириллица); правка текста - решение владельца"
prod_01KM1QHNJ1E92BMJQ8CE2RX7TK,greenwich-gr-16-1,GR-16-1,Кровать 2-сп. (160×200),Двуспальная кровать Гринвич (160 × 200),Гринвич,Кровати,"Основная двуспальная кровать коллекции: матрас 160 × 200 см, корпус 173 × 221 см, мягкое изголовье высотой 105 см. Высокое мягкое изголовье держит композицию спальни и делает удобной посадку с книгой или ноутбуком.

Модель изголовья выбирается из трёх - Cloud, Frame или Plane, обивка - светло-серая или сине-зелёная ткань; в пару подбираются прикроватные тумбы Hole и Stone.

Есть варианты исполнения - уточним в заявке",,Двуспальная кровать Гринвич (160 × 200) | Woodright,"Основная двуспальная кровать коллекции: матрас 160 × 200 см, корпус 173 × 221 см, мягкое изголовье высотой 105 см.",title: phrased_type_head; added_model:Гринвич; model from collection=greenwich,exact,APPLY,"общая фраза об исполнении: на PDP остаётся, в meta/JSON-LD не идёт"
prod_01KM1QHNJ1YTE9EW5NJZ8YRF62,greenwich-gr-18-1,GR-18-1,Кровать 2-сп. (180×200),Двуспальная кровать Гринвич (180 × 200),Гринвич,Кровати,"Самая широкая кровать Greenwich: матрас 180 × 200 см, корпус 193 см в ширину и 221 см в длину. Формат рассчитан на просторную комнату - вместе с прикроватными тумбами кровать собирает стену длиной под три метра, и мягкое изголовье высотой 105 см удерживает эту композицию.

Изголовье выпускается в вариантах Cloud, Frame и Plane, обивка - светло-серая или сине-зелёная ткань.

Есть варианты исполнения - уточним в заявке",,Двуспальная кровать Гринвич (180 × 200) | Woodright,"Самая широкая кровать Greenwich: матрас 180 × 200 см, корпус 193 см в ширину и 221 см в длину.",title: phrased_type_head; added_model:Гринвич; model from collection=greenwich,exact,APPLY,"общая фраза об исполнении: на PDP остаётся, в meta/JSON-LD не идёт | в описании латиница в названии коллекции (H1 - кириллица); правка текста - решение владельца"
prod_01KM1QHNHY2EE4PEMPKZ8YM3QZ,greenwich-gr-26-1,GR-26-1,Шкаф-витрина Кристалл,Шкаф-витрина Кристалл,Гринвич,Шкафы,"Шкаф-витрина Cristal - витрина Greenwich в рост человека: 99 см в ширину, 43 см в глубину, 210 см в высоту. Застеклённая часть показывает содержимое - посуду, стекло, книги.

Вертикальный корпус собирает высоту комнаты и хорошо работает в паре с низкими предметами коллекции: комодом Scale или тумбой Wide. Отделки - двенадцать вариантов: тёмные делают витрину строже, светлые - незаметнее.

Есть варианты исполнения - уточним в заявке",,Шкаф-витрина Кристалл | Woodright,"Шкаф-витрина Cristal - витрина Greenwich в рост человека: 99 см в ширину, 43 см в глубину, 210 см в высоту.",,exact,KEEP,"общая фраза об исполнении: на PDP остаётся, в meta/JSON-LD не идёт | в описании латиница в названии коллекции (H1 - кириллица); правка текста - решение владельца"
prod_01KM1QHNHRHYFRQWV6H2B0YV2R,greenwich-gr-42-1,GR-42-1,Тумба ТВ,Тумба ТВ Уайд,Гринвич,Тумбы,"Тумба Wide - самая длинная тумба Greenwich: 160 см при высоте и глубине по 46 см. Низкая посадка оставляет экран на комфортной высоте без кронштейна, а длинная столешница вмещает не только технику - часть её обычно остаётся под книги, колонки или вазу.

Как и вся корпусная мебель коллекции, тумба выпускается в двенадцати отделках, от белого и серо-голубого до графита и изумруда, так что её несложно вписать в уже сложившуюся гостиную.

Есть варианты исполнения - уточним в заявке",,Тумба ТВ Уайд | Woodright,Тумба Wide - самая длинная тумба Greenwich: 160 см при высоте и глубине по 46 см.,title: merged_model:Wide; model from collection=greenwich,exact,APPLY,"общая фраза об исполнении: на PDP остаётся, в meta/JSON-LD не идёт | в описании латиница в названии коллекции (H1 - кириллица); правка текста - решение владельца"
prod_01KM1QHNHNR5R4YZKQERDE8EZ6,greenwich-gr-44-1,GR-44-1,Консоль,Консоль Степ,Гринвич,Консоли,"Консоль Step - узкая консоль из коллекции Greenwich: 119 см в длину и 32 см в глубину при высоте 90 см. Её место - проходные зоны: прихожая, простенок, зона у окна, - где нужна поверхность для ключей, цветов или зарядки, но нет глубины под полноценный стол.

Высота 90 см удобна для пользования стоя. Выпускается в двенадцати отделках Greenwich - от спокойных светлых до глубоких тёмных.

Есть варианты исполнения - уточним в заявке",,Консоль Степ | Woodright,Консоль Step - узкая консоль из коллекции Greenwich: 119 см в длину и 32 см в глубину при высоте 90 см.,title: merged_model:Step; model from collection=greenwich,exact,APPLY,"общая фраза об исполнении: на PDP остаётся, в meta/JSON-LD не идёт | в описании латиница в названии коллекции (H1 - кириллица); правка текста - решение владельца"
prod_01KM1QHNHPTNKR0E7T538427YJ,greenwich-gr-67-1,GR-67-1,Рабочий стол,Рабочий стол Бейс,Гринвич,Столы,"Рабочий Base: рабочий стол Greenwich для дома, а не для офиса: столешницы 120 × 62 см достаточно для ноутбука, лампы и бумаг, но стол не превращает комнату в кабинет. Высота - стандартные 78 см.

Модель держит общий характер коллекции и выпускается в той же палитре из двенадцати отделок, поэтому её легко точно свести с комодом, тумбами или кроватью Greenwich - либо намеренно выделить цветом.

Есть варианты исполнения - уточним в заявке",,Рабочий стол Бейс | Woodright,"Компактный письменный стол Base - 120 × 62 см, домашний кабинет в жилой комнате.",title: merged_model:Base; model from collection=greenwich,exact,APPLY,"общая фраза об исполнении: на PDP остаётся, в meta/JSON-LD не идёт | в описании латиница в названии коллекции (H1 - кириллица); правка текста - решение владельца"
prod_01KV69A7AMA4R5CX5YG8SPTE5B,in-67-1,in-67-1,Стол рабочий Infanta,Рабочий стол Вилли Винки,Вилли Винки,Столы,"Рабочий стол серии Infanta (Willie Winkie) - стол для уроков и рисования с росписью по мотиву Infanta. Роспись делает рабочее место частью характера комнаты, а не офисным предметом в детской.

Есть варианты исполнения - уточним в заявке",,"Рабочий стол Вилли Винки, роспись «Инфанта» | Woodright",Рабочий стол серии Infanta (Willie Winkie) - стол для уроков и рисования с росписью по мотиву Infanta.,title: stripped_selectable_motif:Infanta; phrased_type_head; added_model:Вилли Винки; model from collection=willie-winkie | seo name: painting from metadata.motif_slug=infanta,exact,APPLY,"общая фраза об исполнении: на PDP остаётся, в meta/JSON-LD не идёт | в описании латиница в названии коллекции (H1 - кириллица); правка текста - решение владельца"
prod_01M3VREH5MR9P96VDC4H4Y96XS,mnm-02-1,MNM-02-1,Шкаф для одежды 2-дв. (модуль/Ш),Двухдверный шкаф для одежды Мончелси (модуль/Ш),Мончелси,Шкафы,"Шкаф для одежды 2-дв. (модуль/Ш)
2400 × 1206 × 645 мм
Порядок: высота, ширина, глубина. Источник - ячейка прайса",,Двухдверный шкаф для одежды Мончелси (модуль/Ш) | Woodright,Двухдверный шкаф для одежды Мончелси (модуль/Ш). Посмотрите размеры и цену на сайте Woodright.,"title: phrased_type_head; added_model:Мончелси; model from collection=monchelsea | description: only title_echo, dimension_line, provenance_line; metadata.dimensions: ширина 120,6 см, глубина 64,5 см, высота 240 см",ambiguous,HOLD,модульный код Мончелси оставлен как есть: расшифровка не подтверждена | в описании только служебные строки прайса - на PDP скрыты; нужен авторский текст по фактам
prod_01KY5SGS08BRVCY6JC293VGR3A,mnm-02-2,MNM-02-2,Шкаф для одежды 2-дв. (модуль/ЯШ),Двухдверный шкаф для одежды Мончелси (модуль/ЯШ),Мончелси,Шкафы,,,Двухдверный шкаф для одежды Мончелси (модуль/ЯШ) | Woodright,Двухдверный шкаф для одежды Мончелси (модуль/ЯШ). Посмотрите размеры и цену на сайте Woodright.,"title: phrased_type_head; added_model:Мончелси; model from collection=monchelsea | description: empty; metadata.dimensions: ширина 120,6 см, глубина 64,5 см, высота 240 см",ambiguous,HOLD,модульный код Мончелси оставлен как есть: расшифровка не подтверждена | описания нет; meta берётся из имени и фактов
prod_01M3VREH9X5ARMTF4TAC06MCJN,mnm-03-1,MNM-03-1,Шкаф для одежды 3-дв. (модуль/П+ЯШ+Ш),Трёхдверный шкаф для одежды Мончелси (модуль/П+ЯШ+Ш),Мончелси,Шкафы,"Шкаф для одежды 3-дв. (модуль/П+ЯШ+Ш)
2400 × 1862 × 645 мм
Порядок: высота, ширина, глубина. Источник - ячейка прайса",,Трёхдверный шкаф для одежды Мончелси (модуль/П+ЯШ+Ш) | Woodright,Трёхдверный шкаф для одежды Мончелси (модуль/П+ЯШ+Ш). Посмотрите размеры и цену на сайте Woodright.,"title: phrased_type_head; added_model:Мончелси; model from collection=monchelsea | description: only title_echo, dimension_line, provenance_line; metadata.dimensions: ширина 186,2 см, глубина 64,5 см, высота 240 см",ambiguous,HOLD,модульный код Мончелси оставлен как есть: расшифровка не подтверждена | в описании только служебные строки прайса - на PDP скрыты; нужен авторский текст по фактам
prod_01M3VREH70QZ9YYSYAFHB2YRDH,mnm-05-2,MNM-05-2,Комод широкий,Широкий комод Мончелси,Мончелси,Комоды,"Комод широкий
828 × 1154 × 574 мм
Порядок: высота, ширина, глубина. Источник - ячейка прайса",,Широкий комод Мончелси | Woodright,"Широкий комод Мончелси. Посмотрите размеры, варианты исполнения и цену на сайте Woodright.","title: phrased_type_head; added_model:Мончелси; model from collection=monchelsea | description: only title_echo, dimension_line, provenance_line; metadata.dimensions: ширина 115,4 см, глубина 57,4 см, высота 82,8 см",strong,HOLD,в описании только служебные строки прайса - на PDP скрыты; нужен авторский текст по фактам
prod_01M3VREHD7SYCQG71NBCAE4GTM,mnm-05-3,MNM-05-3,Комод высокий,Высокий комод Мончелси,Мончелси,Комоды,"Комод высокий
1494 × 602 × 574 мм
Порядок: высота, ширина, глубина. Источник - ячейка прайса",,Высокий комод Мончелси | Woodright,Высокий комод Мончелси. Посмотрите размеры и цену на сайте Woodright.,"title: phrased_type_head; added_model:Мончелси; model from collection=monchelsea | description: only title_echo, dimension_line, provenance_line; metadata.dimensions: ширина 60,2 см, глубина 57,4 см, высота 149,4 см",strong,HOLD,в описании только служебные строки прайса - на PDP скрыты; нужен авторский текст по фактам
prod_01M3VREHE2D996AFVB35AFXAMV,mnm-06-1,MNM-06-1,Столик туалетный с зеркалом,Туалетный столик Мончелси с зеркалом,Мончелси,Столы,,,Туалетный столик Мончелси с зеркалом | Woodright,Туалетный столик Мончелси с зеркалом. Посмотрите размеры и цену на сайте Woodright.,title: phrased_type_head; added_model:Мончелси; model from collection=monchelsea | description: empty; metadata.dimensions: нет,strong,HOLD,описания нет; meta берётся из имени и фактов
prod_01M3VREHGSTHBMJ7W20W9NN583,mnm-06-2,MNM-06-2,Столик туалетный без зеркала,Туалетный столик Мончелси без зеркала,Мончелси,Столы,"Столик туалетный без зеркала
780 × 520 × 1268 мм
Порядок: высота, ширина, глубина. Источник - ячейка прайса",,Туалетный столик Мончелси без зеркала | Woodright,Туалетный столик Мончелси без зеркала. Посмотрите размеры и цену на сайте Woodright.,"title: phrased_type_head; added_model:Мончелси; model from collection=monchelsea | description: only title_echo, dimension_line, provenance_line; metadata.dimensions: ширина 52 см, глубина 126,8 см, высота 78 см",strong,HOLD,в описании только служебные строки прайса - на PDP скрыты; нужен авторский текст по фактам
prod_01M3VREH8HRC18NX2E18S6ZW95,mnm-08-1,MNM-08-1,Тумбочка прикроватная,Прикроватная тумба Мончелси,Мончелси,Тумбы,"Тумбочка прикроватная
566 × 468 × 449 мм
Порядок: высота, ширина, глубина. Источник - ячейка прайса",,Прикроватная тумба Мончелси | Woodright,"Прикроватная тумба Мончелси. Посмотрите размеры, варианты исполнения и цену на сайте Woodright.","title: phrased_type_head; added_model:Мончелси; model from collection=monchelsea | description: only title_echo, dimension_line, provenance_line; metadata.dimensions: ширина 46,8 см, глубина 44,9 см, высота 56,6 см",strong,HOLD,в описании только служебные строки прайса - на PDP скрыты; нужен авторский текст по фактам
prod_01M3VREHPD6694E36J261GTXNT,mnm-09-1,MNM-09-1,Зеркало навесное,Навесное зеркало Мончелси,Мончелси,Зеркала,"Зеркало навесное
700 × 1136 × 22 мм
Порядок: высота, ширина, глубина. Источник - ячейка прайса",,Навесное зеркало Мончелси | Woodright,Навесное зеркало Мончелси. Посмотрите размеры и цену на сайте Woodright.,"title: phrased_type_head; added_model:Мончелси; model from collection=monchelsea | description: only title_echo, dimension_line, provenance_line; metadata.dimensions: ширина 113,6 см, глубина 2,2 см, высота 70 см",strong,HOLD,в описании только служебные строки прайса - на PDP скрыты; нужен авторский текст по фактам
prod_01M3VREHHHN3DGVVD73VC5J251,mnm-09-2,MNM-09-2,Зеркало напольное,Напольное зеркало Мончелси,Мончелси,Зеркала,"Зеркало напольное
1750 × 600 × 450 мм
Порядок: высота, ширина, глубина. Источник - ячейка прайса",,Напольное зеркало Мончелси | Woodright,Напольное зеркало Мончелси. Посмотрите размеры и цену на сайте Woodright.,"title: phrased_type_head; added_model:Мончелси; model from collection=monchelsea | description: only title_echo, dimension_line, provenance_line; metadata.dimensions: ширина 60 см, глубина 45 см, высота 175 см",strong,HOLD,в описании только служебные строки прайса - на PDP скрыты; нужен авторский текст по фактам
prod_01M3VREHJD1HSMMKB9J0PFS3W3,mnm-09-3,MNM-09-3,Зеркало настольное,Настольное зеркало Мончелси,Мончелси,Зеркала,"Зеркало настольное
756 × 556 × 340 мм
Порядок: высота, ширина, глубина. Источник - ячейка прайса",,Настольное зеркало Мончелси | Woodright,Настольное зеркало Мончелси. Посмотрите размеры и цену на сайте Woodright.,"title: phrased_type_head; added_model:Мончелси; model from collection=monchelsea | description: only title_echo, dimension_line, provenance_line; metadata.dimensions: ширина 55,6 см, глубина 34 см, высота 75,6 см",strong,HOLD,в описании только служебные строки прайса - на PDP скрыты; нужен авторский текст по фактам
prod_01KY5SGS08JN8T4F8M43XD5ZTE,mnm-14-2,MNM-14-2,Кровать 1-сп. (90*190) без изножья,Односпальная кровать Мончелси (90 × 190) без изножья,Мончелси,Кровати,,,Односпальная кровать Мончелси (90 × 190) без изножья | Woodright,Односпальная кровать Мончелси (90 × 190) без изножья. Посмотрите размеры и цену на сайте Woodright.,"title: phrased_type_head; added_model:Мончелси; model from collection=monchelsea | description: empty; metadata.dimensions: ширина 111 см, глубина 203 см, высота 105 см",strong,HOLD,описания нет; meta берётся из имени и фактов
prod_01KY5SGS08EMJPXZWFNYH92EMD,mnm-16-2,MNM-16-2,"Кровать 1,5-сп. (140*190) без изножья",Полутораспальная кровать Мончелси (140 × 190) без изножья,Мончелси,Кровати,,,Полутораспальная кровать Мончелси (140 × 190) без изножья | Woodright,Полутораспальная кровать Мончелси (140 × 190) без изножья. Посмотрите размеры и цену на сайте Woodright.,"title: phrased_type_head; added_model:Мончелси; model from collection=monchelsea | description: empty; metadata.dimensions: ширина 161 см, глубина 203 см, высота 106 см",strong,HOLD,описания нет; meta берётся из имени и фактов
prod_01M3VREHQ53H0413K8H6GZZSK3,mnm-18-1,MNM-18-1,Кровать 2-сп. (180*200),Двуспальная кровать Мончелси (180 × 200),Мончелси,Кровати,"Кровать 2-сп. (180*200)
1060 × 2010 × 2130 мм
Порядок: высота, ширина, глубина. Источник - ячейка прайса",,Двуспальная кровать Мончелси (180 × 200) | Woodright,Двуспальная кровать Мончелси (180 × 200). Посмотрите размеры и цену на сайте Woodright.,"title: phrased_type_head; added_model:Мончелси; model from collection=monchelsea | description: only title_echo, dimension_line, provenance_line; metadata.dimensions: ширина 201 см, глубина 213 см, высота 106 см",strong,HOLD,в описании только служебные строки прайса - на PDP скрыты; нужен авторский текст по фактам
prod_01M3VREHC86DYRZ67HBKJM5VRR,mnm-23-1,MNM-23-1,Стул,Стул Мончелси,Мончелси,Стулья,"Стул
905 × 480 × 460 мм
Порядок: высота, ширина, глубина. Источник - ячейка прайса",,Стул Мончелси | Woodright,Стул Мончелси. Посмотрите размеры и цену на сайте Woodright.,"title: added_model:Мончелси; model from collection=monchelsea | description: only title_echo, dimension_line, provenance_line; metadata.dimensions: ширина 48 см, глубина 46 см, высота 90,5 см",strong,HOLD,в описании только служебные строки прайса - на PDP скрыты; нужен авторский текст по фактам
prod_01M3VREHK9R85YVPXQE82DA9NP,mnm-42-1,MNM-42-1,Тумба для телевизора,Тумба для телевизора Мончелси,Мончелси,Тумбы,"Тумба для телевизора
600 × 1454 × 416 мм
Порядок: высота, ширина, глубина. Источник - ячейка прайса",,Тумба для телевизора Мончелси | Woodright,Тумба для телевизора Мончелси. Посмотрите размеры и цену на сайте Woodright.,"title: added_model:Мончелси; model from collection=monchelsea | description: only title_echo, dimension_line, provenance_line; metadata.dimensions: ширина 145,4 см, глубина 41,6 см, высота 60 см",strong,HOLD,в описании только служебные строки прайса - на PDP скрыты; нужен авторский текст по фактам
prod_01M3VREHB4V261GDWSYMVBYEP1,mnm-55-1,MNM-55-1,Банкетка малая,Малая банкетка Мончелси,Мончелси,Скамейки,"Банкетка малая
460 × 470 × 390 мм
Порядок: высота, ширина, глубина. Источник - ячейка прайса",,Малая банкетка Мончелси | Woodright,Малая банкетка Мончелси. Посмотрите размеры и цену на сайте Woodright.,"title: phrased_type_head; added_model:Мончелси; model from collection=monchelsea | description: only title_echo, dimension_line, provenance_line; metadata.dimensions: ширина 47 см, глубина 39 см, высота 46 см",strong,HOLD,в описании только служебные строки прайса - на PDP скрыты; нужен авторский текст по фактам
prod_01M3VREHEY0RJA9E95870AHHH7,mnm-57-3,MNM-57-3,Диван с выкатной кроватью,Диван Мончелси с выкатной кроватью,Мончелси,Диваны,"Диван с выкатной кроватью
1060 × 2110 × 982 мм
Порядок: высота, ширина, глубина. Источник - ячейка прайса",,Диван Мончелси с выкатной кроватью | Woodright,Диван Мончелси с выкатной кроватью. Посмотрите размеры и цену на сайте Woodright.,"title: added_model:Мончелси; model from collection=monchelsea | description: only title_echo, dimension_line, provenance_line; metadata.dimensions: ширина 211 см, глубина 98,2 см, высота 106 см",strong,HOLD,в описании только служебные строки прайса - на PDP скрыты; нужен авторский текст по фактам
prod_01M3VREHFW9W1EQ4GQKP678ACW,mnm-61-1,MNM-61-1,Шкаф книжный 2-дв. (модуль),Двухдверный книжный шкаф Мончелси (модуль),Мончелси,Шкафы,"Шкаф книжный 2-дв. (модуль)
2400 × 1206 × 453 мм
Порядок: высота, ширина, глубина. Источник - ячейка прайса",,Двухдверный книжный шкаф Мончелси (модуль) | Woodright,"Двухдверный книжный шкаф Мончелси (модуль). Посмотрите размеры, варианты исполнения и цену на сайте Woodright.","title: phrased_type_head; added_model:Мончелси; model from collection=monchelsea | description: only title_echo, dimension_line, provenance_line; metadata.dimensions: ширина 120,6 см, глубина 45,3 см, высота 240 см",strong,HOLD,в описании только служебные строки прайса - на PDP скрыты; нужен авторский текст по фактам
prod_01M3VREHQVNPX2YDE2G9Y90V7J,mnm-61-3,MNM-61-3,Шкаф книжный 1-дв. (модуль/ручка справа),Однодверный книжный шкаф Мончелси (модуль/ручка справа),Мончелси,Шкафы,"Шкаф книжный 1-дв. (модуль/ручка справа)
2400 × 654 × 453 мм
Порядок: высота, ширина, глубина. Источник - ячейка прайса",,Однодверный книжный шкаф Мончелси (модуль/ручка справа) | Woodright,Однодверный книжный шкаф Мончелси (модуль/ручка справа). Посмотрите размеры и цену на сайте Woodright.,"title: phrased_type_head; added_model:Мончелси; model from collection=monchelsea | description: only title_echo, dimension_line, provenance_line; metadata.dimensions: ширина 65,4 см, глубина 45,3 см, высота 240 см",strong,HOLD,в описании только служебные строки прайса - на PDP скрыты; нужен авторский текст по фактам
prod_01M3VREHRK86YR9BP37EFAM9EM,mnm-62-1,MNM-62-1,Секция угловая открытая (модуль),Открытая угловая секция Мончелси (модуль),Мончелси,Стеллажи,"Секция угловая открытая (модуль)
2400 × 453 × 453 мм
Порядок: высота, ширина, глубина. Источник - ячейка прайса",,Открытая угловая секция Мончелси (модуль) | Woodright,Открытая угловая секция Мончелси (модуль). Посмотрите размеры и цену на сайте Woodright.,"title: phrased_type_head; added_model:Мончелси; model from collection=monchelsea | description: only title_echo, dimension_line, provenance_line; metadata.dimensions: ширина 45,3 см, глубина 45,3 см, высота 240 см",strong,HOLD,в описании только служебные строки прайса - на PDP скрыты; нужен авторский текст по фактам
prod_01M3VREHM1NKKATPA52EX577H0,mnm-65-4,MNM-65-4,Стол письменный 1-тумб. Я0,Однотумбовый письменный стол Мончелси (тумба с ящиками слева),Мончелси,Столы,"Стол письменный 1-тумб. Я0
780 × 1200 × 600 мм
Порядок: высота, ширина, глубина. Источник - ячейка прайса",,Однотумбовый письменный стол Мончелси (тумба с ящиками слева) | Woodright,Однотумбовый письменный стол Мончелси (тумба с ящиками слева). Посмотрите размеры и цену на сайте Woodright.,"title: expanded_desk_code; phrased_type_head; added_model:Мончелси; model from collection=monchelsea | description: only title_echo, dimension_line, provenance_line; metadata.dimensions: ширина 120 см, глубина 60 см, высота 78 см",strong,HOLD,в описании только служебные строки прайса - на PDP скрыты; нужен авторский текст по фактам
prod_01M3VREHMTW2F0SYSCY8MDJCHM,mnm-66-3,MNM-66-3,Стол письменный 2-тумб. ЯП,"Двухтумбовый письменный стол Мончелси (ящики слева, полки справа)",Мончелси,Столы,"Стол письменный 2-тумб. ЯП
780 × 1680 × 700 мм
Порядок: высота, ширина, глубина. Источник - ячейка прайса",,"Двухтумбовый письменный стол Мончелси (ящики слева, полки справа) | Woodright","Двухтумбовый письменный стол Мончелси (ящики слева, полки справа). Посмотрите размеры и цену на сайте Woodright.","title: expanded_pedestal:ЯП; normalized_2_tumb_when_pedestal_expanded; added_collection:Мончелси; phrased_type_head; model from collection=monchelsea | description: only title_echo, dimension_line, provenance_line; metadata.dimensions: ширина 168 см, глубина 70 см, высота 78 см",strong,HOLD,в описании только служебные строки прайса - на PDP скрыты; нужен авторский текст по фактам
prod_01M3VREHSB20J361750CAVRX72,mnm-69-1,MNM-69-1,Полка навесная (модуль),Навесная полка Мончелси (модуль),Мончелси,Полки,"Полка навесная (модуль)
417 × 1406 × 453 мм
Порядок: высота, ширина, глубина. Источник - ячейка прайса",,Навесная полка Мончелси (модуль) | Woodright,Навесная полка Мончелси (модуль). Посмотрите размеры и цену на сайте Woodright.,"title: phrased_type_head; added_model:Мончелси; model from collection=monchelsea | description: only title_echo, dimension_line, provenance_line; metadata.dimensions: ширина 140,6 см, глубина 45,3 см, высота 41,7 см",strong,HOLD,в описании только служебные строки прайса - на PDP скрыты; нужен авторский текст по фактам
prod_01M3VREHNM2MF3H8BT7HTQJRRA,mnm-69-2,MNM-69-2,Полка навесная с дверкой (модуль),Навесная полка Мончелси с дверкой (модуль),Мончелси,Полки,"Полка навесная с дверкой (модуль)
515 × 2138 × 373 мм
Порядок: высота, ширина, глубина. Источник - ячейка прайса",,Навесная полка Мончелси с дверкой (модуль) | Woodright,Навесная полка Мончелси с дверкой (модуль). Посмотрите размеры и цену на сайте Woodright.,"title: phrased_type_head; added_model:Мончелси; model from collection=monchelsea | description: only title_echo, dimension_line, provenance_line; metadata.dimensions: ширина 213,8 см, глубина 37,3 см, высота 51,5 см",strong,HOLD,в описании только служебные строки прайса - на PDP скрыты; нужен авторский текст по фактам
prod_01KV69A7AMXJPFM3MR6GX0YJP8,mo-02-1,mo-02-1,"Шкаф для одежды 2-дв. Molly, высокий",Высокий двухдверный шкаф для одежды Вилли Винки,Вилли Винки,Шкафы,"Двухдверный шкаф для одежды серии Molly (Willie Winkie) в высокой версии - основное хранение детской комнаты. Высокая версия корпуса - вертикальное хранение, которое не требует дополнительной ширины стены.

Роспись Molly объединяет шкаф с детским столиком той же серии.

Есть варианты исполнения - уточним в заявке",,"Высокий двухдверный шкаф для одежды Вилли Винки, роспись «Молли» | Woodright",Двухдверный шкаф для одежды серии Molly (Willie Winkie) в высокой версии - основное хранение детской комнаты.,title: stripped_selectable_motif:Molly; phrased_type_head; added_model:Вилли Винки; model from collection=willie-winkie | seo name: painting from metadata.motif_slug=molly,exact,APPLY,"общая фраза об исполнении: на PDP остаётся, в meta/JSON-LD не идёт | в описании латиница в названии коллекции (H1 - кириллица); правка текста - решение владельца"
prod_01KV69A7AMTWYR1CTV1G1RFFBC,mo-81-1,mo-81-1,Столик детский Molly,Детский столик Вилли Винки,Вилли Винки,Столы,"Детский столик серии Molly (Willie Winkie) - стол детского масштаба для рисования, лепки и настольных игр. Роспись Molly задаёт столику собственный сюжет; в серии есть высокий шкаф с тем же мотивом.

Есть варианты исполнения - уточним в заявке",,"Детский столик Вилли Винки, роспись «Молли» | Woodright","Детский столик серии Molly (Willie Winkie) - стол детского масштаба для рисования, лепки и настольных игр.",title: stripped_selectable_motif:Molly; phrased_type_head; added_model:Вилли Винки; model from collection=willie-winkie | seo name: painting from metadata.motif_slug=molly,exact,APPLY,"общая фраза об исполнении: на PDP остаётся, в meta/JSON-LD не идёт | в описании латиница в названии коллекции (H1 - кириллица); правка текста - решение владельца"
prod_01KNTBXADCXPESM7CPF6NQGBDK,ol-00-1,OL-00-1,Шкаф угловой (ручка слева/справа),Угловой шкаф Оливер,Оливер,Шкафы,"Угловой шкаф Oliver занимает 67 × 67 см в плане при высоте 206 см - он забирает под хранение угол, который в спальне или детской чаще всего простаивает. Сторону навески двери выбирают при заказе - левую или правую, под конкретную расстановку.

Хорошо работает в связке с одно- и двухдверными шкафами линейки, продолжая их фронт за угол.

Есть варианты исполнения - уточним в заявке",,Угловой шкаф Оливер | Woodright,"Угловой шкаф Oliver занимает 67 × 67 см в плане при высоте 206 см - он забирает под хранение угол, который в спальне или детской чаще всего простаивает.",title: stripped_hinge_side_parenthetical; phrased_type_head; added_model:Оливер; model from collection=oliver,exact,APPLY,"общая фраза об исполнении: на PDP остаётся, в meta/JSON-LD не идёт | в описании латиница в названии коллекции (H1 - кириллица); правка текста - решение владельца"
prod_01KNTBXADCVVSRFRFK60X78V93,ol-01-2,OL-01-2,Шкаф для одежды 1-дв. с зеркалом (ручка слева/справа),Однодверный шкаф для одежды Оливер с зеркалом,Оливер,Шкафы,"Однодверный шкаф Oliver шириной 81 см с зеркалом в дверце - формат для комнаты, где полноценный гардероб не встаёт, а зеркало в рост нужно. Высота 211 см, глубина 54 см - стандартная под плечики.

Сторона навески двери выбирается при заказе, поэтому шкаф одинаково удобно ставить по любую сторону от окна или кровати. Может дополнять двух- и трёхдверные шкафы линейки.

Есть варианты исполнения - уточним в заявке",,Однодверный шкаф для одежды Оливер с зеркалом | Woodright,"Однодверный шкаф Oliver шириной 81 см с зеркалом в дверце - формат для комнаты, где полноценный гардероб не встаёт, а зеркало в рост нужно.",title: stripped_hinge_side_parenthetical; phrased_type_head; added_model:Оливер; model from collection=oliver,exact,APPLY,"общая фраза об исполнении: на PDP остаётся, в meta/JSON-LD не идёт | в описании латиница в названии коллекции (H1 - кириллица); правка текста - решение владельца"
prod_01KNTBXADCQ78KTFDG2CFXRDER,ol-02-1,OL-02-1,Шкаф для одежды 2-дв.,Двухдверный шкаф для одежды Оливер,Оливер,Шкафы,"Основной платяной шкаф коллекции Oliver: две дверцы, фронт 123 см, высота 211 см, глубина 54 см. Это средний формат линейки - шире узкого однодверного, но не требующий отдельной стены, как трёхдверный.

Спокойный корпус в характере коллекции легко объединяется с комодами и тумбами Oliver в одну спальню.

Есть варианты исполнения - уточним в заявке",,Двухдверный шкаф для одежды Оливер | Woodright,"Основной платяной шкаф коллекции Oliver: две дверцы, фронт 123 см, высота 211 см, глубина 54 см.",title: phrased_type_head; added_model:Оливер; model from collection=oliver,exact,APPLY,"общая фраза об исполнении: на PDP остаётся, в meta/JSON-LD не идёт | в описании латиница в названии коллекции (H1 - кириллица); правка текста - решение владельца"
prod_01KNTBXADCYJKGNAPE1WGQJBQZ,ol-03-1,OL-03-1,Шкаф для одежды 3-дв.,Трёхдверный шкаф для одежды Оливер,Оливер,Шкафы,"Самый большой платяной шкаф Oliver: три дверцы, фронт 179 см, глубина 64 см, высота 235 см. Это уже не отдельный предмет, а полноценная система хранения на всю стену - для семейной спальни или комнаты, где шкаф заменяет гардеробную.

Увеличенная относительно остальных шкафов линейки глубина оставляет запас под объёмные вещи.

Есть варианты исполнения - уточним в заявке",,Трёхдверный шкаф для одежды Оливер | Woodright,"Самый большой платяной шкаф Oliver: три дверцы, фронт 179 см, глубина 64 см, высота 235 см.",title: phrased_type_head; added_model:Оливер; model from collection=oliver,exact,APPLY,"общая фраза об исполнении: на PDP остаётся, в meta/JSON-LD не идёт | в описании латиница в названии коллекции (H1 - кириллица); правка текста - решение владельца"
prod_01KNTBXADDACBVH2BM1JSB2MWH,ol-05-1,OL-05-1,Комод стандартный,Стандартный комод Оливер,Оливер,Комоды,"Базовый комод коллекции Oliver: 90 см в ширину, 55,5 см в глубину, 81 см в высоту. Формат, который встаёт почти в любую спальню - у стены, под окном или напротив кровати, - а столешница на удобной высоте остаётся рабочей поверхностью для мелочей.

В линейке есть широкая и высокая версии с теми же пропорциями фасадов, так что комоды можно комбинировать между собой.

Есть варианты исполнения - уточним в заявке",,Стандартный комод Оливер | Woodright,"Базовый комод коллекции Oliver: 90 см в ширину, 55,5 см в глубину, 81 см в высоту.",title: phrased_type_head; added_model:Оливер; model from collection=oliver,exact,APPLY,"общая фраза об исполнении: на PDP остаётся, в meta/JSON-LD не идёт | в описании латиница в названии коллекции (H1 - кириллица); правка текста - решение владельца"
prod_01KNTBXADD48JACA24PC4TXVCC,ol-05-2,OL-05-2,Комод широкий,Широкий комод Оливер,Оливер,Комоды,"Широкая версия комода Oliver: 130 см по фронту при стандартных для линейки высоте 81 см и глубине 55,5 см. Дополнительные 40 см ширины относительно базовой модели дают заметно больше места в каждом ящике, а длинная столешница работает как низкая консоль - под зеркало, лампу или те вещи, которым не нашлось ящика.

Есть варианты исполнения - уточним в заявке",,Широкий комод Оливер | Woodright,"Широкая версия комода Oliver: 130 см по фронту при стандартных для линейки высоте 81 см и глубине 55,5 см.",title: phrased_type_head; added_model:Оливер; model from collection=oliver,exact,APPLY,"общая фраза об исполнении: на PDP остаётся, в meta/JSON-LD не идёт | в описании латиница в названии коллекции (H1 - кириллица); правка текста - решение владельца"
prod_01KNTBXADDP2V5W6AKD074YRVF,ol-05-3,OL-05-3,Комод высокий,Высокий комод Оливер,Оливер,Комоды,"Высокий комод Oliver разворачивает хранение по вертикали: при фронте всего 76 см он поднимается на 132 см - это те же объёмы, что у широкой модели, но на вдвое меньшей площади стены. Вариант для комнат, где каждый погонный сантиметр на счету.

В линейке есть версия ниже на один ярус ящиков - если подоконник или навесная полка ограничивают высоту.

Есть варианты исполнения - уточним в заявке",,Высокий комод Оливер | Woodright,"Высокий комод Oliver - 132 см, хранение вверх при узком фронте 76 см.",title: phrased_type_head; added_model:Оливер; model from collection=oliver,exact,APPLY,"общая фраза об исполнении: на PDP остаётся, в meta/JSON-LD не идёт | в описании латиница в названии коллекции (H1 - кириллица); правка текста - решение владельца"
prod_01KNTBXADDBV29TSGTAFZN9W5J,ol-05-n,OL-05-Н,Комод высокий (ниже на 1 ярус ящиков),Высокий комод Оливер (ниже на 1 ярус ящиков),Оливер,Комоды,"Та же вертикальная компоновка, что у высокого комода Oliver, но на один ярус ящиков ниже: 114 см вместо 132 см при том же фронте 76 см. Формат под ситуации, где полной высоте что-то мешает - окно, картина, скошенный потолок мансарды.

Столешница при этом остаётся в зоне досягаемости, ей удобно пользоваться как полкой.

Есть варианты исполнения - уточним в заявке",,Высокий комод Оливер (ниже на 1 ярус ящиков) | Woodright,"Та же вертикальная компоновка, что у высокого комода Oliver, но на один ярус ящиков ниже: 114 см вместо 132 см при том же фронте 76 см.",title: phrased_type_head; added_model:Оливер; model from collection=oliver,exact,APPLY,"общая фраза об исполнении: на PDP остаётся, в meta/JSON-LD не идёт | в описании латиница в названии коллекции (H1 - кириллица); правка текста - решение владельца"
prod_01KNTBXADD0VJ53P78YSGNCRDG,ol-06-1,OL-06-1,Столик туалетный с зеркалом,Туалетный столик Оливер с зеркалом,Оливер,Шкафы,"Туалетный столик Oliver с надстроенным зеркалом: ширина 113 см, глубина 44 см, общая высота с зеркалом 143 см. Это отдельное, своё место в спальне - для косметики, украшений и утренних сборов, которое избавляет от очереди к зеркалу в ванной.

Небольшая глубина позволяет поставить столик даже в узком простенке. В пару подойдёт банкетка Oliver.

Есть варианты исполнения - уточним в заявке",,Туалетный столик Оливер с зеркалом | Woodright,"Туалетный столик Oliver с надстроенным зеркалом: ширина 113 см, глубина 44 см, общая высота с зеркалом 143 см.",title: phrased_type_head; added_model:Оливер; model from collection=oliver,exact,APPLY,"общая фраза об исполнении: на PDP остаётся, в meta/JSON-LD не идёт | в описании латиница в названии коллекции (H1 - кириллица); правка текста - решение владельца"
prod_01KNTBXADDKNMB17WD6NVSNRCY,ol-07-1,OL-07-1,Сундук,Сундук Оливер,Оливер,Сундуки,"Сундук Oliver - 82 см в длину, 45 см в глубину и 55 см в высоту, корпус с тканевой обивкой. Классическое место - у изножья кровати, где сундук завершает её силуэт.

Обивка выбирается при заказе из четырёх тканей: Leona, Linda, Lorna или Lillian - можно поддержать ткань изголовья кровати Oliver или взять контраст.

Есть варианты исполнения - уточним в заявке",,Сундук Оливер | Woodright,"Сундук Oliver - 82 см в длину, 45 см в глубину и 55 см в высоту, корпус с тканевой обивкой.",title: added_model:Оливер; model from collection=oliver,exact,APPLY,"общая фраза об исполнении: на PDP остаётся, в meta/JSON-LD не идёт | в описании латиница в названии коллекции (H1 - кириллица); правка текста - решение владельца"
prod_01KNTBXADE04TT9T88M1SRC2T7,ol-08-1,OL-08-1,Тумбочка прикроватная,Прикроватная тумба Оливер,Оливер,Тумбы,"Тумбочка прикроватная.

Есть варианты исполнения - уточним в заявке",Есть варианты исполнения - уточним в заявке,Прикроватная тумба Оливер | Woodright,"Прикроватная тумба Оливер. Посмотрите размеры, варианты исполнения и цену на сайте Woodright.",title: phrased_type_head; added_model:Оливер; model from collection=oliver | description: removed title_echo,ambiguous,HOLD,"общая фраза об исполнении: на PDP остаётся, в meta/JSON-LD не идёт | product-copy-unresolved: identity_conflict"
prod_01KNTBXADE4BY5ASV1EEQ9SQHZ,ol-08-1-mirror,OL-08-1-MIR,Зеркало навесное овальное,Овальное навесное зеркало Оливер,Оливер,Зеркала,"Зеркало навесное овальное.

Есть варианты исполнения - уточним в заявке",Есть варианты исполнения - уточним в заявке,Овальное навесное зеркало Оливер | Woodright,Овальное навесное зеркало Оливер. Посмотрите размеры и цену на сайте Woodright.,title: phrased_type_head; added_model:Оливер; model from collection=oliver | description: removed title_echo,ambiguous,HOLD,"общая фраза об исполнении: на PDP остаётся, в meta/JSON-LD не идёт | product-copy-unresolved: identity_conflict"
prod_01KNTBXADECY5WKNET16F2ET5W,ol-08-2,OL-08-2,Тумбочка прикроватная с дверкой (ручка слева/справа),Прикроватная тумба Оливер с дверкой,Оливер,Тумбы,"Версия прикроватной тумбочки Oliver с дверкой вместо открытой ниши: те же 50 × 45,5 см при высоте 65 см, но всё содержимое скрыто за фасадом. Сторона навески дверки выбирается при заказе - левая или правая, - поэтому пара тумбочек по обе стороны кровати открывается зеркально, «от кровати».

Есть варианты исполнения - уточним в заявке",,Прикроватная тумба Оливер с дверкой | Woodright,"Версия прикроватной тумбочки Oliver с дверкой вместо открытой ниши: те же 50 × 45,5 см при высоте 65 см, но всё содержимое скрыто за фасадом.",title: stripped_hinge_side_parenthetical; phrased_type_head; added_model:Оливер; model from collection=oliver,exact,APPLY,"общая фраза об исполнении: на PDP остаётся, в meta/JSON-LD не идёт | в описании латиница в названии коллекции (H1 - кириллица); правка текста - решение владельца"
prod_01KNTBXADFZ5RFACJQDNSGM6D2,ol-09-2,OL-09-2,Зеркало напольное,Напольное зеркало Оливер,Оливер,Зеркала,"Напольное зеркало Oliver высотой 159 см показывает отражение в полный рост и при этом не привязано к стене - его можно переставлять по комнате вслед за светом или перестановкой. Основание глубиной 48 см держит зеркало устойчиво.

Логичное дополнение к шкафам линейки без зеркальных дверец.

Есть варианты исполнения - уточним в заявке",,Напольное зеркало Оливер | Woodright,"Напольное зеркало Oliver в рост - 66 × 159 см, не требует сверления стен.",title: phrased_type_head; added_model:Оливер; model from collection=oliver,exact,APPLY,"общая фраза об исполнении: на PDP остаётся, в meta/JSON-LD не идёт | в описании латиница в названии коллекции (H1 - кириллица); правка текста - решение владельца"
prod_01KNTBXADFFPGAVHK024D20MEQ,ol-14-1,OL-14-1,Кровать 1-сп. (90×190),Односпальная кровать Оливер (90 × 190),Оливер,Кровати,"Односпальная кровать Oliver под матрас 90 × 190 см: ширина корпуса 99 см, длина 203 см, высокое изголовье 115 см. Обивка выбирается из двух тканей - Lorna или Lillian, - за счёт чего даже компактная кровать выглядит законченным предметом, а не времянкой.

Формат для детской, подростковой или гостевой комнаты; есть версия без изножья, если проход вдоль кровати совсем узкий.

Есть варианты исполнения - уточним в заявке",,Односпальная кровать Оливер (90 × 190) | Woodright,"Односпальная кровать Oliver под матрас 90 × 190 см: ширина корпуса 99 см, длина 203 см, высокое изголовье 115 см.",title: phrased_type_head; added_model:Оливер; model from collection=oliver,exact,APPLY,"общая фраза об исполнении: на PDP остаётся, в meta/JSON-LD не идёт | в описании латиница в названии коллекции (H1 - кириллица); правка текста - решение владельца"
prod_01KNTBXADFNYAQGPEQKCM4NPZE,ol-14-2,OL-14-2,Кровать 1-сп. (90×190) без изножья,Односпальная кровать Оливер (90 × 190) без изножья,Оливер,Кровати,"Та же односпальная кровать Oliver под матрас 90 × 190 см, но без изножья: открытый нижний край упрощает уборку, не бьёт по ногам в тесном проходе и зрительно укорачивает кровать. Корпус 99 × 203 см, изголовье высотой 115 см с обивкой на выбор - ткань Lorna или Lillian.

Есть варианты исполнения - уточним в заявке",,Односпальная кровать Оливер (90 × 190) без изножья | Woodright,Односпальная кровать Oliver без изножья - открытый край экономит место в узкой комнате.,title: phrased_type_head; added_model:Оливер; model from collection=oliver,exact,APPLY,"общая фраза об исполнении: на PDP остаётся, в meta/JSON-LD не идёт | в описании латиница в названии коллекции (H1 - кириллица); правка текста - решение владельца"
prod_01KNTBXADF36E724RQTW6Z73B0,ol-15-1,OL-15-1,"Кровать 1,5-сп. (120×190)",Полутораспальная кровать Оливер (120 × 190),Оливер,Кровати,"Полуторная кровать Oliver под матрас 120 × 190 см - формат для одного человека, которому нужен запас ширины. Корпус 129 см в ширину и 203 см в длину, изголовье поднято на 115 см и держит кровать главным предметом комнаты.

Промежуточное звено линейки между односпальной и двуспальными моделями; есть парная версия без изножья.

Есть варианты исполнения - уточним в заявке",,Полутораспальная кровать Оливер (120 × 190) | Woodright,"Полуторная кровать Oliver под матрас 120 × 190 см - формат для одного человека, которому нужен запас ширины.",title: phrased_type_head; added_model:Оливер; model from collection=oliver,exact,APPLY,"общая фраза об исполнении: на PDP остаётся, в meta/JSON-LD не идёт | в описании латиница в названии коллекции (H1 - кириллица); правка текста - решение владельца"
prod_01KNTBXADG6TFW8WB9SPQ4JTGD,ol-15-2,OL-15-2,"Кровать 1,5-сп. (120×190) без изножья",Полутораспальная кровать Оливер (120 × 190) без изножья,Оливер,Кровати,"Версия полуторной кровати Oliver без изножья: матрас 120 × 190 см, корпус 129 × 203 см, изголовье 115 см. Открытый нижний край делает силуэт легче и освобождает проход - в комнате, где кровать стоит изножьем к двери или шкафу, это ощутимая разница.

Есть варианты исполнения - уточним в заявке",,Полутораспальная кровать Оливер (120 × 190) без изножья | Woodright,"Версия полуторной кровати Oliver без изножья: матрас 120 × 190 см, корпус 129 × 203 см, изголовье 115 см.",title: phrased_type_head; added_model:Оливер; model from collection=oliver,exact,APPLY,"общая фраза об исполнении: на PDP остаётся, в meta/JSON-LD не идёт | в описании латиница в названии коллекции (H1 - кириллица); правка текста - решение владельца"
prod_01KNTBXADGPHKZEWKKT477WNR7,ol-16-1,OL-16-1,"Кровать 1,5-сп. (140×190)",Полутораспальная кровать Оливер (140 × 190),Оливер,Кровати,"Кровать Oliver под матрас 140 × 190 см - самый компактный формат, на котором уже спят вдвоём. Корпус 149 × 203 см, высокое изголовье 115 см с тканевой обивкой - Lorna или Lillian на выбор.

Подходит для спальни, где полноразмерная двуспальная кровать съела бы весь проход.

Есть варианты исполнения - уточним в заявке",,Полутораспальная кровать Оливер (140 × 190) | Woodright,"Кровать Oliver под матрас 140 × 190 см - самый компактный формат, на котором уже спят вдвоём.",title: phrased_type_head; added_model:Оливер; model from collection=oliver,exact,APPLY,"общая фраза об исполнении: на PDP остаётся, в meta/JSON-LD не идёт | в описании латиница в названии коллекции (H1 - кириллица); правка текста - решение владельца"
prod_01KNTBXADGH3EK5BM3RAZ2Z7KT,ol-16-2,OL-16-2,"Кровать 1,5-сп. (140×190) без изножья",Полутораспальная кровать Оливер (140 × 190) без изножья,Оливер,Кровати,"Кровать Oliver под матрас 140 × 190 см в версии без изножья. Открытый край убирает визуальную границу в ногах и оставляет свободным проход - для небольшой спальни это способ получить двуспальный формат без ощущения тесноты.

Изголовье высотой 115 см обивается тканью Lorna или Lillian.

Есть варианты исполнения - уточним в заявке",,Полутораспальная кровать Оливер (140 × 190) без изножья | Woodright,Кровать Oliver под матрас 140 × 190 см в версии без изножья.,title: phrased_type_head; added_model:Оливер; model from collection=oliver,exact,APPLY,"общая фраза об исполнении: на PDP остаётся, в meta/JSON-LD не идёт | в описании латиница в названии коллекции (H1 - кириллица); правка текста - решение владельца"
prod_01KNTBXADHWB8K6BN1ZBM7WEWG,ol-17-1,OL-17-1,Кровать 2-сп. (160×200),Двуспальная кровать Оливер (160 × 200),Оливер,Кровати,"Основная двуспальная кровать Oliver: матрас 160 × 200 см, корпус 169 × 213 см, изголовье высотой 118 см. Высокое тканевое изголовье - Lorna или Lillian на выбор - собирает спальню вокруг кровати и делает удобной посадку с книгой.

Вокруг этого формата строится остальная линейка: версия без изножья, версия с подъёмным механизмом и широкая 180 × 200 см.

Есть варианты исполнения - уточним в заявке",,Двуспальная кровать Оливер (160 × 200) | Woodright,"Основная двуспальная кровать Oliver: матрас 160 × 200 см, корпус 169 × 213 см, изголовье высотой 118 см.",title: phrased_type_head; added_model:Оливер; model from collection=oliver,exact,APPLY,"общая фраза об исполнении: на PDP остаётся, в meta/JSON-LD не идёт | в описании латиница в названии коллекции (H1 - кириллица); правка текста - решение владельца"
prod_01KNTBXADHZ2MG5CDS4EAVG1RJ,ol-17-2,OL-17-2,Кровать 2-сп. (160×200) без изножья,Двуспальная кровать Оливер (160 × 200) без изножья,Оливер,Кровати,"Двуспальная кровать Oliver 160 × 200 см без изножья: корпус 169 × 213 см, изголовье 118 см с обивкой Lorna или Lillian. Вариант для спальни, где в ногах кровати проходит основной маршрут - открытый край не цепляет и зрительно освобождает центр комнаты.

Есть варианты исполнения - уточним в заявке",,Двуспальная кровать Оливер (160 × 200) без изножья | Woodright,"Двуспальная кровать Oliver 160 × 200 см без изножья: корпус 169 × 213 см, изголовье 118 см с обивкой Lorna или Lillian.",title: phrased_type_head; added_model:Оливер; model from collection=oliver,exact,APPLY,"общая фраза об исполнении: на PDP остаётся, в meta/JSON-LD не идёт | в описании латиница в названии коллекции (H1 - кириллица); правка текста - решение владельца"
prod_01KNTBXADH2J4J6TDA5AHYNVV7,ol-17-3,OL-17-3,Кровать 2-сп. (160×200) с подъёмным механизмом,Двуспальная кровать Оливер (160 × 200) с подъёмным механизмом,Оливер,Кровати,"Двуспальная кровать Oliver 160 × 200 см с подъёмным механизмом: основание с матрасом поднимается, открывая место для хранения под матрасом. Габариты корпуса - 169 × 213 см.

Изголовье высотой 118 см, обивка - Lorna или Lillian.

Есть варианты исполнения - уточним в заявке",,Двуспальная кровать Оливер (160 × 200) с подъёмным механизмом | Woodright,"Двуспальная кровать Oliver 160 × 200 см с подъёмным механизмом: основание с матрасом поднимается, открывая место для хранения под матрасом.",title: phrased_type_head; added_model:Оливер; model from collection=oliver,exact,APPLY,"общая фраза об исполнении: на PDP остаётся, в meta/JSON-LD не идёт | в описании латиница в названии коллекции (H1 - кириллица); правка текста - решение владельца"
prod_01KNTBXADHE1YFJS2VEPCRJJBN,ol-18-1,OL-18-1,Кровать 2-сп. (180×200),Двуспальная кровать Оливер (180 × 200),Оливер,Кровати,"Самая широкая кровать Oliver: матрас 180 × 200 см, корпус 189 × 213 см. Формат для просторной спальни - вдвоём на таком матрасе не делят территорию.

Изголовье высотой 118 см с тканевой обивкой Lorna или Lillian удерживает пропорции даже при такой ширине; в пару подойдут прикроватные тумбочки линейки.

Есть варианты исполнения - уточним в заявке",,Двуспальная кровать Оливер (180 × 200) | Woodright,"Самая широкая кровать Oliver: матрас 180 × 200 см, корпус 189 × 213 см. Формат для просторной спальни - вдвоём на таком матрасе не делят территорию.",title: phrased_type_head; added_model:Оливер; model from collection=oliver,exact,APPLY,"общая фраза об исполнении: на PDP остаётся, в meta/JSON-LD не идёт | в описании латиница в названии коллекции (H1 - кириллица); правка текста - решение владельца"
prod_01KNTBXADJ9A2N7GQFHZ4JTGD8,ol-18-2,OL-18-2,Кровать 2-сп. (180×200) без изножья,Двуспальная кровать Оливер (180 × 200) без изножья,Оливер,Кровати,"Широкая двуспальная кровать Oliver 180 × 200 см в версии без изножья. При корпусе почти два метра шириной открытый нижний край важен вдвойне: он не даёт кровати превратиться в закрытый «короб» и сохраняет проход.

Изголовье 118 см, обивка на выбор - Lorna или Lillian.

Есть варианты исполнения - уточним в заявке",,Двуспальная кровать Оливер (180 × 200) без изножья | Woodright,Широкая двуспальная кровать Oliver 180 × 200 см в версии без изножья.,title: phrased_type_head; added_model:Оливер; model from collection=oliver,exact,APPLY,"общая фраза об исполнении: на PDP остаётся, в meta/JSON-LD не идёт | в описании латиница в названии коллекции (H1 - кириллица); правка текста - решение владельца"
prod_01KNTBXADJNM2C7N1WJDACRGR2,ol-21-1,OL-21-1,Стол обеденный раздвижной,Раздвижной обеденный стол Оливер,Оливер,Столы,"Обеденный стол Oliver с раздвижной столешницей: в разложенном виде 194 × 100 см - за таким столом свободно рассаживается большая семья с гостями. Механизм раскладки позволяет держать стол компактнее в будни и раскрывать его по случаю.

Высота - стандартные 78 см; стулья Oliver с обивкой на выбор продолжают комплект.

Есть варианты исполнения - уточним в заявке",,Раздвижной обеденный стол Оливер | Woodright,Обеденный стол Oliver с раздвижной столешницей: в разложенном виде 194 × 100 см - за таким столом свободно рассаживается большая семья с гостями.,title: phrased_type_head; added_model:Оливер; model from collection=oliver,exact,APPLY,"общая фраза об исполнении: на PDP остаётся, в meta/JSON-LD не идёт | в описании латиница в названии коллекции (H1 - кириллица); правка текста - решение владельца"
prod_01KNTBXADJHD78QK7PQ1FM260H,ol-23-1,OL-23-1,Стул,Стул Оливер,Оливер,Стулья,"Стул Oliver - 48 × 46 см в плане, высота по спинке 90,5 см. Обивка выбирается из пяти тканей: Leona, Linda, Lorna, Torno или Lillian, поэтому комплект стульев можно собрать и строго в тон, и с намеренным разнобоем.

Естественная пара - раздвижной обеденный стол коллекции.

Есть варианты исполнения - уточним в заявке",,Стул Оливер | Woodright,"Стул Oliver - 48 × 46 см в плане, высота по спинке 90,5 см.",title: added_model:Оливер; model from collection=oliver,exact,APPLY,"общая фраза об исполнении: на PDP остаётся, в meta/JSON-LD не идёт | в описании латиница в названии коллекции (H1 - кириллица); правка текста - решение владельца"
prod_01KNTBXADK9SGFKMJV82MA9F4S,ol-25-1,OL-25-1,Комод столовый,Столовый комод Оливер,Оливер,Комоды,"Столовый комод Oliver - низкий и длинный: 169 см по фронту при высоте 94 см. В столовой он работает буфетной базой: внутри - посуда и скатерти, столешница - место сервировки и подачи.

Формат перекликается с широким спальным комодом линейки, но рассчитан на столовую зону; над ним хорошо встают часы или зеркало Oliver.

Есть варианты исполнения - уточним в заявке",,Столовый комод Оливер | Woodright,Столовый комод Oliver - низкий и длинный: 169 см по фронту при высоте 94 см.,title: phrased_type_head; added_model:Оливер; model from collection=oliver,exact,APPLY,"общая фраза об исполнении: на PDP остаётся, в meta/JSON-LD не идёт | в описании латиница в названии коллекции (H1 - кириллица); правка текста - решение владельца"
prod_01KNTBXADM9PT13B1VAYEPXEHE,ol-26-1,OL-26-1,Шкаф буфетный со стеклом и филенками,Буфетный шкаф Оливер со стеклом и филенками,Оливер,Шкафы,"Буфетный шкаф Oliver высотой 211 см сочетает два режима хранения: застеклённая часть показывает посуду и стекло, глухие филёнчатые фасады скрывают всё остальное. Корпус 100 × 52 см достаточно глубок для крупной посуды.

Филёнки - рельеф фасадов коллекции: фасад получает рельеф и тень - высокий шкаф не выглядит плоским.

Есть варианты исполнения - уточним в заявке",,Буфетный шкаф Оливер со стеклом и филенками | Woodright,"Буфетный шкаф Oliver со стеклом и филёнками - витрина сверху, закрытое хранение снизу.",title: phrased_type_head; added_model:Оливер; model from collection=oliver,exact,APPLY,"общая фраза об исполнении: на PDP остаётся, в meta/JSON-LD не идёт | в описании латиница в названии коллекции (H1 - кириллица); правка текста - решение владельца"
prod_01KNTBXADN9KCCPKCH27V1RRBF,ol-26-2,OL-26-2,Шкаф-витрина,Шкаф-витрина Оливер,Оливер,Шкафы,"Шкаф-витрина Oliver: 103 см по фронту, 43 см в глубину, 211 см в высоту. В отличие от буфетного шкафа линейки, витрина отдаёт стеклу практически весь фронт - это предмет для того, что хочется показывать: сервизов, стекла, коллекций.

Сравнительно небольшая глубина не даёт высокому корпусу давить на комнату.

Есть варианты исполнения - уточним в заявке",,Шкаф-витрина Оливер | Woodright,"Шкаф-витрина Oliver: 103 см по фронту, 43 см в глубину, 211 см в высоту.",title: added_model:Оливер; model from collection=oliver,exact,APPLY,"общая фраза об исполнении: на PDP остаётся, в meta/JSON-LD не идёт | в описании латиница в названии коллекции (H1 - кириллица); правка текста - решение владельца"
prod_01KNTBXADP6726CTE85A445K6N,ol-30-1,OL-30-1,Часы,Часы Оливер,Оливер,Часы,"Часы Oliver в деревянном корпусе 30 × 42 см при глубине всего 3,6 см. Это готовый предмет без вариантов исполнения - та деталь, которая связывает большую мебель коллекции в цельную комнату: над столовым комодом, письменным столом или консолью.

Вертикальный формат корпуса повторяет пропорции фасадов Oliver.

Есть варианты исполнения - уточним в заявке",,Часы Оливер | Woodright,"Часы Oliver в деревянном корпусе 30 × 42 см при глубине всего 3,6 см.",title: added_model:Оливер; model from collection=oliver,exact,APPLY,"общая фраза об исполнении: на PDP остаётся, в meta/JSON-LD не идёт | в описании латиница в названии коллекции (H1 - кириллица); правка текста - решение владельца"
prod_01KNTBXADQK0E63VFJ0KQPKRVX,ol-42-1,OL-42-1,Тумба для телевизора,Тумба для телевизора Оливер,Оливер,Тумбы,"Тумба Oliver под телевизор: 122 см в ширину, 47 см в глубину, 53 см в высоту. Низкая посадка оставляет экран на правильной высоте для просмотра с дивана, а корпус вмещает приставки и всё сопутствующее.

Выдержана в общем характере коллекции, поэтому гостиная с диваном и креслом Oliver собирается в цельную комнату.

Есть варианты исполнения - уточним в заявке",,Тумба для телевизора Оливер | Woodright,"Тумба Oliver под телевизор: 122 см в ширину, 47 см в глубину, 53 см в высоту.",title: added_model:Оливер; model from collection=oliver,exact,APPLY,"общая фраза об исполнении: на PDP остаётся, в meta/JSON-LD не идёт | в описании латиница в названии коллекции (H1 - кириллица); правка текста - решение владельца"
prod_01KNTBXADQK9VZ1N1X6CVH02J8,ol-43-1,OL-43-1,Столик чайный круглый,Круглый чайный столик Оливер,Оливер,Столы,"Круглый чайный столик Oliver диаметром 60 см и высотой 75 см. Круглая столешница без углов удобна в центре мягкой зоны - вокруг неё свободно двигаются, а чашке и книге места достаточно.

Лёгкий предмет, который не требует планировки: его просто подвигают туда, где сейчас сидят.

Есть варианты исполнения - уточним в заявке",,Круглый чайный столик Оливер | Woodright,Круглый чайный столик Oliver диаметром 60 см и высотой 75 см.,title: phrased_type_head; added_model:Оливер; model from collection=oliver,exact,APPLY,"общая фраза об исполнении: на PDP остаётся, в meta/JSON-LD не идёт | в описании латиница в названии коллекции (H1 - кириллица); правка текста - решение владельца"
prod_01KNTBXADR7DXSVHCM6Q99129G,ol-44-1,OL-44-1,Консоль,Консоль Оливер,Оливер,Консоли,"Консоль Oliver: 100 см в длину при глубине всего 35 см и высоте 80 см. Предмет для мест, куда стол не встаёт, - прихожей, простенка, стены коридора: ключи, почта, лампа, цветы.

Узкий корпус не мешает проходу, а высота 80 см удобна для пользования стоя.

Есть варианты исполнения - уточним в заявке",,Консоль Оливер | Woodright,Консоль Oliver: 100 см в длину при глубине всего 35 см и высоте 80 см.,title: added_model:Оливер; model from collection=oliver,exact,APPLY,"общая фраза об исполнении: на PDP остаётся, в meta/JSON-LD не идёт | в описании латиница в названии коллекции (H1 - кириллица); правка текста - решение владельца"
prod_01KNTBXADRDXMGB8JRMAB1JHPS,ol-44-2,OL-44-2,Консоль с полками,Консоль Оливер с полками,Оливер,Полки,"Расширенная версия консоли Oliver: 126 см в длину, глубина 35,5 см, высота 94 см - с открытыми полками под столешницей. Полки превращают консоль из «поверхности для ключей» в маленькую библиотеку или витрину прихожей, не прибавляя глубины.

Хороший способ занять узкую стену осмысленно.

Есть варианты исполнения - уточним в заявке",,Консоль Оливер с полками | Woodright,"Расширенная версия консоли Oliver: 126 см в длину, глубина 35,5 см, высота 94 см - с открытыми полками под столешницей.",title: added_model:Оливер; model from collection=oliver,exact,APPLY,"общая фраза об исполнении: на PDP остаётся, в meta/JSON-LD не идёт | в описании латиница в названии коллекции (H1 - кириллица); правка текста - решение владельца"
prod_01KNTBXADSNY1JKR33SC2FRJX5,ol-55-1,OL-55-1,Банкетка малая,Малая банкетка Оливер,Оливер,Скамейки,"Малая банкетка Oliver - 42 × 35 см при высоте 44 см: компактное мягкое сиденье к туалетному столику или в изголовье прихожей. Обивка выбирается из трёх тканей - Leona, Lorna или Torno, - так что банкетку легко увязать с кроватью или сундуком коллекции.

Лёгкая и переставляемая: её место там, где сейчас нужно присесть.

Есть варианты исполнения - уточним в заявке",,Малая банкетка Оливер | Woodright,Малая банкетка Oliver - 42 × 35 см при высоте 44 см: компактное мягкое сиденье к туалетному столику или в изголовье прихожей.,title: phrased_type_head; added_model:Оливер; model from collection=oliver,exact,APPLY,"общая фраза об исполнении: на PDP остаётся, в meta/JSON-LD не идёт | в описании латиница в названии коллекции (H1 - кириллица); правка текста - решение владельца"
prod_01KNTBXADSBJMRQ63HAENWJ880,ol-55-2,OL-55-2,Банкетка большая,Большая банкетка Оливер,Оливер,Скамейки,"Большая банкетка Oliver длиной 97 см при глубине 35 см и высоте сиденья 41,5 см. Классическое место - у изножья кровати: на неё кладут плед и одежду, на неё же садятся обуваться.

Узкая посадка не крадёт проход. Парная малая банкетка того же характера работает у туалетного столика.

Есть варианты исполнения - уточним в заявке",,Большая банкетка Оливер | Woodright,"Большая банкетка Oliver длиной 97 см при глубине 35 см и высоте сиденья 41,5 см.",title: phrased_type_head; added_model:Оливер; model from collection=oliver,exact,APPLY,"общая фраза об исполнении: на PDP остаётся, в meta/JSON-LD не идёт | в описании латиница в названии коллекции (H1 - кириллица); правка текста - решение владельца"
prod_01KNTBXADV8375RHNBHRQMXQ87,ol-56-1,OL-56-1,Кресло,Кресло Оливер,Оливер,Кресла,"Кресло Oliver: 81 см в ширину, 71 см в глубину, спинка 85 см. Полноразмерное посадочное место - для чтения у окна или как пара к дивану линейки.

Обивка - ткань Lillian, та же, что используется на диванах Oliver, поэтому мягкая группа собирается в один ансамбль без подбора.

Есть варианты исполнения - уточним в заявке",,Кресло Оливер | Woodright,"Кресло Oliver: 81 см в ширину, 71 см в глубину, спинка 85 см. Полноразмерное посадочное место - для чтения у окна или как пара к дивану линейки.",title: added_model:Оливер; model from collection=oliver,exact,APPLY,"общая фраза об исполнении: на PDP остаётся, в meta/JSON-LD не идёт | в описании латиница в названии коллекции (H1 - кириллица); правка текста - решение владельца"
prod_01KNTBXADVZVCXPHMZ1K8VZAJS,ol-57-1,OL-57-1,Диван малый,Малый диван Оливер,Оливер,Диваны,"Малый диван Oliver: 163 см по фронту, глубина 91 см, спинка 93 см - посадка на двоих для гостиной, кабинета или спальни. Обивка - ткань Lilian, единая с креслом и большим диваном линейки, поэтому мягкую группу можно наращивать постепенно, не боясь разнобоя.

Для компактных комнат это основной, а не «дополнительный» диван.

Есть варианты исполнения - уточним в заявке",,Малый диван Оливер | Woodright,"Малый диван Oliver: 163 см по фронту, глубина 91 см, спинка 93 см - посадка на двоих для гостиной, кабинета или спальни.",title: phrased_type_head; added_model:Оливер; model from collection=oliver,exact,APPLY,"общая фраза об исполнении: на PDP остаётся, в meta/JSON-LD не идёт | в описании латиница в названии коллекции (H1 - кириллица); правка текста - решение владельца"
prod_01KNTBXADVKWH122FJREKPT5GD,ol-57-2,OL-57-2,Диван большой,Большой диван Оливер,Оливер,Диваны,"Большой диван Oliver: 201 см по фронту при глубине 91 см - полноценная посадка на троих, центр гостиной. Обивка - ткань Lilian, общая для всей мягкой линейки Oliver; вместе с малым диваном и креслом собирается классическая композиция «три плюс два плюс один».

Спинка высотой 93 см держит удобный наклон для долгого сидения.

Есть варианты исполнения - уточним в заявке",,Большой диван Оливер | Woodright,"Большой диван Oliver: 201 см по фронту при глубине 91 см - полноценная посадка на троих, центр гостиной.",title: phrased_type_head; added_model:Оливер; model from collection=oliver,exact,APPLY,"общая фраза об исполнении: на PDP остаётся, в meta/JSON-LD не идёт | в описании латиница в названии коллекции (H1 - кириллица); правка текста - решение владельца"
prod_01KNTBXADVAA49T6H127BKKJK1,ol-57-3,OL-57-3,Диван-кровать малый (140×190),Малый диван-кровать Оливер (140 × 190),Оливер,Диваны,"Диван-кровать Oliver в малом формате: по фронту 163 см, в разложенном виде - спальное место 140 × 190 см. Это решение для комнаты с двойной жизнью: кабинет или гостиная днём, спальня для гостей ночью.

Внешне повторяет малый диван линейки, так что «спальная» функция не считывается, пока диван сложен.

Есть варианты исполнения - уточним в заявке",,Малый диван-кровать Оливер (140 × 190) | Woodright,"Диван-кровать Oliver в малом формате: по фронту 163 см, в разложенном виде - спальное место 140 × 190 см.",title: phrased_type_head; added_model:Оливер; model from collection=oliver,exact,APPLY,"общая фраза об исполнении: на PDP остаётся, в meta/JSON-LD не идёт | в описании латиница в названии коллекции (H1 - кириллица); правка текста - решение владельца"
prod_01KNTBXADVBQXBYEJC03XRAF81,ol-61-1,OL-61-1,Шкаф книжный со стеклом,Книжный шкаф Оливер со стеклом,Оливер,Шкафы,"Книжный шкаф Oliver: 103 см по фронту, 43 см в глубину, 211 см в высоту, фасады со стеклом. Стекло здесь практично - корешки видны и остаются частью интерьера, но не пылятся.

Формат корпуса совпадает с открытым стеллажом линейки, поэтому их можно ставить рядом: открытые полки для часто используемого, стекло - для остального.

Есть варианты исполнения - уточним в заявке",,Книжный шкаф Оливер со стеклом | Woodright,"Книжный шкаф Oliver: 103 см по фронту, 43 см в глубину, 211 см в высоту, фасады со стеклом.",title: phrased_type_head; added_model:Оливер; model from collection=oliver,exact,APPLY,"общая фраза об исполнении: на PDP остаётся, в meta/JSON-LD не идёт | в описании латиница в названии коллекции (H1 - кириллица); правка текста - решение владельца"
prod_01KNTBXADVQ5PEJPEQG5B9X3KX,ol-61-2,OL-61-2,Шкаф кабинетный,Кабинетный шкаф Оливер,Оливер,Шкафы,"Кабинетный шкаф Oliver с горизонтальной компоновкой: 218 см по фронту при высоте всего 112 см и глубине 43 см. В кабинете он работает как длинная база вдоль стены - хранение бумаг и книг снизу, рабочая поверхность по всей длине сверху, место для картин или полок над ним.

Альтернатива высоким шкафам там, где стену не хочется закрывать целиком.

Есть варианты исполнения - уточним в заявке",,Кабинетный шкаф Оливер | Woodright,Кабинетный шкаф Oliver с горизонтальной компоновкой: 218 см по фронту при высоте всего 112 см и глубине 43 см.,title: phrased_type_head; added_model:Оливер; model from collection=oliver,exact,APPLY,"общая фраза об исполнении: на PDP остаётся, в meta/JSON-LD не идёт | в описании латиница в названии коллекции (H1 - кириллица); правка текста - решение владельца"
prod_01KNTBXADV29H43B35KXJJBA18,ol-62-1,OL-62-1,Стеллаж для книг,Стеллаж для книг Оливер,Оливер,Стеллажи,"Открытый книжный стеллаж Oliver: 103 см по фронту, 43 см в глубину, 211 см в высоту. Открытые полки держат библиотеку под рукой и не утяжеляют комнату - стеллаж читается легче глухого шкафа той же высоты.

Корпус совпадает по формату с книжным шкафом со стеклом, вместе они собираются в библиотечную стену.

Есть варианты исполнения - уточним в заявке",,Стеллаж для книг Оливер | Woodright,"Открытый книжный стеллаж Oliver: 103 см по фронту, 43 см в глубину, 211 см в высоту.",title: added_model:Оливер; model from collection=oliver,exact,APPLY,"общая фраза об исполнении: на PDP остаётся, в meta/JSON-LD не идёт | в описании латиница в названии коллекции (H1 - кириллица); правка текста - решение владельца"
prod_01KNTBXADWGB0430GYR8RJR7EM,ol-62-2,OL-62-2,Стеллаж широкий,Широкий стеллаж Оливер,Оливер,Стеллажи,"Широкий стеллаж Oliver: 123 см по фронту, высота 146 см - ниже человеческого роста, поэтому он не перегораживает комнату и может стоять не только у стены, но и работать мягкой границей зоны. Верхняя плоскость на высоте 146 см остаётся полезной - для растений, ламп или коробок.

Есть варианты исполнения - уточним в заявке",,Широкий стеллаж Оливер | Woodright,Широкий стеллаж Oliver - 123 см по фронту при высоте 146 см.,title: phrased_type_head; added_model:Оливер; model from collection=oliver,exact,APPLY,"общая фраза об исполнении: на PDP остаётся, в meta/JSON-LD не идёт | в описании латиница в названии коллекции (H1 - кириллица); правка текста - решение владельца"
prod_01KNTBXADW4RDEYGV3MPTD64ZR,ol-64-1,OL-64-1,Стол-бюро,Стол-бюро Оливер,Оливер,Столы,"Стол-бюро Oliver: рабочая столешница 156 × 70 см и надстройка, поднимающая предмет до 128,5 см. Надстройка держит бумаги, книги и мелочи на уровне глаз - рабочее место собрано в одном предмете и не расползается по комнате.

Формат для домашнего кабинета, который живёт в гостиной или спальне.

Есть варианты исполнения - уточним в заявке",,Стол-бюро Оливер | Woodright,"Стол-бюро Oliver: рабочая столешница 156 × 70 см и надстройка, поднимающая предмет до 128,5 см.",title: added_model:Оливер; model from collection=oliver,exact,APPLY,"общая фраза об исполнении: на PDP остаётся, в meta/JSON-LD не идёт | в описании латиница в названии коллекции (H1 - кириллица); правка текста - решение владельца"
prod_01KNTBXADW0MYZ9SEBBAYPS5V4,ol-65,OL-65-1,Стол письменный 1-тумб.,Однотумбовый письменный стол Оливер,Оливер,Столы,"Письменный стол Oliver с одной опорной тумбой: столешница 116 × 60 см, высота 78 см. Тумба закрывает хранение под правой рукой, левая сторона остаётся открытой - под стул и свободную посадку.

В линейке есть зеркальная версия с тумбой слева: выбирают по тому, какой рукой пишут и куда падает свет.

Есть варианты исполнения - уточним в заявке",,Однотумбовый письменный стол Оливер | Woodright,"Письменный стол Oliver с одной опорной тумбой: столешница 116 × 60 см, высота 78 см.",title: phrased_type_head; added_model:Оливер; model from collection=oliver,exact,APPLY,"общая фраза об исполнении: на PDP остаётся, в meta/JSON-LD не идёт | в описании латиница в названии коллекции (H1 - кириллица); правка текста - решение владельца"
prod_01KNTBXADWTF7DF2JX8E3P9YYQ,ol-66-1,OL-66-1,Стол письменный 2-тумб. ПП,Двухтумбовый письменный стол Оливер (полки с обеих сторон),Оливер,Столы,"Двухтумбовый письменный стол Oliver: столешница 156 × 70 см на двух опорных тумбах. Классическая кабинетная схема - хранение с обеих сторон, посадка по центру, стол способен стоять не только у стены, но и в центре кабинета.

Формат для тех, кто работает за столом ежедневно и подолгу.

Есть варианты исполнения - уточним в заявке",,Двухтумбовый письменный стол Оливер (полки с обеих сторон) | Woodright,Двухтумбовый письменный стол Oliver: столешница 156 × 70 см на двух опорных тумбах.,title: expanded_pedestal:ПП; normalized_2_tumb_when_pedestal_expanded; added_collection:Oliver; phrased_type_head; model from collection=oliver,exact,APPLY,"общая фраза об исполнении: на PDP остаётся, в meta/JSON-LD не идёт | в описании латиница в названии коллекции (H1 - кириллица); правка текста - решение владельца"
prod_01KNTBXADWW99PZJQFM2H9X7BK,ol-66-4,OL-66-4,Стол кабинетный письменный 2-тумб. ПП,Двухтумбовый кабинетный стол Оливер (полки с обеих сторон),Оливер,Столы,"Кабинетная версия двухтумбового письменного стола Oliver: та же ширина 156 см, но глубина увеличена до 72 см - больше места между краем столешницы и монитором или бумагами. Две опорные тумбы дают симметричное хранение - формат полноценного домашнего кабинета.

Есть варианты исполнения - уточним в заявке",,Двухтумбовый кабинетный стол Оливер (полки с обеих сторон) | Woodright,"Кабинетный двухтумбовый стол Oliver - 156 × 72 см, увеличенная глубина.",title: expanded_pedestal:ПП; normalized_2_tumb_when_pedestal_expanded; added_collection:Oliver; phrased_type_head; model from collection=oliver,exact,APPLY,"общая фраза об исполнении: на PDP остаётся, в meta/JSON-LD не идёт | в описании латиница в названии коллекции (H1 - кириллица); правка текста - решение владельца"
prod_01KNTBXADW4ZCGJCC9RTC6Z5KC,ol-67-1,OL-67-1,Стол рабочий,Рабочий стол Оливер,Оливер,Столы,"Рабочий стол Oliver без опорных тумб: столешница 110 × 60 см, высота 79 см. Самый лёгкий стол линейки - открытый низ не загромождает комнату, а компактная столешница вмещает ноутбук, лампу и бумаги.

Если хранения не хватает, рядом встают этажерки или полки коллекции.

Есть варианты исполнения - уточним в заявке",,Рабочий стол Оливер | Woodright,"Рабочий стол Oliver без опорных тумб: столешница 110 × 60 см, высота 79 см.",title: phrased_type_head; added_model:Оливер; model from collection=oliver,exact,APPLY,"общая фраза об исполнении: на PDP остаётся, в meta/JSON-LD не идёт | в описании латиница в названии коллекции (H1 - кириллица); правка текста - решение владельца"
prod_01KNTBXADW6ZWB6HTCJ0C4XPY1,ol-68-1,OL-68-1,Этажерка малая 3 полки,"Малая этажерка Оливер, 3 полки",Оливер,Полки,"Малая этажерка Oliver: три открытые полки, 85 см по фронту, 32 см глубины, высота 91 см. Лёгкая открытая конструкция - для книг у рабочего места, цветов у окна или полотенец в ванной комнате.

Ниже подоконника, поэтому встаёт и под окно.

Есть варианты исполнения - уточним в заявке",,"Малая этажерка Оливер, 3 полки | Woodright","Малая этажерка Oliver: три открытые полки, 85 см по фронту, 32 см глубины, высота 91 см.",title: phrased_type_head; added_model:Оливер; model from collection=oliver,exact,APPLY,"общая фраза об исполнении: на PDP остаётся, в meta/JSON-LD не идёт | в описании латиница в названии коллекции (H1 - кириллица); правка текста - решение владельца"
prod_01KNTBXADW4A481E827ASE6FW3,ol-68-2,OL-68-2,Этажерка большая 6 полок,"Большая этажерка Оливер, 6 полок",Оливер,Стеллажи,"Большая этажерка Oliver: шесть открытых полок при фронте 85 см и высоте 198 см. Это уже полноценный открытый стеллаж - только легче: без боковых стенок и задника этажерка не давит даже в небольшой комнате.

Полки на разной высоте удобно распределять между книгами, коробками и предметами.

Есть варианты исполнения - уточним в заявке",,"Большая этажерка Оливер, 6 полок | Woodright",Большая этажерка Oliver: шесть открытых полок при фронте 85 см и высоте 198 см.,title: phrased_type_head; added_model:Оливер; model from collection=oliver,exact,APPLY,"общая фраза об исполнении: на PDP остаётся, в meta/JSON-LD не идёт | в описании латиница в названии коллекции (H1 - кириллица); правка текста - решение владельца"
prod_01KNTBXADWPT0F9X7Y2SATPPGV,ol-69-1,OL-69-1,Полка книжная 1-ярусная,Одноярусная книжная полка Оливер,Оливер,Полки,"Навесная книжная полка Oliver в один ярус: 92 см длины, высота 47 см. Базовый элемент настенного хранения линейки - над письменным столом, консолью или изголовьем.

В серии есть двух- и трёхъярусные версии той же ширины: ярусность наращивается по мере роста библиотеки.

Есть варианты исполнения - уточним в заявке",,Одноярусная книжная полка Оливер | Woodright,"Навесная книжная полка Oliver в один ярус: 92 см длины, высота 47 см.",title: phrased_type_head; added_model:Оливер; model from collection=oliver,exact,APPLY,"общая фраза об исполнении: на PDP остаётся, в meta/JSON-LD не идёт | в описании латиница в названии коллекции (H1 - кириллица); правка текста - решение владельца"
prod_01KNTBXADX120D41J3EXQASJ8Q,ol-69-2,OL-69-2,Полка книжная 2-ярусная,Двухъярусная книжная полка Оливер,Оливер,Полки,"Двухъярусная версия книжной полки Oliver: те же 92 см по ширине, высота 55 см, два ряда под книги. Средний формат серии - уже настоящее книжное хранение над столом, но ещё не стеллаж.

Глубина полок - 17,5 см.

Есть варианты исполнения - уточним в заявке",,Двухъярусная книжная полка Оливер | Woodright,"Двухъярусная версия книжной полки Oliver: те же 92 см по ширине, высота 55 см, два ряда под книги.",title: phrased_type_head; added_model:Оливер; model from collection=oliver,exact,APPLY,"общая фраза об исполнении: на PDP остаётся, в meta/JSON-LD не идёт | в описании латиница в названии коллекции (H1 - кириллица); правка текста - решение владельца"
prod_01KNTBXADXD2X796J2TJ8SAG74,ol-69-3,OL-69-3,Полка книжная 3-ярусная,Трёхъярусная книжная полка Оливер,Оливер,Полки,"Трёхъярусная книжная полка Oliver: 92 см по ширине, высота 79 см. Старшая модель настенной серии - три ряда книг на стене вместо напольного стеллажа: решение для комнаты, где пол уже занят.

Совпадающая с младшими моделями ширина позволяет комбинировать полки серии на одной стене ровными рядами.

Есть варианты исполнения - уточним в заявке",,Трёхъярусная книжная полка Оливер | Woodright,"Трёхъярусная книжная полка Oliver: 92 см по ширине, высота 79 см.",title: phrased_type_head; added_model:Оливер; model from collection=oliver,exact,APPLY,"общая фраза об исполнении: на PDP остаётся, в meta/JSON-LD не идёт | в описании латиница в названии коллекции (H1 - кириллица); правка текста - решение владельца"
prod_01KNTBXADXM4N27AGHDHCV5QQA,ol-69-4,OL-69-4,Полка книжная угловая,Угловая книжная полка Оливер,Оливер,Полки,"Угловая книжная полка Oliver: 31 × 31 см в плане при высоте 106 см. Вертикальная колонна полок занимает угол - место, которое прямые полки использовать не могут.

Работает и соло, и как угловое завершение композиции из прямых полок серии.

Есть варианты исполнения - уточним в заявке",,Угловая книжная полка Оливер | Woodright,Угловая книжная полка Oliver: 31 × 31 см в плане при высоте 106 см.,title: phrased_type_head; added_model:Оливер; model from collection=oliver,exact,APPLY,"общая фраза об исполнении: на PDP остаётся, в meta/JSON-LD не идёт | в описании латиница в названии коллекции (H1 - кириллица); правка текста - решение владельца"
prod_01KNTBXADXJVJEG9YNWFYXXGQV,ol-81-1,OL-81-1,Столик детский,Детский столик Оливер,Оливер,Столы,"Детский стол линии Oliver Kids: столешница 78 × 58 см на высоте 57 см - это посадка ребёнка дошкольного возраста, за которой удобно рисовать, лепить и собирать конструктор без взрослого стула с подушками. Выдержан в характере взрослой коллекции Oliver, поэтому детская не выпадает из общего языка квартиры; в пару выпускается детский стул той же линии.

Есть варианты исполнения - уточним в заявке",,Детский столик Оливер | Woodright,"Детский стол Oliver Kids - 78 × 58 см при высоте 57 см, под рост дошкольника.",title: phrased_type_head; added_model:Оливер; model from collection=oliver-kids,exact,APPLY,"общая фраза об исполнении: на PDP остаётся, в meta/JSON-LD не идёт | в описании латиница в названии коллекции (H1 - кириллица); правка текста - решение владельца"
prod_01KNTBXADX8CT1VKVV4SNQM2D7,ol-82-1,OL-82-1,Стульчик детский,Детский стульчик Оливер,Оливер,Стулья,"Детский стул Oliver Kids: 30 × 31 см в плане, высота по спинке 71 см - геометрия под посадку дошкольника за детским столом линии. Сиденье обивается тканью на выбор из трёх: Linda, Lorna или Torno - можно поддержать текстиль остальной комнаты.

Конструкция повторяет взрослый стул Oliver в уменьшенном масштабе, без «игрушечности».

Есть варианты исполнения - уточним в заявке",,Детский стульчик Оливер | Woodright,"Детский стул Oliver Kids: 30 × 31 см в плане, высота по спинке 71 см - геометрия под посадку дошкольника за детским столом линии.",title: phrased_type_head; added_model:Оливер; model from collection=oliver-kids,exact,APPLY,"общая фраза об исполнении: на PDP остаётся, в meta/JSON-LD не идёт | в описании латиница в названии коллекции (H1 - кириллица); правка текста - решение владельца"
prod_01KNTBXADX6G2DX0ZK33HBQDSJ,ol-83-1,OL-83-1,Столешница пеленальная съемная,Съёмная пеленальная столешница Оливер,Оливер,Столы,"Съёмная пеленальная столешница Oliver Kids: 88 × 75 см, борта высотой 18 см. Ставится на комод и превращает его в полноценное место для пеленания на уровне рук взрослого - отдельный пеленальный стол не нужен.

Когда ребёнок вырастает, столешница просто снимается, и комод продолжает работать как обычный. Рациональная альтернатива мебели «на один год».

Есть варианты исполнения - уточним в заявке",,Съёмная пеленальная столешница Оливер | Woodright,"Съёмная пеленальная столешница Oliver Kids: 88 × 75 см, борта высотой 18 см.",title: phrased_type_head; added_model:Оливер; model from collection=oliver-kids,exact,APPLY,"общая фраза об исполнении: на PDP остаётся, в meta/JSON-LD не идёт | в описании латиница в названии коллекции (H1 - кириллица); правка текста - решение владельца"
prod_01KNTBXADX1KA6WGTERRHPPEV7,ol-84-1,OL-84-1,Бортик к кровати малый,Малый бортик к кровати Оливер,Оливер,Бортики,"Малый бортик Oliver Kids длиной 70 см устанавливается на детскую кровать и страхует край на время, пока ребёнок привыкает спать без решётки. Высота 30 см - достаточно, чтобы удержать спящего, но не мешает самостоятельно забираться и вылезать.

Готовый предмет без вариантов исполнения; для более длинного края кровати в линии есть бортик 100 см.

Есть варианты исполнения - уточним в заявке",,Малый бортик к кровати Оливер | Woodright,"Малый бортик Oliver Kids длиной 70 см устанавливается на детскую кровать и страхует край на время, пока ребёнок привыкает спать без решётки.",title: phrased_type_head; added_model:Оливер; model from collection=oliver-kids,exact,APPLY,"общая фраза об исполнении: на PDP остаётся, в meta/JSON-LD не идёт | в описании латиница в названии коллекции (H1 - кириллица); правка текста - решение владельца"
prod_01KNTBXADX813WWJT86D6J2E9W,ol-84-2,OL-84-2,Бортик к кровати большой,Большой бортик к кровати Оливер,Оливер,Бортики,"Большой бортик Oliver Kids - 100 см длины при высоте 30 см: закрывает больший участок края, чем малая модель, оставляя при этом свободный доступ в кровать. Ставится на время перехода из кроватки с решёткой в обычную кровать и снимается, когда необходимость отпадает.

Выбор между двумя длинами зависит от кровати и от того, насколько беспокойно спит ребёнок.

Есть варианты исполнения - уточним в заявке",,Большой бортик к кровати Оливер | Woodright,"Большой бортик Oliver Kids - 100 см длины при высоте 30 см: закрывает больший участок края, чем малая модель, оставляя при этом свободный доступ в кровать.",title: phrased_type_head; added_model:Оливер; model from collection=oliver-kids,exact,APPLY,"общая фраза об исполнении: на PDP остаётся, в meta/JSON-LD не идёт | в описании латиница в названии коллекции (H1 - кириллица); правка текста - решение владельца"
prod_01KNTBXADY87EJBJ40E55JCJBS,ol-85-1,OL-85-1,Кроватка для новорожденного (60*120),Кроватка для новорождённого Оливер (60 × 120),Оливер,Кровати,"Кроватка Oliver Kids для новорождённого: спальное место 60 × 120 см - стандарт первых лет. Корпус 74 × 131 см при высоте 129 см выдержан в языке взрослой коллекции Oliver, поэтому детская с этой кроваткой, комодом и пеленальной столешницей линии выглядит собранной комнатой, а не набором случайных предметов.

В линии есть и приставная модель - для сна вплотную к родительской кровати.

Есть варианты исполнения - уточним в заявке",,Кроватка для новорождённого Оливер (60 × 120) | Woodright,Кроватка Oliver Kids для новорождённого: спальное место 60 × 120 см - стандарт первых лет.,title: phrased_type_head; added_model:Оливер; model from collection=oliver-kids,exact,APPLY,"общая фраза об исполнении: на PDP остаётся, в meta/JSON-LD не идёт | в описании латиница в названии коллекции (H1 - кириллица); правка текста - решение владельца"
prod_01KNTBXADY6TTYPEZ12QTDR456,ol-85-2,OL-85-2,Кроватка приставная + матрас,Приставная кроватка Оливер с матрасом,Оливер,Кровати,"Приставная кроватка Oliver Kids ставится вплотную к родительской кровати: ребёнок спит рядом, но на своём месте - ночью не нужно вставать, достаточно протянуть руку. Габариты 58 × 97 см делают её заметно компактнее полноразмерной кроватки; матрас входит в комплект.

Формат первых месяцев, после которого обычно переходят в кроватку 60 × 120 см той же линии.

Есть варианты исполнения - уточним в заявке",,Приставная кроватка Оливер с матрасом | Woodright,Приставная кроватка с матрасом - ночной формат «рядом с родителями».,title: phrased_type_head; added_model:Оливер; model from collection=oliver-kids,exact,APPLY,"общая фраза об исполнении: на PDP остаётся, в meta/JSON-LD не идёт | в описании латиница в названии коллекции (H1 - кириллица); правка текста - решение владельца"
prod_01KNTBXADYWQNNEVG1XK6EAFWP,ol-86-1,OL-86-1,Каркас для балдахина,Каркас для балдахина Оливер,Оливер,Балдахины,"Каркас Oliver Kids для крепления балдахина над детской кроваткой: держатель 40 × 25 см, на который навешивается ткань. Балдахин рассеивает верхний свет над спящим ребёнком и закрывает кроватку от сквозняка; сам текстиль подбирается отдельно.

Готовый предмет без вариантов исполнения.

Есть варианты исполнения - уточним в заявке",,Каркас для балдахина Оливер | Woodright,"Каркас Oliver Kids для крепления балдахина над детской кроваткой: держатель 40 × 25 см, на который навешивается ткань.",title: added_model:Оливер; model from collection=oliver-kids,exact,APPLY,"общая фраза об исполнении: на PDP остаётся, в meta/JSON-LD не идёт | в описании латиница в названии коллекции (H1 - кириллица); правка текста - решение владельца"
prod_01KNTBXADY06DZQTG915QFY9BW,ol-95-1,OL-95-1,Кровать-трансформер (80×150) с рисунком,Кровать-трансформер Оливер (80 × 150) с рисунком,Оливер,Кровати,"Кровать-трансформер Oliver Kids под матрас 80 × 150 см - переходный формат между кроваткой новорождённого и взрослой кроватью. Спинку украшает рисунок - это версия для тех, кто хочет заметный детский акцент в комнате; парная модель с тканевой вставкой выглядит спокойнее.

Корпус 91 × 181 см при высоте изголовья 118 см оставляет кровати запас «на вырост» по характеру, а не только по размеру.

Есть варианты исполнения - уточним в заявке",,Кровать-трансформер Оливер (80 × 150) с рисунком | Woodright,Кровать-трансформер Oliver Kids под матрас 80 × 150 см - переходный формат между кроваткой новорождённого и взрослой кроватью.,title: phrased_type_head; added_model:Оливер; model from collection=oliver-kids,exact,APPLY,"общая фраза об исполнении: на PDP остаётся, в meta/JSON-LD не идёт | в описании латиница в названии коллекции (H1 - кириллица); правка текста - решение владельца"
prod_01KNTBXADYET7AC1KCG28EK9RQ,ol-95-3,OL-95-3,Кровать-трансформер (80×150) с тканью,Кровать-трансформер Оливер (80 × 150) с тканью,Оливер,Кровати,"Версия кровати-трансформера Oliver Kids с тканевой вставкой в спинке вместо рисунка: тот же формат под матрас 80 × 150 см и корпус 91 × 181 см, но внешне ближе к взрослым кроватям коллекции. Вариант для комнаты, которую не хочется перестраивать по мере взросления ребёнка, - кровать спокойно доживёт до подростковых лет без «детского» вида.

Есть варианты исполнения - уточним в заявке",,Кровать-трансформер Оливер (80 × 150) с тканью | Woodright,Растущая кровать 80 × 150 см с тканевой спинкой - спокойная версия трансформера.,title: phrased_type_head; added_model:Оливер; model from collection=oliver-kids,exact,APPLY,"общая фраза об исполнении: на PDP остаётся, в meta/JSON-LD не идёт | в описании латиница в названии коллекции (H1 - кириллица); правка текста - решение владельца"
prod_01KQCSHV3ZWD80DKG4ZFB175FP,ox-14-1,OX-14-1,Комплекс Оксфорд-1 (нижняя кровать без матраса 90*185),Комплекс Оксфорд-1 (нижняя кровать без матраса 90 × 185),Оксфорд,Кровати,"Нижняя выкатная часть комплекса Оксфорд-1: спальное место под матрас 90 × 185 см, высота корпуса 26 см. Дополняет верхний модуль комплекса вторым спальным местом - для второго ребёнка или гостей - и убирается, когда не нужна.

Матрас в комплект не входит. Данные по коллекции Оксфорд пилотные: состав и исполнение уточняются при заявке.

Есть варианты исполнения - уточним в заявке",,Комплекс Оксфорд-1 (нижняя кровать без матраса 90 × 185) | Woodright,"Нижняя выкатная часть комплекса Оксфорд-1: спальное место под матрас 90 × 185 см, высота корпуса 26 см.",title: normalized; model from collection=oxford,exact,APPLY,"общая фраза об исполнении: на PDP остаётся, в meta/JSON-LD не идёт"
prod_01KQCSHV3ZHSW5J97NP8CE2FB7,ox-14-11,OX-14-11,Нижняя кровать без матраса увеличенная (120*185),Увеличенная нижняя кровать Оксфорд без матраса (120 × 185),Оксфорд,Кровати,"Увеличенная версия нижней кровати комплекса Оксфорд-1: спальное место под матрас 120 × 185 см при той же высоте корпуса 26 см. Ширина 120 см даёт полноценное место подростку, а не только «гостевой» формат.

Матрас приобретается отдельно. Коллекция Оксфорд представлена пилотно - параметры уточняются при заявке.

Есть варианты исполнения - уточним в заявке",,Увеличенная нижняя кровать Оксфорд без матраса (120 × 185) | Woodright,Увеличенная версия нижней кровати комплекса Оксфорд-1: спальное место под матрас 120 × 185 см при той же высоте корпуса 26 см.,title: phrased_type_head; added_model:Оксфорд; model from collection=oxford,exact,APPLY,"общая фраза об исполнении: на PDP остаётся, в meta/JSON-LD не идёт"
prod_01KQCSHV3ZJ5SB2ZYV4P6SJ2QR,ox-90-1,OX-90-1,Комплекс Оксфорд-1 с выдвижной столешницей без нижней кровати,Комплекс Оксфорд-1 с выдвижной столешницей без нижней кровати,Оксфорд,Кровати,"Комплекс Оксфорд-1 - двухуровневая организация детской на площади 260 × 139 см при высоте 193 см: спальное место наверху, рабочая зона с выдвижной столешницей внизу. Один предмет заменяет кровать и стол, освобождая остальную комнату под игру.

Нижняя выкатная кровать в состав этой комплектации не входит и добавляется отдельно. Коллекция Оксфорд представлена пилотно - состав и исполнение уточняются при заявке.

Есть варианты исполнения - уточним в заявке",,Комплекс Оксфорд-1 с выдвижной столешницей без нижней кровати | Woodright,"Детский комплекс Оксфорд-1: кровать наверху, выдвижная столешница внизу.",,exact,KEEP,"общая фраза об исполнении: на PDP остаётся, в meta/JSON-LD не идёт"
prod_01KV69A7AMYW3Q4NJE3Q5WEFYR,pa-05-1,pa-05-1,Комод стандартный Pastoral (гл. 440),Стандартный комод Вилли Винки,Вилли Винки,Комоды,"Стандартный комод серии Pastoral (Willie Winkie): уменьшенная глубина 44 см оставляет проходы детской свободными, а верхняя плоскость остаётся на удобной для взрослого высоте - для лампы и повседневных мелочей. Роспись Pastoral задаёт серии спокойный сюжет; рядом встают высокий комод и стеллаж того же мотива.

Есть варианты исполнения - уточним в заявке",,"Стандартный комод Вилли Винки, роспись «Полевые цветы» | Woodright",Детский комод с росписью Pastoral - компактная глубина 44 см.,title: stripped_technical_dimension_tail; stripped_selectable_motif:Pastoral; phrased_type_head; added_model:Вилли Винки; model from collection=willie-winkie | seo name: painting from metadata.motif_slug=pastoral,exact,APPLY,"общая фраза об исполнении: на PDP остаётся, в meta/JSON-LD не идёт | в описании латиница в названии коллекции (H1 - кириллица); правка текста - решение владельца"
prod_01KV69A7AM3KD13Z7GRD68HJA2,pa-05-3,pa-05-3,Комод высокий Pastoral (гл. 560),Высокий комод Вилли Винки,Вилли Винки,Комоды,"Высокий комод серии Pastoral (Willie Winkie) в полноглубокой версии 56 см - вертикальная компоновка занимает меньше стены, чем стандартный формат. Роспись Pastoral связывает предметы серии между собой.

Есть варианты исполнения - уточним в заявке",,"Высокий комод Вилли Винки, роспись «Полевые цветы» | Woodright","Высокий комод серии Pastoral (Willie Winkie) в полноглубокой версии 56 см - вертикальная компоновка занимает меньше стены, чем стандартный формат.",title: stripped_technical_dimension_tail; stripped_selectable_motif:Pastoral; phrased_type_head; added_model:Вилли Винки; model from collection=willie-winkie | seo name: painting from metadata.motif_slug=pastoral,exact,APPLY,"общая фраза об исполнении: на PDP остаётся, в meta/JSON-LD не идёт | в описании латиница в названии коллекции (H1 - кириллица); правка текста - решение владельца"
prod_01KV69A7AMV6GA6WH9JQ23BANH,pa-62-1,pa-62-1,Стеллаж для книг Pastoral (гл. 560),Стеллаж для книг Вилли Винки,Вилли Винки,Стеллажи,"Книжный стеллаж серии Pastoral (Willie Winkie) с увеличенной глубиной полок 56 см - помимо книг туда встают корзины и коробки с игрушками, то есть стеллаж работает основным открытым хранением детской. Роспись Pastoral продолжает сюжет серии.

Есть варианты исполнения - уточним в заявке",,"Стеллаж для книг Вилли Винки, роспись «Полевые цветы» | Woodright",Детский книжный стеллаж с росписью Pastoral - глубокие полки 56 см.,title: stripped_technical_dimension_tail; stripped_selectable_motif:Pastoral; added_model:Вилли Винки; model from collection=willie-winkie | seo name: painting from metadata.motif_slug=pastoral,exact,APPLY,"общая фраза об исполнении: на PDP остаётся, в meta/JSON-LD не идёт | в описании латиница в названии коллекции (H1 - кириллица); правка текста - решение владельца"
prod_01KY5SGSEJ8JS78BZFHB4839VN,pr-02-1,PR-02-1,Шкаф для одежды 2-дв. с рисунком,Двухдверный шкаф для одежды Принцесса Роза с рисунком,Принцесса Роза,Шкафы,"Шкаф для одежды 2-дв. с рисунком
В названии прайса указан рисунок
2080 × 1200 × 631 мм
Порядок: высота, ширина, глубина. Источник - ячейка прайса 18.09.2026",,Двухдверный шкаф для одежды Принцесса Роза с рисунком | Woodright,Двухдверный шкаф для одежды Принцесса Роза с рисунком. Посмотрите размеры и цену на сайте Woodright.,"title: phrased_type_head; added_model:Принцесса Роза; model from collection=princess-rose | description: only title_echo, provenance_line, dimension_line, provenance_line; metadata.dimensions: ширина 120 см, глубина 63,1 см, высота 208 см",strong,HOLD,в описании только служебные строки прайса - на PDP скрыты; нужен авторский текст по фактам
prod_01KY5SGSEJSV6N14Z29AE0ERVZ,pr-03-1,PR-03-1,Шкаф для одежды 3-дв. с рисунком,Трёхдверный шкаф для одежды Принцесса Роза с рисунком,Принцесса Роза,Шкафы,"Шкаф для одежды 3-дв. с рисунком
В названии прайса указан рисунок
2140 × 1735 × 631 мм
Порядок: высота, ширина, глубина. Источник - ячейка прайса 18.09.2026",,Трёхдверный шкаф для одежды Принцесса Роза с рисунком | Woodright,Трёхдверный шкаф для одежды Принцесса Роза с рисунком. Посмотрите размеры и цену на сайте Woodright.,"title: phrased_type_head; added_model:Принцесса Роза; model from collection=princess-rose | description: only title_echo, provenance_line, dimension_line, provenance_line; metadata.dimensions: ширина 173,5 см, глубина 63,1 см, высота 214 см",strong,HOLD,в описании только служебные строки прайса - на PDP скрыты; нужен авторский текст по фактам
prod_01KY5SGSEJNSP9E7933PCF5GW4,pr-05-1,PR-05-1,Комод стандартный (ручки Swarovski),Стандартный комод Принцесса Роза (ручки Сваровски),Принцесса Роза,Комоды,"Комод стандартный (ручки Swarovski)
В названии прайса указаны ручки Swarovski
902 × 900 × 572 мм
Порядок: высота, ширина, глубина. Источник - ячейка прайса 18.09.2026",,Стандартный комод Принцесса Роза (ручки Сваровски) | Woodright,Стандартный комод Принцесса Роза (ручки Сваровски). Посмотрите размеры и цену на сайте Woodright.,"title: phrased_type_head; added_model:Принцесса Роза; model from collection=princess-rose | description: only title_echo, provenance_line, dimension_line, provenance_line; metadata.dimensions: ширина 90 см, глубина 57,2 см, высота 90,2 см",strong,HOLD,в описании только служебные строки прайса - на PDP скрыты; нужен авторский текст по фактам
prod_01KY5SGSEK0B3QH3B5CSP5TH1H,pr-08-1,PR-08-1,Тумбочка прикроватная (ручки Swarovski),Прикроватная тумба Принцесса Роза (ручки Сваровски),Принцесса Роза,Тумбы,"Тумбочка прикроватная (ручки Swarovski)
В названии прайса указаны ручки Swarovski
600 × 530 × 450 мм
Порядок: высота, ширина, глубина. Источник - ячейка прайса 18.09.2026",,Прикроватная тумба Принцесса Роза (ручки Сваровски) | Woodright,Прикроватная тумба Принцесса Роза (ручки Сваровски). Посмотрите размеры и цену на сайте Woodright.,"title: phrased_type_head; added_model:Принцесса Роза; model from collection=princess-rose | description: only title_echo, provenance_line, dimension_line, provenance_line; metadata.dimensions: ширина 53 см, глубина 45 см, высота 60 см",strong,HOLD,в описании только служебные строки прайса - на PDP скрыты; нужен авторский текст по фактам
prod_01KY5SGSVK4AK85EVYCXYH3J2J,pr-09-1,PR-09-1,Зеркало навесное,Навесное зеркало Принцесса Роза,Принцесса Роза,Зеркала,"Зеркало навесное
800 × 600 × 30 мм
Порядок: высота, ширина, глубина. Источник - ячейка прайса 18.09.2026",,Навесное зеркало Принцесса Роза | Woodright,Навесное зеркало Принцесса Роза. Посмотрите размеры и цену на сайте Woodright.,"title: phrased_type_head; added_model:Принцесса Роза; model from collection=princess-rose | description: only title_echo, dimension_line, provenance_line; metadata.dimensions: ширина 60 см, глубина 3 см, высота 80 см",strong,HOLD,в описании только служебные строки прайса - на PDP скрыты; нужен авторский текст по фактам
prod_01KY5SGSVKZ8B4HXEPXKJQTSC3,pr-09-2,PR-09-2,Зеркало напольное,Напольное зеркало Принцесса Роза,Принцесса Роза,Зеркала,"Зеркало напольное
1670 × 650 × 391 мм
Порядок: высота, ширина, глубина. Источник - ячейка прайса 18.09.2026",,Напольное зеркало Принцесса Роза | Woodright,Напольное зеркало Принцесса Роза. Посмотрите размеры и цену на сайте Woodright.,"title: phrased_type_head; added_model:Принцесса Роза; model from collection=princess-rose | description: only title_echo, dimension_line, provenance_line; metadata.dimensions: ширина 65 см, глубина 39,1 см, высота 167 см",strong,HOLD,в описании только служебные строки прайса - на PDP скрыты; нужен авторский текст по фактам
prod_01KY5SGSVKW8G60D1ZNSPYQS87,pr-14-1,PR-14-1,"Кровать 1-сп. (90*190) с рисунком, без изн.","Односпальная кровать Принцесса Роза (90 × 190) с рисунком, без изножья",Принцесса Роза,Кровати,"Кровать 1-сп. (90*190) с рисунком, без изн.
В названии прайса указан рисунок
В названии прайса указано: без изножья
1063 × 994 × 2010 мм
Порядок: высота, ширина, глубина. Источник - ячейка прайса 18.09.2026",,"Односпальная кровать Принцесса Роза (90 × 190) с рисунком, без изножья | Woodright","Односпальная кровать Принцесса Роза (90 × 190) с рисунком, без изножья. Посмотрите размеры и цену на сайте Woodright.","title: repaired_legacy_noise; phrased_type_head; added_model:Принцесса Роза; model from collection=princess-rose | description: only title_echo, provenance_line, provenance_line, dimension_line, provenance_line; metadata.dimensions: ширина 99,4 см, глубина 201 см, высота 106,3 см",strong,HOLD,в описании только служебные строки прайса - на PDP скрыты; нужен авторский текст по фактам
prod_01KY5SGSVK1AT4RJVH2FMYAFJX,pr-15-1,PR-15-1,"Кровать 1,5-сп. (120*190) с рисунком,без изн.","Полутораспальная кровать Принцесса Роза (120 × 190) с рисунком, без изножья",Принцесса Роза,Кровати,"Кровать 1,5-сп. (120*190) с рисунком,без изн.
В названии прайса указан рисунок
В названии прайса указано: без изножья
1073 × 1294 × 2010 мм
Порядок: высота, ширина, глубина. Источник - ячейка прайса 18.09.2026",,"Полутораспальная кровать Принцесса Роза (120 × 190) с рисунком, без изножья | Woodright","Полутораспальная кровать Принцесса Роза (120 × 190) с рисунком, без изножья. Посмотрите размеры и цену на сайте Woodright.","title: repaired_legacy_noise; phrased_type_head; added_model:Принцесса Роза; model from collection=princess-rose | description: only title_echo, provenance_line, provenance_line, dimension_line, provenance_line; metadata.dimensions: ширина 129,4 см, глубина 201 см, высота 107,3 см",strong,HOLD,в описании только служебные строки прайса - на PDP скрыты; нужен авторский текст по фактам
prod_01KY5SGSVKB23HTZE0WZ0JA2RC,pr-16-1,PR-16-1,"Кровать 1,5-сп.140*190 без изножья",Полутораспальная кровать Принцесса Роза (140 × 190) без изножья,Принцесса Роза,Кровати,"Кровать 1,5-сп.140*190 без изножья
В названии прайса указано: без изножья
1092 × 1494 × 2010 мм
Порядок: высота, ширина, глубина. Источник - ячейка прайса 18.09.2026",,Полутораспальная кровать Принцесса Роза (140 × 190) без изножья | Woodright,Полутораспальная кровать Принцесса Роза (140 × 190) без изножья. Посмотрите размеры и цену на сайте Woodright.,"title: repaired_legacy_noise; phrased_type_head; added_model:Принцесса Роза; model from collection=princess-rose | description: only title_echo, provenance_line, dimension_line, provenance_line; metadata.dimensions: ширина 149,4 см, глубина 201 см, высота 109,2 см",strong,HOLD,в описании только служебные строки прайса - на PDP скрыты; нужен авторский текст по фактам
prod_01KY5SGT96DFCN1HW2BA1ASB5T,pr-23-1,PR-23-1,Стул,Стул Принцесса Роза,Принцесса Роза,Стулья,"Стул
905 × 480 × 460 мм
Порядок: высота, ширина, глубина. Источник - ячейка прайса 18.09.2026",,Стул Принцесса Роза | Woodright,Стул Принцесса Роза. Посмотрите размеры и цену на сайте Woodright.,"title: added_model:Принцесса Роза; model from collection=princess-rose | description: only title_echo, dimension_line, provenance_line; metadata.dimensions: ширина 48 см, глубина 46 см, высота 90,5 см",strong,HOLD,в описании только служебные строки прайса - на PDP скрыты; нужен авторский текст по фактам
prod_01KY5SGT961GF2C814VWFGRAQV,pr-30-1,PR-30-1,Часы,Часы Принцесса Роза,Принцесса Роза,Часы,,,Часы Принцесса Роза | Woodright,Часы Принцесса Роза. Посмотрите размеры и цену на сайте Woodright.,"title: added_model:Принцесса Роза; model from collection=princess-rose | description: empty; metadata.dimensions: ширина 28,8 см, глубина 4 см, высота 37,4 см",strong,HOLD,описания нет; meta берётся из имени и фактов
prod_01KY5SGT972DVS2DZMP28DGXTK,pr-42-1,PR-42-1,Тумба для телевизора (ручки Swarovski),Тумба для телевизора Принцесса Роза (ручки Сваровски),Принцесса Роза,Тумбы,"Тумба для телевизора (ручки Swarovski)
В названии прайса указаны ручки Swarovski
584 × 1160 × 476 мм
Порядок: высота, ширина, глубина. Источник - ячейка прайса 18.09.2026",,Тумба для телевизора Принцесса Роза (ручки Сваровски) | Woodright,Тумба для телевизора Принцесса Роза (ручки Сваровски). Посмотрите размеры и цену на сайте Woodright.,"title: added_model:Принцесса Роза; model from collection=princess-rose | description: only title_echo, provenance_line, dimension_line, provenance_line; metadata.dimensions: ширина 116 см, глубина 47,6 см, высота 58,4 см",strong,HOLD,в описании только служебные строки прайса - на PDP скрыты; нужен авторский текст по фактам
prod_01KY5SGT976X5YGWC3XG5F14XV,pr-55-1,PR-55-1,Банкетка малая,Малая банкетка Принцесса Роза,Принцесса Роза,Скамейки,"Банкетка малая
450 × 470 × 400 мм
Порядок: высота, ширина, глубина. Источник - ячейка прайса 18.09.2026",,Малая банкетка Принцесса Роза | Woodright,Малая банкетка Принцесса Роза. Посмотрите размеры и цену на сайте Woodright.,"title: phrased_type_head; added_model:Принцесса Роза; model from collection=princess-rose | description: only title_echo, dimension_line, provenance_line; metadata.dimensions: ширина 47 см, глубина 40 см, высота 45 см",strong,HOLD,в описании только служебные строки прайса - на PDP скрыты; нужен авторский текст по фактам
prod_01KY5SGT97Z160SGK79W89EB1M,pr-55-2,PR-55-2,Банкетка большая,Большая банкетка Принцесса Роза,Принцесса Роза,Скамейки,"Банкетка большая
450 × 850 × 400 мм
Порядок: высота, ширина, глубина. Источник - ячейка прайса 18.09.2026",,Большая банкетка Принцесса Роза | Woodright,Большая банкетка Принцесса Роза. Посмотрите размеры и цену на сайте Woodright.,"title: phrased_type_head; added_model:Принцесса Роза; model from collection=princess-rose | description: only title_echo, dimension_line, provenance_line; metadata.dimensions: ширина 85 см, глубина 40 см, высота 45 см",strong,HOLD,в описании только служебные строки прайса - на PDP скрыты; нужен авторский текст по фактам
prod_01KY5SGTNJ75PWBX19CSYYCV19,pr-61-1,PR-61-1,Шкаф книжный с рисунком,Книжный шкаф Принцесса Роза с рисунком,Принцесса Роза,Шкафы,"Шкаф книжный с рисунком
В названии прайса указан рисунок
2080 × 1200 × 465 мм
Порядок: высота, ширина, глубина. Источник - ячейка прайса 18.09.2026",,Книжный шкаф Принцесса Роза с рисунком | Woodright,Книжный шкаф Принцесса Роза с рисунком. Посмотрите размеры и цену на сайте Woodright.,"title: phrased_type_head; added_model:Принцесса Роза; model from collection=princess-rose | description: only title_echo, provenance_line, dimension_line, provenance_line; metadata.dimensions: ширина 120 см, глубина 46,5 см, высота 208 см",strong,HOLD,в описании только служебные строки прайса - на PDP скрыты; нужен авторский текст по фактам
prod_01KY5SGTNJ8ED14EVSY6WBMVF3,pr-62-1,PR-62-1,Стеллаж для книг,Стеллаж для книг Принцесса Роза,Принцесса Роза,Стеллажи,"Стеллаж для книг
2080 × 1200 × 465 мм
Порядок: высота, ширина, глубина. Источник - ячейка прайса 18.09.2026",,Стеллаж для книг Принцесса Роза | Woodright,Стеллаж для книг Принцесса Роза. Посмотрите размеры и цену на сайте Woodright.,"title: added_model:Принцесса Роза; model from collection=princess-rose | description: only title_echo, dimension_line, provenance_line; metadata.dimensions: ширина 120 см, глубина 46,5 см, высота 208 см",strong,HOLD,в описании только служебные строки прайса - на PDP скрыты; нужен авторский текст по фактам
prod_01KY5SGTNJ3NCPAZK981Z7DXCC,pr-65-5,PR-65-5,Стол письменный 1-тумб. 0П (ручки Swarovski),"Однотумбовый письменный стол Принцесса Роза (тумба с полками справа, ручки Сваровски)",Принцесса Роза,Столы,"Стол письменный 1-тумб. 0П (ручки Swarovski)
В названии прайса указаны ручки Swarovski
750 × 1140 × 647 мм
Порядок: высота, ширина, глубина. Источник - ячейка прайса 18.09.2026",,"Однотумбовый письменный стол Принцесса Роза (тумба с полками справа, ручки Сваровски) | Woodright","Однотумбовый письменный стол Принцесса Роза (тумба с полками справа, ручки Сваровски). Посмотрите размеры и цену на сайте Woodright.","title: expanded_desk_code; phrased_type_head; added_model:Принцесса Роза; model from collection=princess-rose | description: only title_echo, provenance_line, dimension_line, provenance_line; metadata.dimensions: ширина 114 см, глубина 64,7 см, высота 75 см",strong,HOLD,в описании только служебные строки прайса - на PDP скрыты; нужен авторский текст по фактам
prod_01KY5SGTNJR43K6B77760KAHM8,pr-65-6,PR-65-6,Стол письменный 1-тумб. П0 (ручки Swarovski),"Однотумбовый письменный стол Принцесса Роза (тумба с полками слева, ручки Сваровски)",Принцесса Роза,Столы,"Стол письменный 1-тумб. П0 (ручки Swarovski)
В названии прайса указаны ручки Swarovski
750 × 1140 × 647 мм
Порядок: высота, ширина, глубина. Источник - ячейка прайса 18.09.2026",,"Однотумбовый письменный стол Принцесса Роза (тумба с полками слева, ручки Сваровски) | Woodright","Однотумбовый письменный стол Принцесса Роза (тумба с полками слева, ручки Сваровски). Посмотрите размеры и цену на сайте Woodright.","title: expanded_desk_code; phrased_type_head; added_model:Принцесса Роза; model from collection=princess-rose | description: only title_echo, provenance_line, dimension_line, provenance_line; metadata.dimensions: ширина 114 см, глубина 64,7 см, высота 75 см",strong,HOLD,в описании только служебные строки прайса - на PDP скрыты; нужен авторский текст по фактам
prod_01KY5SGTNJ8T30XBD3Q2F160KQ,pr-65-7,PR-65-7,Стол письменный 1-тумб. 0Я (ручки Swarovski),"Однотумбовый письменный стол Принцесса Роза (тумба с ящиками справа, ручки Сваровски)",Принцесса Роза,Столы,"Стол письменный 1-тумб. 0Я (ручки Swarovski)
В названии прайса указаны ручки Swarovski
750 × 1140 × 647 мм
Порядок: высота, ширина, глубина. Источник - ячейка прайса 18.09.2026",,"Однотумбовый письменный стол Принцесса Роза (тумба с ящиками справа, ручки Сваровски) | Woodright","Однотумбовый письменный стол Принцесса Роза (тумба с ящиками справа, ручки Сваровски). Посмотрите размеры и цену на сайте Woodright.","title: expanded_desk_code; phrased_type_head; added_model:Принцесса Роза; model from collection=princess-rose | description: only title_echo, provenance_line, dimension_line, provenance_line; metadata.dimensions: ширина 114 см, глубина 64,7 см, высота 75 см",strong,HOLD,в описании только служебные строки прайса - на PDP скрыты; нужен авторский текст по фактам
prod_01KY5SGV1WEK35396GTXX77XGZ,pr-65-8,PR-65-8,Стол письменный 1-тумб. Я0 (ручки Swarovski),"Однотумбовый письменный стол Принцесса Роза (тумба с ящиками слева, ручки Сваровски)",Принцесса Роза,Столы,"Стол письменный 1-тумб. Я0 (ручки Swarovski)
В названии прайса указаны ручки Swarovski
750 × 1140 × 647 мм
Порядок: высота, ширина, глубина. Источник - ячейка прайса 18.09.2026",,"Однотумбовый письменный стол Принцесса Роза (тумба с ящиками слева, ручки Сваровски) | Woodright","Однотумбовый письменный стол Принцесса Роза (тумба с ящиками слева, ручки Сваровски). Посмотрите размеры и цену на сайте Woodright.","title: expanded_desk_code; phrased_type_head; added_model:Принцесса Роза; model from collection=princess-rose | description: only title_echo, provenance_line, dimension_line, provenance_line; metadata.dimensions: ширина 114 см, глубина 64,7 см, высота 75 см",strong,HOLD,в описании только служебные строки прайса - на PDP скрыты; нужен авторский текст по фактам
prod_01KY5SGV1WRRDFW11YCB0EA6T4,pr-66-6,PR-66-6,Стол письменный 2-тумб. ПЯ (ручки Swarovski),"Двухтумбовый письменный стол Принцесса Роза (полки слева, ящики справа, ручки Сваровски)",Принцесса Роза,Столы,"Стол письменный 2-тумб. ПЯ (ручки Swarovski)
В названии прайса указаны ручки Swarovski
750 × 1535 × 700 мм
Порядок: высота, ширина, глубина. Источник - ячейка прайса 18.09.2026",,"Двухтумбовый письменный стол Принцесса Роза (полки слева, ящики справа, ручки Сваровски) | Woodright","Двухтумбовый письменный стол Принцесса Роза (полки слева, ящики справа, ручки Сваровски). Посмотрите размеры и цену на сайте Woodright.","title: expanded_desk_code; phrased_type_head; added_model:Принцесса Роза; model from collection=princess-rose | description: only title_echo, provenance_line, dimension_line, provenance_line; metadata.dimensions: ширина 153,5 см, глубина 70 см, высота 75 см",strong,HOLD,в описании только служебные строки прайса - на PDP скрыты; нужен авторский текст по фактам
prod_01KY5SGV1XXQC4E0EQ1BWBY0HD,pr-66-7,PR-66-7,Стол письменный 2-тумб. ЯП (ручки Swarovski),"Двухтумбовый письменный стол Принцесса Роза (ящики слева, полки справа, ручки Сваровски)",Принцесса Роза,Столы,"Стол письменный 2-тумб. ЯП (ручки Swarovski)
В названии прайса указаны ручки Swarovski
750 × 1535 × 700 мм
Порядок: высота, ширина, глубина. Источник - ячейка прайса 18.09.2026",,"Двухтумбовый письменный стол Принцесса Роза (ящики слева, полки справа, ручки Сваровски) | Woodright","Двухтумбовый письменный стол Принцесса Роза (ящики слева, полки справа, ручки Сваровски). Посмотрите размеры и цену на сайте Woodright.","title: expanded_desk_code; phrased_type_head; added_model:Принцесса Роза; model from collection=princess-rose | description: only title_echo, provenance_line, dimension_line, provenance_line; metadata.dimensions: ширина 153,5 см, глубина 70 см, высота 75 см",strong,HOLD,в описании только служебные строки прайса - на PDP скрыты; нужен авторский текст по фактам
prod_01KY5SGV1XVBBVW4R08GR1FKG2,pr-68-1,PR-68-1,Этажерка малая 3 полки,"Малая этажерка Принцесса Роза, 3 полки",Принцесса Роза,Полки,"Этажерка малая 3 полки
800 × 480 × 350 мм
Порядок: высота, ширина, глубина. Источник - ячейка прайса 18.09.2026",,"Малая этажерка Принцесса Роза, 3 полки | Woodright","Малая этажерка Принцесса Роза, 3 полки. Посмотрите размеры и цену на сайте Woodright.","title: phrased_type_head; added_model:Принцесса Роза; model from collection=princess-rose | description: only title_echo, dimension_line, provenance_line; metadata.dimensions: ширина 48 см, глубина 35 см, высота 80 см",strong,HOLD,в описании только служебные строки прайса - на PDP скрыты; нужен авторский текст по фактам
prod_01KY5SGV1XJ25MJSRT5WS21J8H,pr-68-2,PR-68-2,Этажерка большая 6 полок,"Большая этажерка Принцесса Роза, 6 полок",Принцесса Роза,Стеллажи,"Этажерка большая 6 полок
1770 × 885 × 362 мм
Порядок: высота, ширина, глубина. Источник - ячейка прайса 18.09.2026",,"Большая этажерка Принцесса Роза, 6 полок | Woodright","Большая этажерка Принцесса Роза, 6 полок. Посмотрите размеры и цену на сайте Woodright.","title: phrased_type_head; added_model:Принцесса Роза; model from collection=princess-rose | description: only title_echo, dimension_line, provenance_line; metadata.dimensions: ширина 88,5 см, глубина 36,2 см, высота 177 см",strong,HOLD,в описании только служебные строки прайса - на PDP скрыты; нужен авторский текст по фактам
prod_01KY5SGVFE2VQP1S21FMGZQJK7,pr-69-1,PR-69-1,Полка книжная,Книжная полка Принцесса Роза,Принцесса Роза,Полки,"Полка книжная
318 × 700 × 245 мм
Порядок: высота, ширина, глубина. Источник - ячейка прайса 18.09.2026",,Книжная полка Принцесса Роза | Woodright,Книжная полка Принцесса Роза. Посмотрите размеры и цену на сайте Woodright.,"title: phrased_type_head; added_model:Принцесса Роза; model from collection=princess-rose | description: only title_echo, dimension_line, provenance_line; metadata.dimensions: ширина 70 см, глубина 24,5 см, высота 31,8 см",strong,HOLD,в описании только служебные строки прайса - на PDP скрыты; нужен авторский текст по фактам
prod_01KY5SGVFEXNPFNZ7HSX5SMEV0,pr-81-1,PR-81-1,Столик  детский,Детский столик Принцесса Роза,Принцесса Роза,Столы,"Столик детский
520 × 794 × 590 мм
Порядок: высота, ширина, глубина. Источник - ячейка прайса 18.09.2026",,Детский столик Принцесса Роза | Woodright,Детский столик Принцесса Роза. Посмотрите размеры и цену на сайте Woodright.,"title: repaired_legacy_noise; phrased_type_head; added_model:Принцесса Роза; model from collection=princess-rose | description: only title_echo, dimension_line, provenance_line; metadata.dimensions: ширина 79,4 см, глубина 59 см, высота 52 см",strong,HOLD,в описании только служебные строки прайса - на PDP скрыты; нужен авторский текст по фактам
prod_01KY5SGVFE6AX18AXNBRZP3PY5,pr-82-1,PR-82-1,Стульчик  детский с рисунком,Детский стульчик Принцесса Роза с рисунком,Принцесса Роза,Стулья,"Стульчик детский с рисунком
В названии прайса указан рисунок
580 × 315 × 327 мм
Порядок: высота, ширина, глубина. Источник - ячейка прайса 18.09.2026",,Детский стульчик Принцесса Роза с рисунком | Woodright,Детский стульчик Принцесса Роза с рисунком. Посмотрите размеры и цену на сайте Woodright.,"title: repaired_legacy_noise; phrased_type_head; added_model:Принцесса Роза; model from collection=princess-rose | description: only title_echo, provenance_line, dimension_line, provenance_line; metadata.dimensions: ширина 31,5 см, глубина 32,7 см, высота 58 см",strong,HOLD,в описании только служебные строки прайса - на PDP скрыты; нужен авторский текст по фактам
prod_01KY5SGVFEMRJVGEPSYJM9M6E5,pr-83-1,PR-83-1,Столешница пеленальная съемная с рисунком,Съёмная пеленальная столешница Принцесса Роза с рисунком,Принцесса Роза,Пеленальные столешницы,,,Съёмная пеленальная столешница Принцесса Роза с рисунком | Woodright,Съёмная пеленальная столешница Принцесса Роза с рисунком. Посмотрите размеры и цену на сайте Woodright.,"title: phrased_type_head; added_model:Принцесса Роза; model from collection=princess-rose | description: empty; metadata.dimensions: ширина 88,1 см, глубина 75 см, высота 17,9 см",strong,HOLD,описания нет; meta берётся из имени и фактов
prod_01KY5SGVFEY7HTVYNXNZ716XQ4,pr-84-1,PR-84-1,Бортик к кровати малый,Малый бортик к кровати Принцесса Роза,Принцесса Роза,Бортики,,,Малый бортик к кровати Принцесса Роза | Woodright,Малый бортик к кровати Принцесса Роза. Посмотрите размеры и цену на сайте Woodright.,"title: phrased_type_head; added_model:Принцесса Роза; model from collection=princess-rose | description: empty; metadata.dimensions: ширина 70 см, глубина 4 см, высота 30 см",strong,HOLD,описания нет; meta берётся из имени и фактов
prod_01KY5SGVWKSZ8ZKQRPP8349G3M,pr-84-2,PR-84-2,Бортик к кровати большой,Большой бортик к кровати Принцесса Роза,Принцесса Роза,Бортики,,,Большой бортик к кровати Принцесса Роза | Woodright,Большой бортик к кровати Принцесса Роза. Посмотрите размеры и цену на сайте Woodright.,"title: phrased_type_head; added_model:Принцесса Роза; model from collection=princess-rose | description: empty; metadata.dimensions: ширина 100 см, глубина 4 см, высота 30 см",strong,HOLD,описания нет; meta берётся из имени и фактов
prod_01KY5SGVWM5FB5BNSMVVX7ZV3C,pr-95-1,PR-95-1,Кровать - трансформер (80*150) с рисунком,Кровать-трансформер Принцесса Роза (80 × 150) с рисунком,Принцесса Роза,Кровати,"Кровать - трансформер (80*150) с рисунком
В названии прайса указан рисунок
1179 × 906 × 1806 мм
Порядок: высота, ширина, глубина. Источник - ячейка прайса 18.09.2026",,Кровать-трансформер Принцесса Роза (80 × 150) с рисунком | Woodright,Кровать-трансформер Принцесса Роза (80 × 150) с рисунком. Посмотрите размеры и цену на сайте Woodright.,"title: phrased_type_head; added_model:Принцесса Роза; model from collection=princess-rose | description: only title_echo, provenance_line, dimension_line, provenance_line; metadata.dimensions: ширина 90,6 см, глубина 180,6 см, высота 117,9 см",strong,HOLD,в описании только служебные строки прайса - на PDP скрыты; нужен авторский текст по фактам
prod_01KY5SGVWMB3WK9G8105MZXG2Q,pr-95-2,PR-95-2,Кровать - трансформер (80*150) без рисунка,Кровать-трансформер Принцесса Роза (80 × 150) без рисунка,Принцесса Роза,Кровати,"Кровать - трансформер (80*150) без рисунка
В названии прайса указано: без рисунка
1179 × 906 × 1806 мм
Порядок: высота, ширина, глубина. Источник - ячейка прайса 18.09.2026",,Кровать-трансформер Принцесса Роза (80 × 150) без рисунка | Woodright,Кровать-трансформер Принцесса Роза (80 × 150) без рисунка. Посмотрите размеры и цену на сайте Woodright.,"title: phrased_type_head; added_model:Принцесса Роза; model from collection=princess-rose | description: only title_echo, provenance_line, dimension_line, provenance_line; metadata.dimensions: ширина 90,6 см, глубина 180,6 см, высота 117,9 см",strong,HOLD,в описании только служебные строки прайса - на PDP скрыты; нужен авторский текст по фактам
prod_01KY5SGVWMN395JJZF3VENNC9Z,pr-95-3,PR-95-3,Кровать - трансформер (80*150) с тканью,Кровать-трансформер Принцесса Роза (80 × 150) с тканью,Принцесса Роза,Кровати,"Кровать - трансформер (80*150) с тканью
В названии прайса указана ткань
1179 × 906 × 1806 мм
Порядок: высота, ширина, глубина. Источник - ячейка прайса 18.09.2026",,Кровать-трансформер Принцесса Роза (80 × 150) с тканью | Woodright,Кровать-трансформер Принцесса Роза (80 × 150) с тканью. Посмотрите размеры и цену на сайте Woodright.,"title: phrased_type_head; added_model:Принцесса Роза; model from collection=princess-rose | description: only title_echo, provenance_line, dimension_line, provenance_line; metadata.dimensions: ширина 90,6 см, глубина 180,6 см, высота 117,9 см",strong,HOLD,в описании только служебные строки прайса - на PDP скрыты; нужен авторский текст по фактам
prod_01KNTBXADY8MGT1TX966D4CEVJ,pv-02-1,PV-02-1,Шкаф для одежды 2-дв.,Двухдверный шкаф для одежды Прованс,Прованс,Шкафы,"Двухдверный шкаф коллекции Provence: фронт 120 см, глубина 63 см, высота 208 см - основной формат хранения одежды для спальни. Отделка выбирается из двух: тёмное дерево или молочный - тёмная версия делает шкаф якорем комнаты, светлая растворяет его в стене.

Трёхдверная модель линейки продолжает тот же язык на большую площадь.

Есть варианты исполнения - уточним в заявке",,Двухдверный шкаф для одежды Прованс | Woodright,"Двухдверный шкаф коллекции Provence: фронт 120 см, глубина 63 см, высота 208 см - основной формат хранения одежды для спальни.",title: phrased_type_head; added_model:Прованс; model from collection=provence,exact,APPLY,"общая фраза об исполнении: на PDP остаётся, в meta/JSON-LD не идёт | в описании латиница в названии коллекции (H1 - кириллица); правка текста - решение владельца"
prod_01KNTBXADY5TFY8ABDDZN9FQ0R,pv-03-1,PV-03-1,Шкаф для одежды 3-дв.,Трёхдверный шкаф для одежды Прованс,Прованс,Шкафы,"Трёхдверный платяной шкаф Provence: фронт 173 см, глубина 63 см, высота 214 см. Формат для комнаты, где шкаф берёт на себя роль гардеробной.

Как и вся корпусная мебель коллекции, выпускается в двух отделках - тёмное дерево или молочный; в большой плоскости трёх фасадов разница между ними особенно заметна.

Есть варианты исполнения - уточним в заявке",,Трёхдверный шкаф для одежды Прованс | Woodright,"Трёхдверный платяной шкаф Provence: фронт 173 см, глубина 63 см, высота 214 см. Формат для комнаты, где шкаф берёт на себя роль гардеробной.",title: phrased_type_head; added_model:Прованс; model from collection=provence,exact,APPLY,"общая фраза об исполнении: на PDP остаётся, в meta/JSON-LD не идёт | в описании латиница в названии коллекции (H1 - кириллица); правка текста - решение владельца"
prod_01KNTBXADY27NDFV0Y2HHSYP8H,pv-05-2,PV-05-2,Комод стандартный,Стандартный комод Прованс,Прованс,Комоды,"Комод Provence: 90 см по фронту, 57 см в глубину, 90 см в высоту. Почти кубические пропорции дают устойчивый, спокойный силуэт, а столешница на высоте 90 см удобна как поверхность для пользования стоя.

Отделка - тёмное дерево или молочный, в тон остальным предметам коллекции; над комодом естественно встаёт навесное зеркало Provence.

Есть варианты исполнения - уточним в заявке",,Стандартный комод Прованс | Woodright,"Комод Provence: 90 см по фронту, 57 см в глубину, 90 см в высоту.",title: phrased_type_head; added_model:Прованс; model from collection=provence,exact,APPLY,"общая фраза об исполнении: на PDP остаётся, в meta/JSON-LD не идёт | в описании латиница в названии коллекции (H1 - кириллица); правка текста - решение владельца"
prod_01KNTBXADYD2QEG17C5CVDACD0,pv-06-2,PV-06-2,Столик туалетный,Туалетный столик Прованс,Прованс,Столы,"Туалетный столик Provence: столешница 120 × 50 см на высоте 75 см - место утренних сборов в спальне. Столик рассчитан на пару с навесным или напольным зеркалом коллекции и банкеткой Provence.

Отделка на выбор - тёмное дерево или молочный; светлая версия традиционна для туалетных столиков, тёмная превращает его в строгий рабочий стол по совместительству.

Есть варианты исполнения - уточним в заявке",,Туалетный столик Прованс | Woodright,Туалетный столик Provence: столешница 120 × 50 см на высоте 75 см - место утренних сборов в спальне.,title: phrased_type_head; added_model:Прованс; model from collection=provence,exact,APPLY,"общая фраза об исполнении: на PDP остаётся, в meta/JSON-LD не идёт | в описании латиница в названии коллекции (H1 - кириллица); правка текста - решение владельца"
prod_01KNTBXADZ0N4TS4WY52563JDS,pv-08-2,PV-08-2,Тумбочка прикроватная,Прикроватная тумба Прованс,Прованс,Тумбы,"Прикроватная тумбочка Provence: 53 см в ширину, 45 см в глубину, 60 см в высоту - посадка под кровати коллекции, столешница на уровне руки лежащего. Отделка - тёмное дерево или молочный; пара тумбочек в тон кровати собирает спальную стену в симметричную композицию.

Есть варианты исполнения - уточним в заявке",,Прикроватная тумба Прованс | Woodright,"Прикроватная тумбочка Provence: 53 см в ширину, 45 см в глубину, 60 см в высоту - посадка под кровати коллекции, столешница на уровне руки лежащего.",title: phrased_type_head; added_model:Прованс; model from collection=provence,exact,APPLY,"общая фраза об исполнении: на PDP остаётся, в meta/JSON-LD не идёт | в описании латиница в названии коллекции (H1 - кириллица); правка текста - решение владельца"
prod_01KNTBXADZPXF7NK73PQ8W0ZBK,pv-09-1,PV-09-1,Зеркало навесное,Навесное зеркало Прованс,Прованс,Зеркала,"Навесное зеркало Provence: полотно 60 × 80 см при глубине 3 см. Формат подобран под корпусную мебель коллекции - над комодом или туалетным столиком зеркало завершает композицию, не перегружая стену.

Рама выпускается в двух отделках коллекции: тёмное дерево или молочный.

Есть варианты исполнения - уточним в заявке",,Навесное зеркало Прованс | Woodright,Навесное зеркало Provence: полотно 60 × 80 см при глубине 3 см.,title: phrased_type_head; added_model:Прованс; model from collection=provence,exact,APPLY,"общая фраза об исполнении: на PDP остаётся, в meta/JSON-LD не идёт | в описании латиница в названии коллекции (H1 - кириллица); правка текста - решение владельца"
prod_01KNTBXADZRTE98AF3F3ZQKF8E,pv-09-2,PV-09-2,Зеркало напольное,Напольное зеркало Прованс,Прованс,Зеркала,"Напольное зеркало Provence высотой 167 см - отражение в полный рост без сверления стен. Основание глубиной 39 см держит его устойчиво, а сам предмет остаётся мобильным: зеркало двигается вслед за светом или новой расстановкой.

Естественная пара к шкафам коллекции, у которых нет зеркальных дверец.

Есть варианты исполнения - уточним в заявке",,Напольное зеркало Прованс | Woodright,Напольное зеркало Provence высотой 167 см - отражение в полный рост без сверления стен.,title: phrased_type_head; added_model:Прованс; model from collection=provence,exact,APPLY,"общая фраза об исполнении: на PDP остаётся, в meta/JSON-LD не идёт | в описании латиница в названии коллекции (H1 - кириллица); правка текста - решение владельца"
prod_01KNTBXADZFWE9YRK0K60DDHR2,pv-14-1,PV-14-1,Кровать 1-сп. (90×190) без изножья,Односпальная кровать Прованс (90 × 190) без изножья,Прованс,Кровати,"Односпальная кровать Provence под матрас 90 × 190 см: корпус 99 × 201 см, изголовье высотой 106 см. Изножья нет - открытый нижний край освобождает проход и упрощает уборку, что в комнатах под односпальную кровать обычно критично.

Формат для детской, подростковой или гостевой комнаты в общем языке коллекции.

Есть варианты исполнения - уточним в заявке",,Односпальная кровать Прованс (90 × 190) без изножья | Woodright,"Односпальная кровать Provence под матрас 90 × 190 см: корпус 99 × 201 см, изголовье высотой 106 см.",title: phrased_type_head; added_model:Прованс; model from collection=provence,exact,APPLY,"общая фраза об исполнении: на PDP остаётся, в meta/JSON-LD не идёт | в описании латиница в названии коллекции (H1 - кириллица); правка текста - решение владельца"
prod_01KNTBXADZTNAKE49PYM4N1C8W,pv-15-1,PV-15-1,"Кровать 1,5-сп. (120×190) без изножья",Полутораспальная кровать Прованс (120 × 190) без изножья,Прованс,Кровати,"Полуторная кровать Provence под матрас 120 × 190 см: корпус 129 × 201 см, изголовье 107 см, без изножья. Формат для одного человека с запасом ширины - в подростковой комнате или небольшой спальне.

В линейке есть версия с тканевой вставкой в изголовье, если хочется смягчить деревянную спинку.

Есть варианты исполнения - уточним в заявке",,Полутораспальная кровать Прованс (120 × 190) без изножья | Woodright,"Полуторная кровать Provence под матрас 120 × 190 см: корпус 129 × 201 см, изголовье 107 см, без изножья.",title: phrased_type_head; added_model:Прованс; model from collection=provence,exact,APPLY,"общая фраза об исполнении: на PDP остаётся, в meta/JSON-LD не идёт | в описании латиница в названии коллекции (H1 - кириллица); правка текста - решение владельца"
prod_01KNTBXADZV2X8RHE2JG709BTE,pv-15-2,PV-15-2,"Кровать 1,5-сп. (120×190) с тканью без изножья",Полутораспальная кровать Прованс (120 × 190) с тканью без изножья,Прованс,Кровати,"Версия полуторной кровати Provence с тканевой вставкой в изголовье: матрас 120 × 190 см, корпус 129 × 201 см, без изножья. Ткань смягчает спинку - к ней приятнее прислоняться с книгой, и кровать выглядит теплее полностью деревянной модели.

Остальная геометрия совпадает с базовой полуторной кроватью линейки.

Есть варианты исполнения - уточним в заявке",,Полутораспальная кровать Прованс (120 × 190) с тканью без изножья | Woodright,"Версия полуторной кровати Provence с тканевой вставкой в изголовье: матрас 120 × 190 см, корпус 129 × 201 см, без изножья.",title: phrased_type_head; added_model:Прованс; model from collection=provence,exact,APPLY,"общая фраза об исполнении: на PDP остаётся, в meta/JSON-LD не идёт | в описании латиница в названии коллекции (H1 - кириллица); правка текста - решение владельца"
prod_01KNTBXAE066FZ9JPRECQ0GZMJ,pv-16-1,PV-16-1,"Кровать 1,5-сп. (140×190) без изножья",Полутораспальная кровать Прованс (140 × 190) без изножья,Прованс,Кровати,"Кровать Provence под матрас 140 × 190 см - минимальный формат, на котором спят вдвоём. Корпус 149 × 201 см, изголовье 109 см, изножья нет: открытый край экономит главное, чего не хватает при двуспальной кровати в небольшой комнате, - проход.

Есть версия с тканевой вставкой в изголовье.

Есть варианты исполнения - уточним в заявке",,Полутораспальная кровать Прованс (140 × 190) без изножья | Woodright,"Кровать Provence под матрас 140 × 190 см - минимальный формат, на котором спят вдвоём.",title: phrased_type_head; added_model:Прованс; model from collection=provence,exact,APPLY,"общая фраза об исполнении: на PDP остаётся, в meta/JSON-LD не идёт | в описании латиница в названии коллекции (H1 - кириллица); правка текста - решение владельца"
prod_01KX1PJA6R9QNP7AQBG4NHWNED,pv-16-2,PV-16-2,"Кровать 1,5-сп. (140×190) с тканью без изножья",Полутораспальная кровать Прованс (140 × 190) с тканью без изножья,Прованс,Кровати,"Кровать Provence под матрас 140 × 190 см с тканевой вставкой в изголовье, без изножья. Мягкая спинка делает удобной посадку в кровати - читать и работать с ноутбуком можно, откинувшись на изголовье, а не на подушки.

Корпус 149 × 201 см повторяет базовую модель линейки.

Есть варианты исполнения - уточним в заявке",,Полутораспальная кровать Прованс (140 × 190) с тканью без изножья | Woodright,"Кровать Provence под матрас 140 × 190 см с тканевой вставкой в изголовье, без изножья.",title: phrased_type_head; added_model:Прованс; model from collection=provence,exact,APPLY,"общая фраза об исполнении: на PDP остаётся, в meta/JSON-LD не идёт | в описании латиница в названии коллекции (H1 - кириллица); правка текста - решение владельца"
prod_01KNTBXAE02HB0SM89W0BM82A2,pv-17-1,PV-17-1,Кровать 2-сп. (160×200) без изножья,Двуспальная кровать Прованс (160 × 200) без изножья,Прованс,Кровати,"Основная двуспальная кровать Provence: матрас 160 × 200 см, корпус 169 × 211 см, изголовье высотой 111 см. Изножья нет - силуэт легче, проход вдоль кровати свободнее.

Вместе с парой прикроватных тумбочек и комодом коллекции собирает спальню в цельную комнату; для просторных спален в линейке есть формат 180 × 200 см.

Есть варианты исполнения - уточним в заявке",,Двуспальная кровать Прованс (160 × 200) без изножья | Woodright,"Основная двуспальная кровать Provence: матрас 160 × 200 см, корпус 169 × 211 см, изголовье высотой 111 см.",title: phrased_type_head; added_model:Прованс; model from collection=provence,exact,APPLY,"общая фраза об исполнении: на PDP остаётся, в meta/JSON-LD не идёт | в описании латиница в названии коллекции (H1 - кириллица); правка текста - решение владельца"
prod_01KNTBXAE0HEVEGEFCZTYRNDG2,pv-18-1,PV-18-1,Кровать 2-сп. (180×200) без изножья,Двуспальная кровать Прованс (180 × 200) без изножья,Прованс,Кровати,"Самая широкая кровать Provence: матрас 180 × 200 см, корпус 189 × 211 см, изголовье 112 см, без изножья. Формат просторной спальни - почти двухметровая спальная стена, которую изголовье и пара тумбочек коллекции превращают в законченную композицию.

Отделка - тёмное дерево или молочный, как у остальной корпусной мебели Provence.

Есть варианты исполнения - уточним в заявке",,Двуспальная кровать Прованс (180 × 200) без изножья | Woodright,"Самая широкая кровать Provence: матрас 180 × 200 см, корпус 189 × 211 см, изголовье 112 см, без изножья.",title: phrased_type_head; added_model:Прованс; model from collection=provence,exact,APPLY,"общая фраза об исполнении: на PDP остаётся, в meta/JSON-LD не идёт | в описании латиница в названии коллекции (H1 - кириллица); правка текста - решение владельца"
prod_01KNTBXAE0GEC1WW45XKYYC264,pv-23-1,PV-23-1,Стул,Стул Прованс,Прованс,Стулья,"Стул Provence: 48 × 46 см в плане, высота по спинке 90,5 см. Отделка - тёмное дерево или молочный; комплект стульев можно собрать в одном цвете или чередовать светлые и тёмные вокруг одного стола.

Это стул столовой - со спинкой полной высоты, а не табурет.

Есть варианты исполнения - уточним в заявке",,Стул Прованс | Woodright,"Стул Provence: 48 × 46 см в плане, высота по спинке 90,5 см.",title: added_model:Прованс; model from collection=provence,exact,APPLY,"общая фраза об исполнении: на PDP остаётся, в meta/JSON-LD не идёт | в описании латиница в названии коллекции (H1 - кириллица); правка текста - решение владельца"
prod_01KNTBXAE0TNXMTQHFTYAZZFQG,pv-42-2,PV-42-2,Тумба для телевизора,Тумба для телевизора Прованс,Прованс,Тумбы,"Тумба Provence под телевизор: 116 см по фронту, 48 см в глубину, 58 см в высоту. Низкий корпус держит экран на удобной высоте для просмотра с дивана и вмещает технику с проводами.

Отделка - тёмное дерево или молочный: тёмная версия делает спокойнее зону с экраном, светлая делает её незаметнее.

Есть варианты исполнения - уточним в заявке",,Тумба для телевизора Прованс | Woodright,"Тумба Provence под телевизор: 116 см по фронту, 48 см в глубину, 58 см в высоту.",title: added_model:Прованс; model from collection=provence,exact,APPLY,"общая фраза об исполнении: на PDP остаётся, в meta/JSON-LD не идёт | в описании латиница в названии коллекции (H1 - кириллица); правка текста - решение владельца"
prod_01KNTBXAE0HJGHFQ8P7HTHCGTR,pv-43-1,PV-43-1,Столик чайный,Чайный столик Прованс,Прованс,Столы,"Чайный столик Provence: столешница диаметром 60 см на высоте 75 см. Столик для мягкой зоны - чашка, книга, очки; круглая форма без углов удобна там, где вокруг постоянно двигаются.

Лёгкий предмет, который не требует своего места в планировке - он там, где сейчас сидят.

Есть варианты исполнения - уточним в заявке",,Чайный столик Прованс | Woodright,Чайный столик Provence: столешница диаметром 60 см на высоте 75 см.,title: phrased_type_head; added_model:Прованс; model from collection=provence,exact,APPLY,"общая фраза об исполнении: на PDP остаётся, в meta/JSON-LD не идёт | в описании латиница в названии коллекции (H1 - кириллица); правка текста - решение владельца"
prod_01KNTBXAE00AE9RHVB0G00DFGM,pv-55-1,PV-55-1,Банкетка малая,Малая банкетка Прованс,Прованс,Скамейки,"Малая банкетка Provence: 47 × 40 см при высоте 45 см. Компактное сиденье к туалетному столику коллекции или в прихожую - присесть, обуться, положить сумку.

Отделка - тёмное дерево или молочный, в тон остальной мебели Provence.

Есть варианты исполнения - уточним в заявке",,Малая банкетка Прованс | Woodright,"Малая банкетка Provence: 47 × 40 см при высоте 45 см. Компактное сиденье к туалетному столику коллекции или в прихожую - присесть, обуться, положить сумку.",title: phrased_type_head; added_model:Прованс; model from collection=provence,exact,APPLY,"общая фраза об исполнении: на PDP остаётся, в meta/JSON-LD не идёт | в описании латиница в названии коллекции (H1 - кириллица); правка текста - решение владельца"
prod_01KNTBXAE0WHWW3GW89K4V2M88,pv-55-2,PV-55-2,Банкетка большая,Большая банкетка Прованс,Прованс,Скамейки,"Большая банкетка Provence длиной 85 см при глубине 40 см и высоте 45 см. Её место - у изножья кровати: плед и одежда сверху, посадка при обувании.

Поскольку кровати коллекции выпускаются без изножья, банкетка ещё и визуально завершает их открытый нижний край.

Есть варианты исполнения - уточним в заявке",,Большая банкетка Прованс | Woodright,"Большая банкетка Provence длиной 85 см при глубине 40 см и высоте 45 см. Её место - у изножья кровати: плед и одежда сверху, посадка при обувании.",title: phrased_type_head; added_model:Прованс; model from collection=provence,exact,APPLY,"общая фраза об исполнении: на PDP остаётся, в meta/JSON-LD не идёт | в описании латиница в названии коллекции (H1 - кириллица); правка текста - решение владельца"
prod_01KNTBXAE04G57KM32H7ZV0T7H,pv-61-1,PV-61-1,Шкаф книжный,Книжный шкаф Прованс,Прованс,Шкафы,"Книжный шкаф Provence: 120 см по фронту, 46,5 см в глубину, 208 см в высоту - библиотека на полную высоту стены. Отделка - тёмное дерево или молочный; тёмный шкаф с книгами даёт классический кабинетный тон, светлый оставляет комнату воздушной.

Открытый стеллаж линейки с тем же корпусом позволяет собирать библиотечную стену из закрытых и открытых секций.

Есть варианты исполнения - уточним в заявке",,Книжный шкаф Прованс | Woodright,"Книжный шкаф Provence: 120 см по фронту, 46,5 см в глубину, 208 см в высоту - библиотека на полную высоту стены.",title: phrased_type_head; added_model:Прованс; model from collection=provence,exact,APPLY,"общая фраза об исполнении: на PDP остаётся, в meta/JSON-LD не идёт | в описании латиница в названии коллекции (H1 - кириллица); правка текста - решение владельца"
prod_01KNTBXAE026FENXYYPYARNHQN,pv-62-1,PV-62-1,Стеллаж для книг,Стеллаж для книг Прованс,Прованс,Стеллажи,"Открытый книжный стеллаж Provence: 120 × 46,5 см при высоте 208 см. Корпус совпадает с книжным шкафом линейки, но без фасадов - книги и предметы остаются на виду и под рукой.

Отделка - тёмное дерево или молочный. Рядом со шкафом-«близнецом» собирается стена хранения с чередованием открытых и закрытых секций.

Есть варианты исполнения - уточним в заявке",,Стеллаж для книг Прованс | Woodright,"Открытый книжный стеллаж Provence: 120 × 46,5 см при высоте 208 см.",title: added_model:Прованс; model from collection=provence,exact,APPLY,"общая фраза об исполнении: на PDP остаётся, в meta/JSON-LD не идёт | в описании латиница в названии коллекции (H1 - кириллица); правка текста - решение владельца"
prod_01KNTBXAE14DE7Z6FHFMT4X3XZ,pv-65-5,PV-65-5,Стол письменный 1-тумб. 0П,Однотумбовый письменный стол Прованс (тумба с полками справа),Прованс,Столы,"Письменный стол Provence с одной опорной тумбой с дверцей справа: столешница 114 × 65 см на высоте 75 см. Закрытая тумба прячет бумаги и технику, открытая левая сторона оставляет посадку свободной.

В линейке четыре варианта компоновки - тумба с дверцей или с ящиками, справа или слева - под планировку и рабочие привычки.

Есть варианты исполнения - уточним в заявке",,Однотумбовый письменный стол Прованс (тумба с полками справа) | Woodright,Письменный стол Provence с одной опорной тумбой с дверцей справа: столешница 114 × 65 см на высоте 75 см.,title: expanded_desk_code; phrased_type_head; added_model:Прованс; model from collection=provence,exact,APPLY,"общая фраза об исполнении: на PDP остаётся, в meta/JSON-LD не идёт | в описании латиница в названии коллекции (H1 - кириллица); правка текста - решение владельца"
prod_01KNTBXAE1ESNNW5DA36PEES6R,pv-65-6,PV-65-6,Стол письменный 1-тумб. П0,Однотумбовый письменный стол Прованс (тумба с полками слева),Прованс,Столы,"Зеркальная версия однотумбового письменного стола Provence: та же столешница 114 × 65 см, опорная тумба с дверцей - слева. Выбор стороны обычно диктует окно: свет должен падать на столешницу, а не в спину.

Остальные варианты линейки заменяют дверцу ящиками.

Есть варианты исполнения - уточним в заявке",,Однотумбовый письменный стол Прованс (тумба с полками слева) | Woodright,"Зеркальная версия однотумбового письменного стола Provence: та же столешница 114 × 65 см, опорная тумба с дверцей - слева.",title: expanded_desk_code; phrased_type_head; added_model:Прованс; model from collection=provence,exact,APPLY,"общая фраза об исполнении: на PDP остаётся, в meta/JSON-LD не идёт | в описании латиница в названии коллекции (H1 - кириллица); правка текста - решение владельца"
prod_01KNTBXAE1WDNJREW50KEKXGG2,pv-65-7,PV-65-7,Стол письменный 1-тумб. 0Я,Однотумбовый письменный стол Прованс (тумба с ящиками справа),Прованс,Столы,"Однотумбовый письменный стол Provence в версии с ящиками: столешница 114 × 65 см, тумба с выдвижными ящиками справа. Ящики удобнее дверцы, когда за столом работают ежедневно - канцелярия и бумаги разложены по уровням и достаются не глядя.

Зеркальная модель линейки переносит ящики влево.

Есть варианты исполнения - уточним в заявке",,Однотумбовый письменный стол Прованс (тумба с ящиками справа) | Woodright,"Однотумбовый письменный стол Provence в версии с ящиками: столешница 114 × 65 см, тумба с выдвижными ящиками справа.",title: expanded_desk_code; phrased_type_head; added_model:Прованс; model from collection=provence,exact,APPLY,"общая фраза об исполнении: на PDP остаётся, в meta/JSON-LD не идёт | в описании латиница в названии коллекции (H1 - кириллица); правка текста - решение владельца"
prod_01KNTBXAE15MWM65C2T93ZSGCW,pv-65-8,PV-65-8,Стол письменный 1-тумб. Я0,Однотумбовый письменный стол Прованс (тумба с ящиками слева),Прованс,Столы,"Письменный стол Provence с тумбой из выдвижных ящиков слева: столешница 114 × 65 см на высоте 75 см. Вариант для посадки, где правая сторона должна остаться открытой - под свет из окна или проход.

Отделка, как и у всей линейки столов Provence, - тёмное дерево или молочный.

Есть варианты исполнения - уточним в заявке",,Однотумбовый письменный стол Прованс (тумба с ящиками слева) | Woodright,Письменный стол Provence с тумбой из выдвижных ящиков слева: столешница 114 × 65 см на высоте 75 см.,title: expanded_desk_code; phrased_type_head; added_model:Прованс; model from collection=provence,exact,APPLY,"общая фраза об исполнении: на PDP остаётся, в meta/JSON-LD не идёт | в описании латиница в названии коллекции (H1 - кириллица); правка текста - решение владельца"
prod_01KNTBXAE1NQA13JRXRBGF8S86,pv-66-6,PV-66-6,Стол письменный 2-тумб. ПЯ,"Двухтумбовый письменный стол Прованс (полки слева, ящики справа)",Прованс,Столы,"Двухтумбовый письменный стол Provence: столешница 153 × 70 см на двух опорных тумбах - слева с дверцей, справа с выдвижными ящиками. Смешанная компоновка делит хранение по типу: объёмное - за дверцей, рабочее - в ящиках под рукой.

Полноценный кабинетный стол, способный стоять и не у стены; зеркальная версия меняет тумбы местами.

Есть варианты исполнения - уточним в заявке",,"Двухтумбовый письменный стол Прованс (полки слева, ящики справа) | Woodright","Двухтумбовый письменный стол Provence: столешница 153 × 70 см на двух опорных тумбах - слева с дверцей, справа с выдвижными ящиками.",title: expanded_pedestal:ПЯ; normalized_2_tumb_when_pedestal_expanded; added_collection:Provence; phrased_type_head; model from collection=provence,exact,APPLY,"общая фраза об исполнении: на PDP остаётся, в meta/JSON-LD не идёт | в описании латиница в названии коллекции (H1 - кириллица); правка текста - решение владельца"
prod_01KNTBXAE1SF1W6MBA9Q9XSRXF,pv-66-7,PV-66-7,Стол письменный 2-тумб. ЯП,"Двухтумбовый письменный стол Прованс (ящики слева, полки справа)",Прованс,Столы,"Зеркальная версия двухтумбового письменного стола Provence: столешница 153 × 70 см, тумба с ящиками слева, с дверцей - справа. Выбор между двумя версиями - вопрос того, какой рукой удобнее тянуться к ящикам во время работы.

Геометрия и отделки общие с остальной кабинетной линейкой коллекции.

Есть варианты исполнения - уточним в заявке",,"Двухтумбовый письменный стол Прованс (ящики слева, полки справа) | Woodright","Зеркальная версия двухтумбового письменного стола Provence: столешница 153 × 70 см, тумба с ящиками слева, с дверцей - справа.",title: expanded_pedestal:ЯП; normalized_2_tumb_when_pedestal_expanded; added_collection:Provence; phrased_type_head; model from collection=provence,exact,APPLY,"общая фраза об исполнении: на PDP остаётся, в meta/JSON-LD не идёт | в описании латиница в названии коллекции (H1 - кириллица); правка текста - решение владельца"
prod_01KNTBXAE12P62GNQEK14V0VTR,pv-68-1,PV-68-1,Этажерка малая 3 полки,"Малая этажерка Прованс, 3 полки",Прованс,Полки,"Малая этажерка Provence: три открытые полки при основании 48 × 35 см и высоте 80 см. Лёгкий предмет для книг у кресла, растений у окна или мелочей в ванной - этажерка не требует стены и легко переезжает по комнате.

Открытая конструкция не перегружает даже маленькое помещение.

Есть варианты исполнения - уточним в заявке",,"Малая этажерка Прованс, 3 полки | Woodright",Малая этажерка Provence: три открытые полки при основании 48 × 35 см и высоте 80 см.,title: phrased_type_head; added_model:Прованс; model from collection=provence,exact,APPLY,"общая фраза об исполнении: на PDP остаётся, в meta/JSON-LD не идёт | в описании латиница в названии коллекции (H1 - кириллица); правка текста - решение владельца"
prod_01KNTBXAE1TDX5MN4PZH57HM6Y,pv-68-2,PV-68-2,Этажерка большая 6 полок,"Большая этажерка Прованс, 6 полок",Прованс,Стеллажи,"Большая этажерка Provence: шесть открытых полок, фронт 88,5 см, высота 177 см. Работает как открытый стеллаж, но легче его - без глухих боковин и задней стенки конструкция пропускает свет и не давит на комнату.

Полки принимают книги, коробки и предметы вперемешку - этажерка это допускает.

Есть варианты исполнения - уточним в заявке",,"Большая этажерка Прованс, 6 полок | Woodright","Большая этажерка Provence: шесть открытых полок, фронт 88,5 см, высота 177 см.",title: phrased_type_head; added_model:Прованс; model from collection=provence,exact,APPLY,"общая фраза об исполнении: на PDP остаётся, в meta/JSON-LD не идёт | в описании латиница в названии коллекции (H1 - кириллица); правка текста - решение владельца"
prod_01KNTBXAE13M4M3KQ6CCE5NAMN,pv-69-1,PV-69-1,Полка книжная,Книжная полка Прованс,Прованс,Полки,"Навесная книжная полка Provence: 70 см длины, 24,5 см глубины, высота 32 см. Настенный формат для книг над письменным столом, комодом или изголовьем - хранение там, где пол уже занят.

Небольшая длина позволяет собирать композиции из нескольких полок.

Есть варианты исполнения - уточним в заявке",,Книжная полка Прованс | Woodright,"Навесная книжная полка Provence: 70 см длины, 24,5 см глубины, высота 32 см.",title: phrased_type_head; added_model:Прованс; model from collection=provence,exact,APPLY,"общая фраза об исполнении: на PDP остаётся, в meta/JSON-LD не идёт | в описании латиница в названии коллекции (H1 - кириллица); правка текста - решение владельца"
prod_01KV69A7AMQGCQMFGTXKY2VFPY,rl-05-3,rl-05-3,Комод высокий Royal Lilies (гл. 440),Высокий комод Вилли Винки,Вилли Винки,Комоды,"Высокий комод серии Royal Lilies (Willie Winkie): вертикальная компоновка ящиков при уменьшенной глубине 44 см - формат для небольшой детской, где комод должен быть вместительным, но не громоздким. Роспись Royal Lilies объединяет его с рабочим столом той же серии.

Есть варианты исполнения - уточним в заявке",,"Высокий комод Вилли Винки, роспись «Королевские лилии» | Woodright",Высокий детский комод с росписью Royal Lilies - глубина 44 см.,title: stripped_technical_dimension_tail; stripped_selectable_motif:Royal Lilies; phrased_type_head; added_model:Вилли Винки; model from collection=willie-winkie | seo name: painting from metadata.motif_slug=royal-lilies,exact,APPLY,"общая фраза об исполнении: на PDP остаётся, в meta/JSON-LD не идёт | в описании латиница в названии коллекции (H1 - кириллица); правка текста - решение владельца"
prod_01KV69A7AMAN66BZ464F3B8W2P,rl-67-1,rl-67-1,Стол рабочий Royal Lilies,Рабочий стол Вилли Винки,Вилли Винки,Столы,"Рабочий стол серии Royal Lilies (Willie Winkie) - место для занятий, которое не выглядит чужим в детской: роспись Royal Lilies вписывает его в сюжет комнаты.

Есть варианты исполнения - уточним в заявке",,"Рабочий стол Вилли Винки, роспись «Королевские лилии» | Woodright","Рабочий стол серии Royal Lilies (Willie Winkie) - место для занятий, которое не выглядит чужим в детской: роспись Royal Lilies вписывает его в сюжет комнаты.",title: stripped_selectable_motif:Royal Lilies; phrased_type_head; added_model:Вилли Винки; model from collection=willie-winkie | seo name: painting from metadata.motif_slug=royal-lilies,exact,APPLY,"общая фраза об исполнении: на PDP остаётся, в meta/JSON-LD не идёт | в описании латиница в названии коллекции (H1 - кириллица); правка текста - решение владельца"
prod_01KV69A7AMDV16WD9K03GKBJJ5,rs-05-3,rs-05-3,Комод высокий Rural Scenery (гл. 560),Высокий комод Вилли Винки,Вилли Винки,Комоды,"Высокий комод серии Rural Scenery (Willie Winkie): полная глубина 56 см при вертикальной компоновке ящиков - хранение, занимающее минимум стены. Роспись Rural Scenery задаёт комнате сюжет и связывает комод со стеллажом того же мотива.

Есть варианты исполнения - уточним в заявке",,"Высокий комод Вилли Винки, роспись «Сельский пейзаж» | Woodright","Высокий комод серии Rural Scenery (Willie Winkie): полная глубина 56 см при вертикальной компоновке ящиков - хранение, занимающее минимум стены.",title: stripped_technical_dimension_tail; stripped_selectable_motif:Rural Scenery; phrased_type_head; added_model:Вилли Винки; model from collection=willie-winkie | seo name: painting from metadata.motif_slug=rural-scenery,exact,APPLY,"общая фраза об исполнении: на PDP остаётся, в meta/JSON-LD не идёт | в описании латиница в названии коллекции (H1 - кириллица); правка текста - решение владельца"
prod_01KV69A7AN7P60FE081R6WCCFT,rs-62-1,rs-62-1,Стеллаж для книг Rural Scenery высокий,Высокий стеллаж для книг Вилли Винки,Вилли Винки,Стеллажи,"Высокий книжный стеллаж серии Rural Scenery (Willie Winkie): открытые полки в несколько ярусов: нижние - в зоне ребёнка, верхние - «на вырост». Роспись Rural Scenery делает стеллаж частью сюжетной серии вместе с высоким комодом того же мотива.

Есть варианты исполнения - уточним в заявке",,"Высокий стеллаж для книг Вилли Винки, роспись «Сельский пейзаж» | Woodright","Высокий книжный стеллаж серии Rural Scenery (Willie Winkie): открытые полки в несколько ярусов: нижние - в зоне ребёнка, верхние - «на вырост».",title: stripped_selectable_motif:Rural Scenery; phrased_type_head; added_model:Вилли Винки; model from collection=willie-winkie | seo name: painting from metadata.motif_slug=rural-scenery,exact,APPLY,"общая фраза об исполнении: на PDP остаётся, в meta/JSON-LD не идёт | в описании латиница в названии коллекции (H1 - кириллица); правка текста - решение владельца"
prod_01KQCSHV3ZRYAYT8GXPJAT6F4Q,s-ox-05,S-OX-05,Ступени с перилами и ящиками Оксфорд,Ступени с перилами и ящиками Оксфорд,Оксфорд,Ступени,"Ступени с перилами и ящиками Оксфорд.

Есть варианты исполнения - уточним в заявке",Есть варианты исполнения - уточним в заявке,Ступени с перилами и ящиками Оксфорд | Woodright,Ступени с перилами и ящиками к комплексу Оксфорд.,description: removed title_echo,ambiguous,HOLD,"общая фраза об исполнении: на PDP остаётся, в meta/JSON-LD не идёт | product-copy-unresolved: needs_product_data"
prod_01KV69A7ANP5VGMN2FSA70901M,sh-81-1,sh-81-1,Столик детский Sweet Home,Детский столик Вилли Винки,Вилли Винки,Столы,"Детский столик серии Sweet Home (Willie Winkie) - стол детского масштаба: своё место для рисования и игр. Роспись Sweet Home делает столик самостоятельным предметом, а не приложением к взрослой мебели.

Есть варианты исполнения - уточним в заявке",,"Детский столик Вилли Винки, роспись «Милый дом» | Woodright",Детский столик серии Sweet Home (Willie Winkie) - стол детского масштаба: своё место для рисования и игр.,title: stripped_selectable_motif:Sweet Home; phrased_type_head; added_model:Вилли Винки; model from collection=willie-winkie | seo name: painting from metadata.motif_slug=sweet-home,exact,APPLY,"общая фраза об исполнении: на PDP остаётся, в meta/JSON-LD не идёт | в описании латиница в названии коллекции (H1 - кириллица); правка текста - решение владельца"
prod_01KV69A7ANHZDE3RR57WJ4ESYP,tb-05-3,tb-05-3,Комод высокий Teddy Bear (гл. 560),Высокий комод Вилли Винки,Вилли Винки,Комоды,"Высокий комод серии Teddy Bear (Willie Winkie) в полноглубокой версии 56 см. Ярусы ящиков вверх вместо второго корпуса вширь - комод занимает меньше стены.

Роспись Teddy Bear связывает комод с рабочим столом и стеллажом серии - комната собирается вокруг одного сюжета.

Есть варианты исполнения - уточним в заявке",,"Высокий комод Вилли Винки, роспись «Плюшевый мишка» | Woodright",Высокий комод серии Teddy Bear (Willie Winkie) в полноглубокой версии 56 см. Ярусы ящиков вверх вместо второго корпуса вширь - комод занимает меньше стены.,title: stripped_technical_dimension_tail; stripped_selectable_motif:Teddy Bear; phrased_type_head; added_model:Вилли Винки; model from collection=willie-winkie | seo name: painting from metadata.motif_slug=teddy-bear,exact,APPLY,"общая фраза об исполнении: на PDP остаётся, в meta/JSON-LD не идёт | в описании латиница в названии коллекции (H1 - кириллица); правка текста - решение владельца"
prod_01KV69A7ANWMNJCC3AA2RDR7MR,tb-62-1,tb-62-1,Стеллаж для книг высокий Teddy Bear,Высокий стеллаж для книг Вилли Винки,Вилли Винки,Стеллажи,"Высокий книжный стеллаж серии Teddy Bear (Willie Winkie): открытые полки в несколько ярусов держат детскую библиотеку на виду. Роспись Teddy Bear продолжает сюжет серии, к стеллажу подбираются комод и рабочий стол того же мотива.

Есть варианты исполнения - уточним в заявке",,"Высокий стеллаж для книг Вилли Винки, роспись «Плюшевый мишка» | Woodright",Высокий книжный стеллаж серии Teddy Bear (Willie Winkie): открытые полки в несколько ярусов держат детскую библиотеку на виду.,title: stripped_selectable_motif:Teddy Bear; phrased_type_head; added_model:Вилли Винки; model from collection=willie-winkie | seo name: painting from metadata.motif_slug=teddy-bear,exact,APPLY,"общая фраза об исполнении: на PDP остаётся, в meta/JSON-LD не идёт | в описании латиница в названии коллекции (H1 - кириллица); правка текста - решение владельца"
prod_01KV69A7ANKBFQ8BGHW8SQ5CTY,tb-67-1,tb-67-1,Стол рабочий Teddy Bear,Рабочий стол Вилли Винки,Вилли Винки,Столы,"Рабочий стол серии Teddy Bear (Willie Winkie) - полноценное место для занятий в детской: роспись Teddy Bear связывает стол с комодом и стеллажом серии.

Есть варианты исполнения - уточним в заявке",,"Рабочий стол Вилли Винки, роспись «Плюшевый мишка» | Woodright",Рабочий стол серии Teddy Bear (Willie Winkie) - полноценное место для занятий в детской: роспись Teddy Bear связывает стол с комодом и стеллажом серии.,title: stripped_selectable_motif:Teddy Bear; phrased_type_head; added_model:Вилли Винки; model from collection=willie-winkie | seo name: painting from metadata.motif_slug=teddy-bear,exact,APPLY,"общая фраза об исполнении: на PDP остаётся, в meta/JSON-LD не идёт | в описании латиница в названии коллекции (H1 - кириллица); правка текста - решение владельца"
prod_01KV69A7ANEWZAQV2G0PG4B8H7,te-02-2,te-02-2,Шкаф для одежды 2-дв. Templars высокий,Высокий двухдверный шкаф для одежды Вилли Винки,Вилли Винки,Шкафы,"Двухдверный шкаф для одежды серии Templars (Willie Winkie) в высокой версии - основной объём хранения детской комнаты. Роспись Templars совпадает с другими предметами серии.

Есть варианты исполнения - уточним в заявке",,"Высокий двухдверный шкаф для одежды Вилли Винки, роспись «Рыцари» | Woodright",Двухдверный шкаф для одежды серии Templars (Willie Winkie) в высокой версии - основной объём хранения детской комнаты.,title: stripped_selectable_motif:Templars; phrased_type_head; added_model:Вилли Винки; model from collection=willie-winkie | seo name: painting from metadata.motif_slug=templars,exact,APPLY,"общая фраза об исполнении: на PDP остаётся, в meta/JSON-LD не идёт | в описании латиница в названии коллекции (H1 - кириллица); правка текста - решение владельца"
prod_01KV69A7AN5FGGQ0RRHQN9E460,te-05-1,te-05-1,Комод стандартный Templars (гл. 560),Стандартный комод Вилли Винки,Вилли Винки,Комоды,"Стандартный комод серии Templars (Willie Winkie) в полноглубокой версии 56 см: в каждом ящике больше места, чем у версий с глубиной 44 см. Верхняя плоскость остаётся на удобной для взрослого высоте.

Роспись Templars совпадает с другими предметами серии.

Есть варианты исполнения - уточним в заявке",,"Стандартный комод Вилли Винки, роспись «Рыцари» | Woodright","Стандартный комод серии Templars (Willie Winkie) в полноглубокой версии 56 см: в каждом ящике больше места, чем у версий с глубиной 44 см.",title: stripped_technical_dimension_tail; stripped_selectable_motif:Templars; phrased_type_head; added_model:Вилли Винки; model from collection=willie-winkie | seo name: painting from metadata.motif_slug=templars,exact,APPLY,"общая фраза об исполнении: на PDP остаётся, в meta/JSON-LD не идёт | в описании латиница в названии коллекции (H1 - кириллица); правка текста - решение владельца"
prod_01KV69A7ANA9Q0RM9FGCPM9KMQ,te-05-3,te-05-3,Комод высокий Templars (гл. 440),Высокий комод Вилли Винки,Вилли Винки,Комоды,"Высокий комод серии Templars (Willie Winkie) с уменьшенной глубиной 44 см: ярусы ящиков вверх при щадящей глубине - вариант для небольшой детской, где стандартный комод с полной глубиной уже не встаёт. Роспись Templars связывает его с остальной серией.

Есть варианты исполнения - уточним в заявке",,"Высокий комод Вилли Винки, роспись «Рыцари» | Woodright",Высокий детский комод с росписью Templars - глубина 44 см.,title: stripped_technical_dimension_tail; stripped_selectable_motif:Templars; phrased_type_head; added_model:Вилли Винки; model from collection=willie-winkie | seo name: painting from metadata.motif_slug=templars,exact,APPLY,"общая фраза об исполнении: на PDP остаётся, в meta/JSON-LD не идёт | в описании латиница в названии коллекции (H1 - кириллица); правка текста - решение владельца"
prod_01KV69A7ANA0C0PJ40Y13HE005,te-62-1,te-62-1,Стеллаж для книг Templars высокий,Высокий стеллаж для книг Вилли Винки,Вилли Винки,Стеллажи,"Высокий книжный стеллаж серии Templars (Willie Winkie) - открытое хранение на всю высоту: книги, коробки с играми, корзины. Открытые полки держат содержимое на виду.

Роспись Templars продолжает сюжет серии.

Есть варианты исполнения - уточним в заявке",,"Высокий стеллаж для книг Вилли Винки, роспись «Рыцари» | Woodright","Высокий книжный стеллаж серии Templars (Willie Winkie) - открытое хранение на всю высоту: книги, коробки с играми, корзины.",title: stripped_selectable_motif:Templars; phrased_type_head; added_model:Вилли Винки; model from collection=willie-winkie | seo name: painting from metadata.motif_slug=templars,exact,APPLY,"общая фраза об исполнении: на PDP остаётся, в meta/JSON-LD не идёт | в описании латиница в названии коллекции (H1 - кириллица); правка текста - решение владельца"
prod_01KV69A7ANT2KEJ5QYJV4WGYVF,to-62-1,to-62-1,Стеллаж для книг Tommy высокий,Высокий стеллаж для книг Вилли Винки,Вилли Винки,Стеллажи,"Высокий книжный стеллаж серии Tommy (Willie Winkie): открытые полки в несколько ярусов под книги и игры - нижние в зоне ребёнка, верхние «на вырост». Роспись Tommy делает стеллаж сюжетным предметом, а не фоновой мебелью.

Есть варианты исполнения - уточним в заявке",,"Высокий стеллаж для книг Вилли Винки, роспись «Томми» | Woodright","Высокий книжный стеллаж серии Tommy (Willie Winkie): открытые полки в несколько ярусов под книги и игры - нижние в зоне ребёнка, верхние «на вырост».",title: stripped_selectable_motif:Tommy; phrased_type_head; added_model:Вилли Винки; model from collection=willie-winkie | seo name: painting from metadata.motif_slug=tommy,exact,APPLY,"общая фраза об исполнении: на PDP остаётся, в meta/JSON-LD не идёт | в описании латиница в названии коллекции (H1 - кириллица); правка текста - решение владельца"
prod_01KV69A7AN1AF4AEJT3TS63Z0H,tw-05-3,tw-05-3,Комод высокий Tiggy-Winkle (гл. 560),Высокий комод Вилли Винки,Вилли Винки,Комоды,"Высокий комод серии Tiggy-Winkle (Willie Winkie): полная глубина 56 см при вертикальной компоновке ящиков - комод занимает меньше стены, чем широкий формат. Роспись Tiggy-Winkle задаёт предмету характер и собирает вокруг него сюжет комнаты.

Есть варианты исполнения - уточним в заявке",,"Высокий комод Вилли Винки, роспись «Ежик» | Woodright","Высокий комод серии Tiggy-Winkle (Willie Winkie): полная глубина 56 см при вертикальной компоновке ящиков - комод занимает меньше стены, чем широкий формат.",title: stripped_technical_dimension_tail; stripped_selectable_motif:Tiggy-Winkle; phrased_type_head; added_model:Вилли Винки; model from collection=willie-winkie | seo name: painting from metadata.motif_slug=tiggy-winkle,exact,APPLY,"общая фраза об исполнении: на PDP остаётся, в meta/JSON-LD не идёт | в описании латиница в названии коллекции (H1 - кириллица); правка текста - решение владельца"
