url,page_type,canonical_name,h1,title,meta,canonical,indexability,sitemap,og_title,json_ld,duplicate_group,issue,proposed_action,issue_class
https://woodright.ru/,home,"Мебель, которая складывается в дом","Мебель, которая складывается в дом",Woodright - мебель из массива для дома и детских комнат,"Мебель из массива Woodright: готовые модели, детские коллекции, ручная отделка, выбор исполнения и мебель по проекту.",https://woodright.ru,index,yes,Woodright - мебель из массива для дома и детских комнат,,,,none,
https://woodright.ru/about,static,"Мебель, которая складывается в дом","Мебель, которая складывается в дом",О бренде Woodright - мебель из массива с характером | Woodright,"Woodright делает мебель из массива для взрослых и детских комнат: коллекции, ручная отделка, готовые модели и работа по проекту.",https://woodright.ru/about,index,yes,О бренде Woodright - мебель из массива с характером,,,double_brand_title,see issue_class,P2
https://woodright.ru/about/materials,static,Материалы и отделки,Материалы и отделки,Материалы и отделки Woodright | Woodright,"Материалы мебели Woodright: массив дерева, варианты отделки и ткани для обивки.",https://woodright.ru/about/materials,index,yes,Материалы и отделки Woodright,,,double_brand_title,see issue_class,P2
https://woodright.ru/about/production,static,Производство и отделка,Производство и отделка,Производство Woodright | Woodright,"Как рождается мебель Woodright: массив дерева, ручная отделка, готовые и проектные исполнения.",https://woodright.ru/about/production,index,yes,Производство Woodright,,,double_brand_title,see issue_class,P2
https://woodright.ru/bespoke,static,Мебельпо проекту,Мебельпо проекту,Woodright Bespoke,"Woodright Bespoke - мебель по индивидуальному проекту для задач, которые не решаются каталогом и штатными вариантами.",https://woodright.ru/bespoke,index,yes,Woodright Bespoke,,,,none,
https://woodright.ru/bespoke/request,static,Расскажите о проекте,Расскажите о проекте,Заявка на расчёт Woodright,Опишите проект - подготовим расчёт мебели по вашим размерам и отделке и вернёмся с составом и сроками.,https://woodright.ru/bespoke/request,index,yes,Заявка на расчёт Woodright,,,,none,
https://woodright.ru/bespoke/wall-panels,static,Стеновые панели,Стеновые панели,Стеновые панели на заказ - Woodright Bespoke,"Стеновые панели по проекту: материал, характер поверхности, рисунок и масштаб подбираются под интерьер и мебель. Направления для обсуждения - решение Woodright разрабатывает вместе с вами.",https://woodright.ru/bespoke/wall-panels,index,yes,Стеновые панели на заказ - Woodright Bespoke,BreadcrumbList,,meta_over_160,see issue_class,P2
https://woodright.ru/catalog,catalog,Мебель для каждой комнаты,Мебель для каждой комнаты,"Каталог мебели Woodright - кровати, шкафы, комоды, столы | Woodright","Каталог Woodright: кровати, шкафы, комоды, столы, стеллажи и тумбы из массива. Готовые модели и выбор исполнения.",https://woodright.ru/catalog,index,yes,"Каталог мебели Woodright - кровати, шкафы, комоды, столы",,,double_brand_title,see issue_class,P2
https://woodright.ru/contacts,static,Контакты,Контакты,Контакты Woodright | Woodright,"Контакты Woodright: консультация по каталогу, детской мебели, отделкам и проектным заявкам. Шоурум в Химках, МТК «Гранд-2».",https://woodright.ru/contacts,index,yes,Контакты Woodright,,,double_brand_title,see issue_class,P2
https://woodright.ru/cookies,legal,Cookie,Cookie,Cookie | Woodright,Какие cookie использует витрина Woodright,https://woodright.ru/cookies,index,yes,Cookie,,,,none,
https://woodright.ru/delivery,legal,Доставка,Доставка,Доставка | Woodright,Стоимость и условия доставки зависят от адреса и состава заказа После оформления менеджер проверит детали и согласует условия до оплаты,https://woodright.ru/delivery,index,yes,Доставка,,,,none,
https://woodright.ru/designers,static,Woodright для ваших проектов,Woodright для ваших проектов,Woodright для дизайнеров и архитекторов | Woodright,"Woodright работает с дизайнерами и архитекторами: подбор, нестандартные задачи и Woodright Bespoke. Условия обсуждаются индивидуально.",https://woodright.ru/designers,index,yes,Woodright для дизайнеров и архитекторов,,,double_brand_title,see issue_class,P2
https://woodright.ru/kids,static,"Детская, в которой хочется расти","Детская, в которой хочется расти",Детская мебель Woodright из массива дерева | Woodright,"Детская мебель Woodright: кровати, шкафы, комоды, столы и коллекции с ручной росписью для детской комнаты.",https://woodright.ru/kids,index,yes,Детская мебель Woodright из массива дерева,,,double_brand_title,see issue_class,P2
https://woodright.ru/kids/catalog,catalog,Мебель для детской комнаты,Мебель для детской комнаты,Каталог детской мебели Woodright | Детская | Woodright,"Детская мебель Woodright из массива: кровати, шкафы, комоды, столы и стеллажи с ручной росписью.",https://woodright.ru/kids/catalog,index,yes,Каталог детской мебели Woodright,,,double_brand_title,see issue_class,P2
https://woodright.ru/kids/rooms,static,Детские комнаты,Детские комнаты,Детские комнаты Woodright | Детская | Woodright,"Готовые комплекты детской мебели Woodright - от первых лет до школы, с ручной росписью и массивом дерева.",https://woodright.ru/kids/rooms,index,yes,Детские комнаты Woodright,,,double_brand_title,see issue_class,P2
https://woodright.ru/kids/willie-winkie,static,Росписи Вилли Винки,Росписи Вилли Винки,Росписи Вилли Винки - детская мебель Woodright | Детская | Woodright,Художественные росписи Вилли Винки: выберите тему и посмотрите доступную мебель в этой росписи.,https://woodright.ru/kids/willie-winkie,index,yes,Росписи Вилли Винки - детская мебель Woodright,,,double_brand_title,see issue_class,P2
https://woodright.ru/partners,static,Партнёры,Партнёры,Партнёры Woodright | Woodright,"Реализованные проекты Woodright: Большой театр, ВГБИЛ, Сочи, Академия МВД, Мариинский дворец, Совкомфлот, Тверская галерея.",https://woodright.ru/partners,index,yes,Партнёры Woodright,,,double_brand_title,see issue_class,P2
https://woodright.ru/payment,legal,Оплата,Оплата,Оплата | Woodright,Оплачивать заказ сразу на сайте не нужно После оформления менеджер проверит детали и отправит ссылку на оплату или счёт,https://woodright.ru/payment,index,yes,Оплата,,,,none,
https://woodright.ru/personal-data,legal,Персональные данные,Персональные данные,Персональные данные | Woodright,"Какие данные нужны для заявки и заказа, и как с этим обратиться",https://woodright.ru/personal-data,index,yes,Персональные данные,,,,none,
https://woodright.ru/privacy,legal,Политика конфиденциальности,Политика конфиденциальности,Политика конфиденциальности | Woodright,Как Woodright обрабатывает персональные данные при заявках и заказах,https://woodright.ru/privacy,index,yes,Политика конфиденциальности,,,,none,
https://woodright.ru/product/av-05-1,product,Комод стандартный,Комод стандартный,Комод стандартный | Woodright,"Комод стандартного формата с росписью Ant's Village. Глубина 44 см - уменьшенная относительно полноглубоких комодов серии (56 см), проходы детской остаются с...",https://woodright.ru/product/av-05-1,index,yes,Комод стандартный,Product+Offer(87780)+BreadcrumbList,T1,"duplicate_title, meta_ascii_ellipsis",see issue_class,P2
https://woodright.ru/product/ba-05-3,product,Комод высокий,Комод высокий,Комод высокий | Woodright,"Высокий комод серии Ballet (Willie Winkie): вертикальная компоновка ящиков забирает меньше стены, чем стандартная, - в детской это освобождает место для игры...",https://woodright.ru/product/ba-05-3,index,yes,Комод высокий,Product+Offer(124300)+BreadcrumbList,T2,"duplicate_title, meta_ascii_ellipsis",see issue_class,P2
https://woodright.ru/product/ba-62-1,product,Стеллаж для книг,Стеллаж для книг,Стеллаж для книг | Woodright,Открытый книжный стеллаж серии Ballet (Willie Winkie). Открытые полки держат книги и коробки с играми на виду - содержимое остаётся частью облика комнаты. Г...,https://woodright.ru/product/ba-62-1,index,yes,Стеллаж для книг,Product+Offer(100320)+BreadcrumbList,T3,"duplicate_title, meta_ascii_ellipsis",see issue_class,P2
https://woodright.ru/product/co-02-1,product,Шкаф для одежды 2-дв,Шкаф для одежды 2-дв,Шкаф для одежды 2-дв | Woodright,"Двухдверный шкаф коллекции Country London Paris: фронт 120 см, глубина 64 см, высота 220 см - на 12 см выше типового шкафа, что даёт дополнительный объём под...",https://woodright.ru/product/co-02-1,index,yes,Шкаф для одежды 2-дв,Product+Offer(84600)+BreadcrumbList,T4,"duplicate_title, meta_ascii_ellipsis",see issue_class,P2
https://woodright.ru/product/co-05-1,product,Комод,Комод,Комод | Woodright,"Комод Country London Paris: 90 см по фронту, 56 см в глубину, 81 см в высоту - базовый спальный формат. Крашеный фасад выпускается в четырёх цветах коллекции...",https://woodright.ru/product/co-05-1,index,yes,Комод,Product+Offer(39200)+BreadcrumbList,,meta_ascii_ellipsis,see issue_class,P2
https://woodright.ru/product/co-08-1,product,Тумбочка прикроватная,Тумбочка прикроватная,Тумбочка прикроватная | Woodright,"Прикроватная тумбочка Country London Paris: 50 см в ширину, 44 см в глубину, 60 см в высоту. Столешница на уровне руки лежащего - под лампу, книгу и телефон....",https://woodright.ru/product/co-08-1,index,yes,Тумбочка прикроватная,Product+Offer(16900)+BreadcrumbList,T5,"duplicate_title, meta_ascii_ellipsis",see issue_class,P2
https://woodright.ru/product/co-14-2,product,Кровать 1-сп. (90×190) с подъёмным механизмом,Кровать 1-сп. (90×190) с подъёмным механизмом,Кровать 1-сп. (90×190) с подъёмным механизмом | Woodright,"Односпальная кровать Country London Paris под матрас 90 × 190 см с подъёмным механизмом: основание поднимается, открывая место для хранения под матрасом. Кор...",https://woodright.ru/product/co-14-2,index,yes,Кровать 1-сп. (90×190) с подъёмным механизмом,Product+Offer(50100)+BreadcrumbList,,meta_ascii_ellipsis,see issue_class,P2
https://woodright.ru/product/co-15-2,product,"Кровать 1,5-сп. (120×190) с подъёмным механизмом","Кровать 1,5-сп. (120×190) с подъёмным механизмом","Кровать 1,5-сп. (120×190) с подъёмным механизмом | Woodright",Полуторная кровать Country London Paris под матрас 120 × 190 см с подъёмным механизмом. Матрас с основанием поднимается - под ним место для хранения. Корпус...,https://woodright.ru/product/co-15-2,index,yes,"Кровать 1,5-сп. (120×190) с подъёмным механизмом",Product+Offer(62000)+BreadcrumbList,,meta_ascii_ellipsis,see issue_class,P2
https://woodright.ru/product/co-61-1,product,Шкаф книжный со стеклом,Шкаф книжный со стеклом,Шкаф книжный со стеклом | Woodright,"Книжный шкаф Country London Paris со стеклянными фасадами: 120 см по фронту, глубина 43 см, высота 220 см. Стекло оставляет корешки частью комнаты - формат д...",https://woodright.ru/product/co-61-1,index,yes,Шкаф книжный со стеклом,Product+Offer(82000)+BreadcrumbList,T6,"duplicate_title, meta_ascii_ellipsis",see issue_class,P2
https://woodright.ru/product/co-62-1,product,Стеллаж широкий,Стеллаж широкий,Стеллаж широкий | Woodright,"Широкий стеллаж Country London Paris: 120 см по фронту, 43 см в глубину, 220 см в высоту - открытая версия книжного шкафа коллекции. Открытые полки держат би...",https://woodright.ru/product/co-62-1,index,yes,Стеллаж широкий,Product+Offer(64300)+BreadcrumbList,T7,"duplicate_title, meta_ascii_ellipsis",see issue_class,P2
https://woodright.ru/product/co-62-2,product,Стеллаж узкий с дверью,Стеллаж узкий с дверью,Стеллаж узкий с дверью | Woodright,"Узкий стеллаж Country London Paris с дверцей в нижней части: 41 см по фронту при высоте 190 см. Формат для простенков и узких мест - открытые полки сверху, з...",https://woodright.ru/product/co-62-2,index,yes,Стеллаж узкий с дверью,Product+Offer(28300)+BreadcrumbList,,meta_ascii_ellipsis,see issue_class,P2
https://woodright.ru/product/co-62-3,product,Стеллаж узкий с ящиком,Стеллаж узкий с ящиком,Стеллаж узкий с ящиком | Woodright,"Узкий стеллаж Country London Paris с выдвижным ящиком: 41 см по фронту, высота 190 см. Парная модель к узкому стеллажу с дверью - вместо дверцы внизу ящик, к...",https://woodright.ru/product/co-62-3,index,yes,Стеллаж узкий с ящиком,Product+Offer(32100)+BreadcrumbList,,meta_ascii_ellipsis,see issue_class,P2
https://woodright.ru/product/co-65-1,product,Стол письменный 1-тумб. 0П,Стол письменный 1-тумб. 0П,Стол письменный 1-тумб. 0П | Woodright,"Письменный стол Country London Paris с одной опорной тумбой справа: столешница 113 × 64 см на высоте 78 см. Тумба закрывает хранение под рабочей рукой, откры...",https://woodright.ru/product/co-65-1,index,yes,Стол письменный 1-тумб. 0П,Product+Offer(37500)+BreadcrumbList,T8,"duplicate_title, meta_ascii_ellipsis",see issue_class,P2
https://woodright.ru/product/co-65-2,product,Стол письменный 1-тумб. П0,Стол письменный 1-тумб. П0,Стол письменный 1-тумб. П0 | Woodright,"Зеркальная версия однотумбового письменного стола Country London Paris: столешница 113 × 64 см, опорная тумба - слева. Сторону выбирают по свету и планировке...",https://woodright.ru/product/co-65-2,index,yes,Стол письменный 1-тумб. П0,Product+Offer(37500)+BreadcrumbList,T9,"duplicate_title, meta_ascii_ellipsis",see issue_class,P2
https://woodright.ru/product/co-66-1,product,Стол письменный двухтумбовый Кантри (ящики с обеих сторон),Стол письменный двухтумбовый Кантри (ящики с обеих сторон),Стол письменный двухтумбовый Кантри (ящики с обеих сторон) | Woodright,"Двухтумбовый письменный стол Country London Paris: столешница 155 × 70 см, обе опорные тумбы - с выдвижными ящиками. Самая «рабочая» компоновка линейки: всё...",https://woodright.ru/product/co-66-1,index,yes,Стол письменный двухтумбовый Кантри (ящики с обеих сторон),Product+Offer(52600)+BreadcrumbList,,meta_ascii_ellipsis,see issue_class,P2
https://woodright.ru/product/co-69-1,product,Полка книжная малая,Полка книжная малая,Полка книжная малая | Woodright,Малая навесная книжная полка Country London Paris: 70 см длины при глубине 16 см и высоте 35 см. Настенное хранение для книг и мелочей над столом или изголов...,https://woodright.ru/product/co-69-1,index,yes,Полка книжная малая,Product+Offer(4300)+BreadcrumbList,,meta_ascii_ellipsis,see issue_class,P2
https://woodright.ru/product/fa-05-3,product,Комод высокий,Комод высокий,Комод высокий | Woodright,"Высокий комод серии Fairies (Willie Winkie) в полноглубокой версии - 56 см: в каждом ящике больше места, чем у версий с глубиной 44 см. Вертикальная компонов...",https://woodright.ru/product/fa-05-3,index,yes,Комод высокий,Product+Offer(113080)+BreadcrumbList,T2,"duplicate_title, meta_ascii_ellipsis",see issue_class,P2
https://woodright.ru/product/fa-06-1,product,Столик туалетный с зеркалом,Столик туалетный с зеркалом,Столик туалетный с зеркалом | Woodright,Туалетный столик с зеркалом из серии Fairies коллекции Willie Winkie - «взрослый» предмет в детском масштабе: у ребёнка появляется своё зеркало и своя поверх...,https://woodright.ru/product/fa-06-1,index,yes,Столик туалетный с зеркалом,Product+Offer(62700)+BreadcrumbList,T10,"duplicate_title, meta_ascii_ellipsis",see issue_class,P2
https://woodright.ru/product/fa-67-1,product,Стол рабочий,Стол рабочий,Стол рабочий | Woodright,Рабочий стол серии Fairies (Willie Winkie) - место для рисования и первых уроков в сюжетной серии с росписью. Роспись превращает стол из «мебели» в часть игр...,https://woodright.ru/product/fa-67-1,index,yes,Стол рабочий,Product+Offer(85250)+BreadcrumbList,T11,"duplicate_title, meta_ascii_ellipsis",see issue_class,P2
https://woodright.ru/product/fk-05-1,product,Комод стандартный,Комод стандартный,Комод стандартный | Woodright,Стандартный комод серии Fantasy Kingdom (Willie Winkie). Уменьшенная глубина 44 см - формат детской комнаты: проходы остаются свободными. Роспись Fantasy Ki...,https://woodright.ru/product/fk-05-1,index,yes,Комод стандартный,Product+Offer(87780)+BreadcrumbList,T1,"duplicate_title, meta_ascii_ellipsis",see issue_class,P2
https://woodright.ru/product/fk-05-3,product,Комод высокий,Комод высокий,Комод высокий | Woodright,"Высокий комод серии Fantasy Kingdom (Willie Winkie): вертикальная компоновка ящиков при полной глубине 56 см занимает меньше стены, чем стандартный комод той...",https://woodright.ru/product/fk-05-3,index,yes,Комод высокий,Product+Offer(113080)+BreadcrumbList,T2,"duplicate_title, meta_ascii_ellipsis",see issue_class,P2
https://woodright.ru/product/greenwich-gr-02-1,product,Гардероб 2-дв. с ящиками Левел,Гардероб 2-дв. с ящиками Левел,Гардероб 2-дв. с ящиками Левел | Woodright,"Гардероб Level - двухдверный гардероб Greenwich с отдельным ярусом ящиков: за дверцами - основное хранение, в ящиках - то, что удобно доставать, не открывая...",https://woodright.ru/product/greenwich-gr-02-1,index,yes,Гардероб 2-дв. с ящиками Левел,Product+Offer(169200)+BreadcrumbList,,meta_ascii_ellipsis,see issue_class,P2
https://woodright.ru/product/greenwich-gr-02-2,product,Гардероб 2-дв. Тотал,Гардероб 2-дв. Тотал,Гардероб 2-дв. Тотал | Woodright,"Гардероб Total - парная модель к гардеробу Level: те же 119 см по фронту, 52 см глубины и 210 см высоты, но без ящиков - только две дверцы и цельный фронт. В...",https://woodright.ru/product/greenwich-gr-02-2,index,yes,Гардероб 2-дв. Тотал,Product+Offer(167450)+BreadcrumbList,,meta_ascii_ellipsis,see issue_class,P2
https://woodright.ru/product/greenwich-gr-05-1,product,Комод Скейл,Комод Скейл,Комод Скейл | Woodright,Комод Scale - самый горизонтальный предмет в спальне Greenwich: 124 см в ширину при высоте 63 см и глубине 51 см. Такой формат работает как продолжение линии...,https://woodright.ru/product/greenwich-gr-05-1,index,yes,Комод Скейл,Product+Offer(109500)+BreadcrumbList,,meta_ascii_ellipsis,see issue_class,P2
https://woodright.ru/product/greenwich-gr-08-1,product,Прикроватная тумба с 2 ящиками Хоул,Прикроватная тумба с 2 ящиками Хоул,Прикроватная тумба с 2 ящиками Хоул | Woodright,"Прикроватная Hole: прикроватная тумба увеличенного формата: 66 см в ширину при высоте 53 см, с двумя ящиками. Ширина здесь принципиальна - на столешнице умещ...",https://woodright.ru/product/greenwich-gr-08-1,index,yes,Прикроватная тумба с 2 ящиками Хоул,Product+Offer(36500)+BreadcrumbList,,meta_ascii_ellipsis,see issue_class,P2
https://woodright.ru/product/greenwich-gr-08-2,product,Прикроватная тумба с 1 ящиком Стоун,Прикроватная тумба с 1 ящиком Стоун,Прикроватная тумба с 1 ящиком Стоун | Woodright,"Stone повторяет формат тумбы Hole - 66 × 46 см при высоте 53 см, - но обходится одним ящиком и поэтому выглядит проще и легче. Это вариант для тех, кто держи...",https://woodright.ru/product/greenwich-gr-08-2,index,yes,Прикроватная тумба с 1 ящиком Стоун,Product+Offer(31200)+BreadcrumbList,,meta_ascii_ellipsis,see issue_class,P2
https://woodright.ru/product/greenwich-gr-09-1-bed-90,product,Кровать 1-сп. (90×200),Кровать 1-сп. (90×200),Кровать 1-сп. (90×200) | Woodright,"Односпальный формат кровати Greenwich: матрас 90 × 200 см, корпус длиной 221 см, изголовье высотой 105 см. Изголовье мягкое и выпускается в трёх моделях - Cl...",https://woodright.ru/product/greenwich-gr-09-1-bed-90,index,yes,Кровать 1-сп. (90×200),Product+BreadcrumbList,,meta_ascii_ellipsis,see issue_class,P2
https://woodright.ru/product/greenwich-gr-09-1-mirror,product,Зеркало навесное,Зеркало навесное,Зеркало навесное | Woodright,Вертикальное навесное зеркало из коллекции Greenwich. Полотно 65 × 100 см при глубине всего 3 см - зеркало почти не выступает из стены и не съедает пространс...,https://woodright.ru/product/greenwich-gr-09-1-mirror,index,yes,Зеркало навесное,Product+Offer(28400)+BreadcrumbList,T12,"duplicate_title, meta_ascii_ellipsis",see issue_class,P2
https://woodright.ru/product/greenwich-gr-12-1,product,"Кровать 1,5-сп. (120×200)","Кровать 1,5-сп. (120×200)","Кровать 1,5-сп. (120×200) | Woodright","Полутораспальная кровать Greenwich под матрас 120 × 200 см - формат для одного человека, которому тесно на 90-сантиметровом матрасе. Корпус длиной 221 см, мя...",https://woodright.ru/product/greenwich-gr-12-1,index,yes,"Кровать 1,5-сп. (120×200)",Product+BreadcrumbList,,meta_ascii_ellipsis,see issue_class,P2
https://woodright.ru/product/greenwich-gr-14-1,product,"Кровать 1,5-сп. (140×200)","Кровать 1,5-сп. (140×200)","Кровать 1,5-сп. (140×200) | Woodright","Кровать Greenwich под матрас 140 × 200 см занимает промежуточное положение: для двоих это самый компактный разумный формат, для одного - максимум свободы. Га...",https://woodright.ru/product/greenwich-gr-14-1,index,yes,"Кровать 1,5-сп. (140×200)",Product+BreadcrumbList,,meta_ascii_ellipsis,see issue_class,P2
https://woodright.ru/product/greenwich-gr-16-1,product,Кровать 2-сп. (160×200),Кровать 2-сп. (160×200),Кровать 2-сп. (160×200) | Woodright,"Основная двуспальная кровать коллекции: матрас 160 × 200 см, корпус 173 × 221 см, мягкое изголовье высотой 105 см. Высокое мягкое изголовье держит композицию...",https://woodright.ru/product/greenwich-gr-16-1,index,yes,Кровать 2-сп. (160×200),Product+BreadcrumbList,T13,"duplicate_title, meta_ascii_ellipsis",see issue_class,P2
https://woodright.ru/product/greenwich-gr-18-1,product,Кровать 2-сп. (180×200),Кровать 2-сп. (180×200),Кровать 2-сп. (180×200) | Woodright,"Самая широкая кровать Greenwich: матрас 180 × 200 см, корпус 193 см в ширину и 221 см в длину. Формат рассчитан на просторную комнату - вместе с прикроватным...",https://woodright.ru/product/greenwich-gr-18-1,index,yes,Кровать 2-сп. (180×200),Product+BreadcrumbList,T14,"duplicate_title, meta_ascii_ellipsis",see issue_class,P2
https://woodright.ru/product/greenwich-gr-26-1,product,Шкаф-витрина Кристалл,Шкаф-витрина Кристалл,Шкаф-витрина Кристалл | Woodright,"Шкаф-витрина Cristal - витрина Greenwich в рост человека: 99 см в ширину, 43 см в глубину, 210 см в высоту. Застеклённая часть показывает содержимое - посуду...",https://woodright.ru/product/greenwich-gr-26-1,index,yes,Шкаф-витрина Кристалл,Product+Offer(146650)+BreadcrumbList,,meta_ascii_ellipsis,see issue_class,P2
https://woodright.ru/product/greenwich-gr-42-1,product,Тумба ТВ Уайд,Тумба ТВ Уайд,Тумба ТВ Уайд | Woodright,"Тумба Wide - самая длинная тумба Greenwich: 160 см при высоте и глубине по 46 см. Низкая посадка оставляет экран на комфортной высоте без кронштейна, а длинн...",https://woodright.ru/product/greenwich-gr-42-1,index,yes,Тумба ТВ Уайд,Product+Offer(68800)+BreadcrumbList,,meta_ascii_ellipsis,see issue_class,P2
https://woodright.ru/product/greenwich-gr-44-1,product,Консоль Степ,Консоль Степ,Консоль Степ | Woodright,"Консоль Step - узкая консоль из коллекции Greenwich: 119 см в длину и 32 см в глубину при высоте 90 см. Её место - проходные зоны: прихожая, простенок, зона...",https://woodright.ru/product/greenwich-gr-44-1,index,yes,Консоль Степ,Product+Offer(45900)+BreadcrumbList,,meta_ascii_ellipsis,see issue_class,P2
https://woodright.ru/product/greenwich-gr-67-1,product,Рабочий стол Бейс,Рабочий стол Бейс,Рабочий стол Бейс | Woodright,"Рабочий Base: рабочий стол Greenwich для дома, а не для офиса: столешницы 120 × 62 см достаточно для ноутбука, лампы и бумаг, но стол не превращает комнату в...",https://woodright.ru/product/greenwich-gr-67-1,index,yes,Рабочий стол Бейс,Product+BreadcrumbList,,meta_ascii_ellipsis,see issue_class,P2
https://woodright.ru/product/in-67-1,product,Стол рабочий,Стол рабочий,Стол рабочий | Woodright,"Рабочий стол серии Infanta (Willie Winkie) - стол для уроков и рисования с росписью по мотиву Infanta. Роспись делает рабочее место частью характера комнаты,...",https://woodright.ru/product/in-67-1,index,yes,Стол рабочий,Product+Offer(85250)+BreadcrumbList,T11,"duplicate_title, meta_ascii_ellipsis",see issue_class,P2
https://woodright.ru/product/mnm-02-1,product,Шкаф для одежды 2-дв. (модуль/Ш),Шкаф для одежды 2-дв. (модуль/Ш),Шкаф для одежды 2-дв. (модуль/Ш) | Woodright,"Шкаф для одежды 2-дв. (модуль/Ш) 2400 × 1206 × 645 мм Порядок: высота, ширина, глубина. Источник - ячейка прайса",https://woodright.ru/product/mnm-02-1,index,yes,Шкаф для одежды 2-дв. (модуль/Ш),Product+Offer(133430)+BreadcrumbList,,,none,
https://woodright.ru/product/mnm-02-2,product,Шкаф для одежды 2-дв. (модуль/ЯШ),Шкаф для одежды 2-дв. (модуль/ЯШ),Шкаф для одежды 2-дв. (модуль/ЯШ) | Woodright,Товар из каталога Woodright.,https://woodright.ru/product/mnm-02-2,index,yes,Шкаф для одежды 2-дв. (модуль/ЯШ),Product+Offer(184800)+BreadcrumbList,,duplicate_meta,see issue_class,P2
https://woodright.ru/product/mnm-03-1,product,Шкаф для одежды 3-дв. (модуль/П+ЯШ+Ш),Шкаф для одежды 3-дв. (модуль/П+ЯШ+Ш),Шкаф для одежды 3-дв. (модуль/П+ЯШ+Ш) | Woodright,"Шкаф для одежды 3-дв. (модуль/П+ЯШ+Ш) 2400 × 1862 × 645 мм Порядок: высота, ширина, глубина. Источник - ячейка прайса",https://woodright.ru/product/mnm-03-1,index,yes,Шкаф для одежды 3-дв. (модуль/П+ЯШ+Ш),Product+Offer(241890)+BreadcrumbList,,,none,
https://woodright.ru/product/mnm-05-2,product,Комод широкий,Комод широкий,Комод широкий | Woodright,"Комод широкий 828 × 1154 × 574 мм Порядок: высота, ширина, глубина. Источник - ячейка прайса",https://woodright.ru/product/mnm-05-2,index,yes,Комод широкий,Product+BreadcrumbList,T15,duplicate_title,see issue_class,P2
https://woodright.ru/product/mnm-05-3,product,Комод высокий,Комод высокий,Комод высокий | Woodright,"Комод высокий 1494 × 602 × 574 мм Порядок: высота, ширина, глубина. Источник - ячейка прайса",https://woodright.ru/product/mnm-05-3,index,yes,Комод высокий,Product+Offer(99330)+BreadcrumbList,T2,duplicate_title,see issue_class,P2
https://woodright.ru/product/mnm-06-1,product,Столик туалетный с зеркалом,Столик туалетный с зеркалом,Столик туалетный с зеркалом | Woodright,Товар из каталога Woodright.,https://woodright.ru/product/mnm-06-1,index,yes,Столик туалетный с зеркалом,Product+Offer(58410)+BreadcrumbList,T10,"duplicate_title, duplicate_meta",see issue_class,P2
https://woodright.ru/product/mnm-06-2,product,Столик туалетный без зеркала,Столик туалетный без зеркала,Столик туалетный без зеркала | Woodright,"Столик туалетный без зеркала 780 × 520 × 1268 мм Порядок: высота, ширина, глубина. Источник - ячейка прайса",https://woodright.ru/product/mnm-06-2,index,yes,Столик туалетный без зеркала,Product+Offer(52580)+BreadcrumbList,,,none,
https://woodright.ru/product/mnm-08-1,product,Тумбочка прикроватная,Тумбочка прикроватная,Тумбочка прикроватная | Woodright,"Тумбочка прикроватная 566 × 468 × 449 мм Порядок: высота, ширина, глубина. Источник - ячейка прайса",https://woodright.ru/product/mnm-08-1,index,yes,Тумбочка прикроватная,Product+BreadcrumbList,T5,duplicate_title,see issue_class,P2
https://woodright.ru/product/mnm-09-1,product,Зеркало навесное,Зеркало навесное,Зеркало навесное | Woodright,"Зеркало навесное 700 × 1136 × 22 мм Порядок: высота, ширина, глубина. Источник - ячейка прайса",https://woodright.ru/product/mnm-09-1,index,yes,Зеркало навесное,Product+Offer(18810)+BreadcrumbList,T12,duplicate_title,see issue_class,P2
https://woodright.ru/product/mnm-09-2,product,Зеркало напольное,Зеркало напольное,Зеркало напольное | Woodright,"Зеркало напольное 1750 × 600 × 450 мм Порядок: высота, ширина, глубина. Источник - ячейка прайса",https://woodright.ru/product/mnm-09-2,index,yes,Зеркало напольное,Product+Offer(43120)+BreadcrumbList,T16,duplicate_title,see issue_class,P2
https://woodright.ru/product/mnm-09-3,product,Зеркало настольное,Зеркало настольное,Зеркало настольное | Woodright,"Зеркало настольное 756 × 556 × 340 мм Порядок: высота, ширина, глубина. Источник - ячейка прайса",https://woodright.ru/product/mnm-09-3,index,yes,Зеркало настольное,Product+Offer(14080)+BreadcrumbList,,,none,
https://woodright.ru/product/mnm-14-2,product,Кровать 1-сп. (90 × 190) без изножья,Кровать 1-сп. (90 × 190) без изножья,Кровать 1-сп. (90 × 190) без изножья | Woodright,Товар из каталога Woodright.,https://woodright.ru/product/mnm-14-2,index,yes,Кровать 1-сп. (90 × 190) без изножья,Product+Offer(63910)+BreadcrumbList,,duplicate_meta,see issue_class,P2
https://woodright.ru/product/mnm-16-2,product,"Кровать 1,5-сп. (140 × 190) без изножья","Кровать 1,5-сп. (140 × 190) без изножья","Кровать 1,5-сп. (140 × 190) без изножья | Woodright",Товар из каталога Woodright.,https://woodright.ru/product/mnm-16-2,index,yes,"Кровать 1,5-сп. (140 × 190) без изножья",Product+Offer(87010)+BreadcrumbList,,duplicate_meta,see issue_class,P2
https://woodright.ru/product/mnm-18-1,product,Кровать 2-сп. (180 × 200),Кровать 2-сп. (180 × 200),Кровать 2-сп. (180 × 200) | Woodright,"Кровать 2-сп. (180*200) 1060 × 2010 × 2130 мм Порядок: высота, ширина, глубина. Источник - ячейка прайса",https://woodright.ru/product/mnm-18-1,index,yes,Кровать 2-сп. (180 × 200),Product+Offer(108020)+BreadcrumbList,,,none,
https://woodright.ru/product/mnm-23-1,product,Стул,Стул,Стул | Woodright,"Стул 905 × 480 × 460 мм Порядок: высота, ширина, глубина. Источник - ячейка прайса",https://woodright.ru/product/mnm-23-1,index,yes,Стул,Product+Offer(30140)+BreadcrumbList,T17,duplicate_title,see issue_class,P2
https://woodright.ru/product/mnm-42-1,product,Тумба для телевизора,Тумба для телевизора,Тумба для телевизора | Woodright,"Тумба для телевизора 600 × 1454 × 416 мм Порядок: высота, ширина, глубина. Источник - ячейка прайса",https://woodright.ru/product/mnm-42-1,index,yes,Тумба для телевизора,Product+Offer(73150)+BreadcrumbList,T18,duplicate_title,see issue_class,P2
https://woodright.ru/product/mnm-55-1,product,Банкетка малая,Банкетка малая,Банкетка малая | Woodright,"Банкетка малая 460 × 470 × 390 мм Порядок: высота, ширина, глубина. Источник - ячейка прайса",https://woodright.ru/product/mnm-55-1,index,yes,Банкетка малая,Product+Offer(10340)+BreadcrumbList,T19,duplicate_title,see issue_class,P2
https://woodright.ru/product/mnm-57-3,product,Диван с выкатной кроватью,Диван с выкатной кроватью,Диван с выкатной кроватью | Woodright,"Диван с выкатной кроватью 1060 × 2110 × 982 мм Порядок: высота, ширина, глубина. Источник - ячейка прайса",https://woodright.ru/product/mnm-57-3,index,yes,Диван с выкатной кроватью,Product+Offer(120780)+BreadcrumbList,,,none,
https://woodright.ru/product/mnm-61-1,product,Шкаф книжный 2-дв. (модуль),Шкаф книжный 2-дв. (модуль),Шкаф книжный 2-дв. (модуль) | Woodright,"Шкаф книжный 2-дв. (модуль) 2400 × 1206 × 453 мм Порядок: высота, ширина, глубина. Источник - ячейка прайса",https://woodright.ru/product/mnm-61-1,index,yes,Шкаф книжный 2-дв. (модуль),Product+BreadcrumbList,,,none,
https://woodright.ru/product/mnm-61-3,product,Шкаф книжный 1-дв. (модуль/ручка справа),Шкаф книжный 1-дв. (модуль/ручка справа),Шкаф книжный 1-дв. (модуль/ручка справа) | Woodright,"Шкаф книжный 1-дв. (модуль/ручка справа) 2400 × 654 × 453 мм Порядок: высота, ширина, глубина. Источник - ячейка прайса",https://woodright.ru/product/mnm-61-3,index,yes,Шкаф книжный 1-дв. (модуль/ручка справа),Product+Offer(96030)+BreadcrumbList,,,none,
https://woodright.ru/product/mnm-62-1,product,Секция угловая открытая (модуль),Секция угловая открытая (модуль),Секция угловая открытая (модуль) | Woodright,"Секция угловая открытая (модуль) 2400 × 453 × 453 мм Порядок: высота, ширина, глубина. Источник - ячейка прайса",https://woodright.ru/product/mnm-62-1,index,yes,Секция угловая открытая (модуль),Product+Offer(63470)+BreadcrumbList,,,none,
https://woodright.ru/product/mnm-65-4,product,Стол письменный 1-тумб. Я0,Стол письменный 1-тумб. Я0,Стол письменный 1-тумб. Я0 | Woodright,"Стол письменный 1-тумб. Я0 780 × 1200 × 600 мм Порядок: высота, ширина, глубина. Источник - ячейка прайса",https://woodright.ru/product/mnm-65-4,index,yes,Стол письменный 1-тумб. Я0,Product+Offer(92180)+BreadcrumbList,T20,duplicate_title,see issue_class,P2
https://woodright.ru/product/mnm-66-3,product,"Стол письменный двухтумбовый Мончелси (ящики слева, полки справа)","Стол письменный двухтумбовый Мончелси (ящики слева, полки справа)","Стол письменный двухтумбовый Мончелси (ящики слева, полки справа) | Woodright","Стол письменный 2-тумб. ЯП 780 × 1680 × 700 мм Порядок: высота, ширина, глубина. Источник - ячейка прайса",https://woodright.ru/product/mnm-66-3,index,yes,"Стол письменный двухтумбовый Мончелси (ящики слева, полки справа)",Product+Offer(128700)+BreadcrumbList,,title_over_70,see issue_class,P2
https://woodright.ru/product/mnm-69-1,product,Полка навесная (модуль),Полка навесная (модуль),Полка навесная (модуль) | Woodright,"Полка навесная (модуль) 417 × 1406 × 453 мм Порядок: высота, ширина, глубина. Источник - ячейка прайса",https://woodright.ru/product/mnm-69-1,index,yes,Полка навесная (модуль),Product+Offer(37620)+BreadcrumbList,,,none,
https://woodright.ru/product/mnm-69-2,product,Полка навесная с дверкой (модуль),Полка навесная с дверкой (модуль),Полка навесная с дверкой (модуль) | Woodright,"Полка навесная с дверкой (модуль) 515 × 2138 × 373 мм Порядок: высота, ширина, глубина. Источник - ячейка прайса",https://woodright.ru/product/mnm-69-2,index,yes,Полка навесная с дверкой (модуль),Product+Offer(60720)+BreadcrumbList,,,none,
https://woodright.ru/product/mo-02-1,product,Шкаф для одежды 2-дв. высокий,Шкаф для одежды 2-дв. высокий,Шкаф для одежды 2-дв. высокий | Woodright,"Двухдверный шкаф для одежды серии Molly (Willie Winkie) в высокой версии - основное хранение детской комнаты. Высокая версия корпуса - вертикальное хранение,...",https://woodright.ru/product/mo-02-1,index,yes,Шкаф для одежды 2-дв. высокий,Product+Offer(148280)+BreadcrumbList,T21,"duplicate_title, meta_ascii_ellipsis",see issue_class,P2
https://woodright.ru/product/mo-81-1,product,Столик детский,Столик детский,Столик детский | Woodright,"Детский столик серии Molly (Willie Winkie) - стол детского масштаба для рисования, лепки и настольных игр. Роспись Molly задаёт столику собственный сюжет; в...",https://woodright.ru/product/mo-81-1,index,yes,Столик детский,Product+Offer(22660)+BreadcrumbList,T22,"duplicate_title, meta_ascii_ellipsis",see issue_class,P2
https://woodright.ru/product/ol-00-1,product,Шкаф угловой,Шкаф угловой,Шкаф угловой | Woodright,"Угловой шкаф Oliver занимает 67 × 67 см в плане при высоте 206 см - он забирает под хранение угол, который в спальне или детской чаще всего простаивает. Стор...",https://woodright.ru/product/ol-00-1,index,yes,Шкаф угловой,Product+Offer(119900)+BreadcrumbList,,meta_ascii_ellipsis,see issue_class,P2
https://woodright.ru/product/ol-01-2,product,Шкаф для одежды 1-дв. с зеркалом,Шкаф для одежды 1-дв. с зеркалом,Шкаф для одежды 1-дв. с зеркалом | Woodright,"Однодверный шкаф Oliver шириной 81 см с зеркалом в дверце - формат для комнаты, где полноценный гардероб не встаёт, а зеркало в рост нужно. Высота 211 см, гл...",https://woodright.ru/product/ol-01-2,index,yes,Шкаф для одежды 1-дв. с зеркалом,Product+Offer(111900)+BreadcrumbList,,meta_ascii_ellipsis,see issue_class,P2
https://woodright.ru/product/ol-02-1,product,Шкаф для одежды 2-дв,Шкаф для одежды 2-дв,Шкаф для одежды 2-дв | Woodright,"Основной платяной шкаф коллекции Oliver: две дверцы, фронт 123 см, высота 211 см, глубина 54 см. Это средний формат линейки - шире узкого однодверного, но не...",https://woodright.ru/product/ol-02-1,index,yes,Шкаф для одежды 2-дв,Product+Offer(157900)+BreadcrumbList,T4,"duplicate_title, meta_ascii_ellipsis",see issue_class,P2
https://woodright.ru/product/ol-03-1,product,Шкаф для одежды 3-дв,Шкаф для одежды 3-дв,Шкаф для одежды 3-дв | Woodright,"Самый большой платяной шкаф Oliver: три дверцы, фронт 179 см, глубина 64 см, высота 235 см. Это уже не отдельный предмет, а полноценная система хранения на в...",https://woodright.ru/product/ol-03-1,index,yes,Шкаф для одежды 3-дв,Product+BreadcrumbList,T23,"duplicate_title, meta_ascii_ellipsis",see issue_class,P2
https://woodright.ru/product/ol-05-1,product,Комод стандартный,Комод стандартный,Комод стандартный | Woodright,"Базовый комод коллекции Oliver: 90 см в ширину, 55,5 см в глубину, 81 см в высоту. Формат, который встаёт почти в любую спальню - у стены, под окном или напр...",https://woodright.ru/product/ol-05-1,index,yes,Комод стандартный,Product+Offer(89900)+BreadcrumbList,T1,"duplicate_title, meta_ascii_ellipsis",see issue_class,P2
https://woodright.ru/product/ol-05-2,product,Комод широкий,Комод широкий,Комод широкий | Woodright,"Широкая версия комода Oliver: 130 см по фронту при стандартных для линейки высоте 81 см и глубине 55,5 см. Дополнительные 40 см ширины относительно базовой м...",https://woodright.ru/product/ol-05-2,index,yes,Комод широкий,Product+Offer(123500)+BreadcrumbList,T15,"duplicate_title, meta_ascii_ellipsis",see issue_class,P2
https://woodright.ru/product/ol-05-3,product,Комод высокий,Комод высокий,Комод высокий | Woodright,"Высокий комод Oliver разворачивает хранение по вертикали: при фронте всего 76 см он поднимается на 132 см - это те же объёмы, что у широкой модели, но на вдв...",https://woodright.ru/product/ol-05-3,index,yes,Комод высокий,Product+Offer(119500)+BreadcrumbList,T2,"duplicate_title, meta_ascii_ellipsis",see issue_class,P2
https://woodright.ru/product/ol-05-n,product,Комод высокий (ниже на 1 ярус ящиков),Комод высокий (ниже на 1 ярус ящиков),Комод высокий (ниже на 1 ярус ящиков) | Woodright,"Та же вертикальная компоновка, что у высокого комода Oliver, но на один ярус ящиков ниже: 114 см вместо 132 см при том же фронте 76 см. Формат под ситуации,...",https://woodright.ru/product/ol-05-n,index,yes,Комод высокий (ниже на 1 ярус ящиков),Product+Offer(110000)+BreadcrumbList,,meta_ascii_ellipsis,see issue_class,P2
https://woodright.ru/product/ol-06-1,product,Столик туалетный с зеркалом,Столик туалетный с зеркалом,Столик туалетный с зеркалом | Woodright,"Туалетный столик Oliver с надстроенным зеркалом: ширина 113 см, глубина 44 см, общая высота с зеркалом 143 см. Это отдельное, своё место в спальне - для косм...",https://woodright.ru/product/ol-06-1,index,yes,Столик туалетный с зеркалом,Product+Offer(81950)+BreadcrumbList,T10,"duplicate_title, meta_ascii_ellipsis",see issue_class,P2
https://woodright.ru/product/ol-07-1,product,Сундук,Сундук,Сундук | Woodright,"Сундук Oliver - 82 см в длину, 45 см в глубину и 55 см в высоту, корпус с тканевой обивкой. Классическое место - у изножья кровати, где сундук завершает её с...",https://woodright.ru/product/ol-07-1,index,yes,Сундук,Product+Offer(39900)+BreadcrumbList,,meta_ascii_ellipsis,see issue_class,P2
https://woodright.ru/product/ol-08-1,product,Тумбочка прикроватная,Тумбочка прикроватная,Тумбочка прикроватная | Woodright,Тумбочка прикроватная. Есть варианты исполнения - уточним в заявке,https://woodright.ru/product/ol-08-1,index,yes,Тумбочка прикроватная,Product+BreadcrumbList,T5,duplicate_title,see issue_class,P2
https://woodright.ru/product/ol-08-1-mirror,product,Зеркало навесное овальное,Зеркало навесное овальное,Зеркало навесное овальное | Woodright,Зеркало навесное овальное. Есть варианты исполнения - уточним в заявке,https://woodright.ru/product/ol-08-1-mirror,index,yes,Зеркало навесное овальное,Product+Offer(19950)+BreadcrumbList,,,none,
https://woodright.ru/product/ol-08-2,product,Тумбочка прикроватная с дверкой,Тумбочка прикроватная с дверкой,Тумбочка прикроватная с дверкой | Woodright,"Версия прикроватной тумбочки Oliver с дверкой вместо открытой ниши: те же 50 × 45,5 см при высоте 65 см, но всё содержимое скрыто за фасадом. Сторона навески...",https://woodright.ru/product/ol-08-2,index,yes,Тумбочка прикроватная с дверкой,Product+Offer(39950)+BreadcrumbList,,meta_ascii_ellipsis,see issue_class,P2
https://woodright.ru/product/ol-09-2,product,Зеркало напольное,Зеркало напольное,Зеркало напольное | Woodright,Напольное зеркало Oliver высотой 159 см показывает отражение в полный рост и при этом не привязано к стене - его можно переставлять по комнате вслед за свето...,https://woodright.ru/product/ol-09-2,index,yes,Зеркало напольное,Product+Offer(38900)+BreadcrumbList,T16,"duplicate_title, meta_ascii_ellipsis",see issue_class,P2
https://woodright.ru/product/ol-14-1,product,Кровать 1-сп. (90×190),Кровать 1-сп. (90×190),Кровать 1-сп. (90×190) | Woodright,"Односпальная кровать Oliver под матрас 90 × 190 см: ширина корпуса 99 см, длина 203 см, высокое изголовье 115 см. Обивка выбирается из двух тканей - Lorna ил...",https://woodright.ru/product/ol-14-1,index,yes,Кровать 1-сп. (90×190),Product+Offer(72900)+BreadcrumbList,,meta_ascii_ellipsis,see issue_class,P2
https://woodright.ru/product/ol-14-2,product,Кровать 1-сп. (90×190) без изножья,Кровать 1-сп. (90×190) без изножья,Кровать 1-сп. (90×190) без изножья | Woodright,"Та же односпальная кровать Oliver под матрас 90 × 190 см, но без изножья: открытый нижний край упрощает уборку, не бьёт по ногам в тесном проходе и зрительно...",https://woodright.ru/product/ol-14-2,index,yes,Кровать 1-сп. (90×190) без изножья,Product+Offer(69900)+BreadcrumbList,T24,"duplicate_title, meta_ascii_ellipsis",see issue_class,P2
https://woodright.ru/product/ol-15-1,product,"Кровать 1,5-сп. (120×190)","Кровать 1,5-сп. (120×190)","Кровать 1,5-сп. (120×190) | Woodright","Полуторная кровать Oliver под матрас 120 × 190 см - формат для одного человека, которому нужен запас ширины. Корпус 129 см в ширину и 203 см в длину, изголов...",https://woodright.ru/product/ol-15-1,index,yes,"Кровать 1,5-сп. (120×190)",Product+Offer(98900)+BreadcrumbList,,meta_ascii_ellipsis,see issue_class,P2
https://woodright.ru/product/ol-15-2,product,"Кровать 1,5-сп. (120×190) без изножья","Кровать 1,5-сп. (120×190) без изножья","Кровать 1,5-сп. (120×190) без изножья | Woodright","Версия полуторной кровати Oliver без изножья: матрас 120 × 190 см, корпус 129 × 203 см, изголовье 115 см. Открытый нижний край делает силуэт легче и освобожд...",https://woodright.ru/product/ol-15-2,index,yes,"Кровать 1,5-сп. (120×190) без изножья",Product+Offer(93600)+BreadcrumbList,T25,"duplicate_title, meta_ascii_ellipsis",see issue_class,P2
https://woodright.ru/product/ol-16-1,product,"Кровать 1,5-сп. (140×190)","Кровать 1,5-сп. (140×190)","Кровать 1,5-сп. (140×190) | Woodright","Кровать Oliver под матрас 140 × 190 см - самый компактный формат, на котором уже спят вдвоём. Корпус 149 × 203 см, высокое изголовье 115 см с тканевой обивко...",https://woodright.ru/product/ol-16-1,index,yes,"Кровать 1,5-сп. (140×190)",Product+Offer(113400)+BreadcrumbList,,meta_ascii_ellipsis,see issue_class,P2
https://woodright.ru/product/ol-16-2,product,"Кровать 1,5-сп. (140×190) без изножья","Кровать 1,5-сп. (140×190) без изножья","Кровать 1,5-сп. (140×190) без изножья | Woodright",Кровать Oliver под матрас 140 × 190 см в версии без изножья. Открытый край убирает визуальную границу в ногах и оставляет свободным проход - для небольшой сп...,https://woodright.ru/product/ol-16-2,index,yes,"Кровать 1,5-сп. (140×190) без изножья",Product+Offer(109200)+BreadcrumbList,T26,"duplicate_title, meta_ascii_ellipsis",see issue_class,P2
https://woodright.ru/product/ol-17-1,product,Кровать 2-сп. (160×200),Кровать 2-сп. (160×200),Кровать 2-сп. (160×200) | Woodright,"Основная двуспальная кровать Oliver: матрас 160 × 200 см, корпус 169 × 213 см, изголовье высотой 118 см. Высокое тканевое изголовье - Lorna или Lillian на вы...",https://woodright.ru/product/ol-17-1,index,yes,Кровать 2-сп. (160×200),Product+Offer(134900)+BreadcrumbList,T13,"duplicate_title, meta_ascii_ellipsis",see issue_class,P2
https://woodright.ru/product/ol-17-2,product,Кровать 2-сп. (160×200) без изножья,Кровать 2-сп. (160×200) без изножья,Кровать 2-сп. (160×200) без изножья | Woodright,"Двуспальная кровать Oliver 160 × 200 см без изножья: корпус 169 × 213 см, изголовье 118 см с обивкой Lorna или Lillian. Вариант для спальни, где в ногах кров...",https://woodright.ru/product/ol-17-2,index,yes,Кровать 2-сп. (160×200) без изножья,Product+Offer(124800)+BreadcrumbList,T27,"duplicate_title, meta_ascii_ellipsis",see issue_class,P2
https://woodright.ru/product/ol-17-3,product,Кровать 2-сп. (160×200) с подъёмным механизмом,Кровать 2-сп. (160×200) с подъёмным механизмом,Кровать 2-сп. (160×200) с подъёмным механизмом | Woodright,"Двуспальная кровать Oliver 160 × 200 см с подъёмным механизмом: основание с матрасом поднимается, открывая место для хранения под матрасом. Габариты корпуса...",https://woodright.ru/product/ol-17-3,index,yes,Кровать 2-сп. (160×200) с подъёмным механизмом,Product+Offer(160000)+BreadcrumbList,,meta_ascii_ellipsis,see issue_class,P2
https://woodright.ru/product/ol-18-1,product,Кровать 2-сп. (180×200),Кровать 2-сп. (180×200),Кровать 2-сп. (180×200) | Woodright,"Самая широкая кровать Oliver: матрас 180 × 200 см, корпус 189 × 213 см. Формат для просторной спальни - вдвоём на таком матрасе не делят территорию. Изголов...",https://woodright.ru/product/ol-18-1,index,yes,Кровать 2-сп. (180×200),Product+Offer(149900)+BreadcrumbList,T14,"duplicate_title, meta_ascii_ellipsis",see issue_class,P2
https://woodright.ru/product/ol-18-2,product,Кровать 2-сп. (180×200) без изножья,Кровать 2-сп. (180×200) без изножья,Кровать 2-сп. (180×200) без изножья | Woodright,Широкая двуспальная кровать Oliver 180 × 200 см в версии без изножья. При корпусе почти два метра шириной открытый нижний край важен вдвойне: он не даёт кров...,https://woodright.ru/product/ol-18-2,index,yes,Кровать 2-сп. (180×200) без изножья,Product+Offer(140400)+BreadcrumbList,T28,"duplicate_title, meta_ascii_ellipsis",see issue_class,P2
https://woodright.ru/product/ol-21-1,product,Стол обеденный раздвижной,Стол обеденный раздвижной,Стол обеденный раздвижной | Woodright,Обеденный стол Oliver с раздвижной столешницей: в разложенном виде 194 × 100 см - за таким столом свободно рассаживается большая семья с гостями. Механизм ра...,https://woodright.ru/product/ol-21-1,index,yes,Стол обеденный раздвижной,Product+Offer(212000)+BreadcrumbList,,meta_ascii_ellipsis,see issue_class,P2
https://woodright.ru/product/ol-23-1,product,Стул,Стул,Стул | Woodright,"Стул Oliver - 48 × 46 см в плане, высота по спинке 90,5 см. Обивка выбирается из пяти тканей: Leona, Linda, Lorna, Torno или Lillian, поэтому комплект стулье...",https://woodright.ru/product/ol-23-1,index,yes,Стул,Product+Offer(27900)+BreadcrumbList,T17,"duplicate_title, meta_ascii_ellipsis",see issue_class,P2
https://woodright.ru/product/ol-25-1,product,Комод столовый,Комод столовый,Комод столовый | Woodright,"Столовый комод Oliver - низкий и длинный: 169 см по фронту при высоте 94 см. В столовой он работает буфетной базой: внутри - посуда и скатерти, столешница -...",https://woodright.ru/product/ol-25-1,index,yes,Комод столовый,Product+Offer(142900)+BreadcrumbList,,meta_ascii_ellipsis,see issue_class,P2
https://woodright.ru/product/ol-26-1,product,Шкаф буфетный со стеклом и филенками,Шкаф буфетный со стеклом и филенками,Шкаф буфетный со стеклом и филенками | Woodright,"Буфетный шкаф Oliver высотой 211 см сочетает два режима хранения: застеклённая часть показывает посуду и стекло, глухие филёнчатые фасады скрывают всё осталь...",https://woodright.ru/product/ol-26-1,index,yes,Шкаф буфетный со стеклом и филенками,Product+Offer(150650)+BreadcrumbList,,meta_ascii_ellipsis,see issue_class,P2
https://woodright.ru/product/ol-26-2,product,Шкаф-витрина,Шкаф-витрина,Шкаф-витрина | Woodright,"Шкаф-витрина Oliver: 103 см по фронту, 43 см в глубину, 211 см в высоту. В отличие от буфетного шкафа линейки, витрина отдаёт стеклу практически весь фронт -...",https://woodright.ru/product/ol-26-2,index,yes,Шкаф-витрина,Product+Offer(159900)+BreadcrumbList,,meta_ascii_ellipsis,see issue_class,P2
https://woodright.ru/product/ol-30-1,product,Часы,Часы,Часы | Woodright,"Часы Oliver в деревянном корпусе 30 × 42 см при глубине всего 3,6 см. Это готовый предмет без вариантов исполнения - та деталь, которая связывает большую меб...",https://woodright.ru/product/ol-30-1,index,yes,Часы,Product+Offer(9950)+BreadcrumbList,T29,"duplicate_title, meta_ascii_ellipsis",see issue_class,P2
https://woodright.ru/product/ol-42-1,product,Тумба для телевизора,Тумба для телевизора,Тумба для телевизора | Woodright,"Тумба Oliver под телевизор: 122 см в ширину, 47 см в глубину, 53 см в высоту. Низкая посадка оставляет экран на правильной высоте для просмотра с дивана, а к...",https://woodright.ru/product/ol-42-1,index,yes,Тумба для телевизора,Product+Offer(55950)+BreadcrumbList,T18,"duplicate_title, meta_ascii_ellipsis",see issue_class,P2
https://woodright.ru/product/ol-43-1,product,Столик чайный круглый,Столик чайный круглый,Столик чайный круглый | Woodright,"Круглый чайный столик Oliver диаметром 60 см и высотой 75 см. Круглая столешница без углов удобна в центре мягкой зоны - вокруг неё свободно двигаются, а чаш...",https://woodright.ru/product/ol-43-1,index,yes,Столик чайный круглый,Product+Offer(19950)+BreadcrumbList,,meta_ascii_ellipsis,see issue_class,P2
https://woodright.ru/product/ol-44-1,product,Консоль,Консоль,Консоль | Woodright,"Консоль Oliver: 100 см в длину при глубине всего 35 см и высоте 80 см. Предмет для мест, куда стол не встаёт, - прихожей, простенка, стены коридора: ключи, п...",https://woodright.ru/product/ol-44-1,index,yes,Консоль,Product+Offer(45900)+BreadcrumbList,,meta_ascii_ellipsis,see issue_class,P2
https://woodright.ru/product/ol-44-2,product,Консоль с полками,Консоль с полками,Консоль с полками | Woodright,"Расширенная версия консоли Oliver: 126 см в длину, глубина 35,5 см, высота 94 см - с открытыми полками под столешницей. Полки превращают консоль из «поверхно...",https://woodright.ru/product/ol-44-2,index,yes,Консоль с полками,Product+Offer(70950)+BreadcrumbList,,meta_ascii_ellipsis,see issue_class,P2
https://woodright.ru/product/ol-55-1,product,Банкетка малая,Банкетка малая,Банкетка малая | Woodright,Малая банкетка Oliver - 42 × 35 см при высоте 44 см: компактное мягкое сиденье к туалетному столику или в изголовье прихожей. Обивка выбирается из трёх ткане...,https://woodright.ru/product/ol-55-1,index,yes,Банкетка малая,Product+Offer(14500)+BreadcrumbList,T19,"duplicate_title, meta_ascii_ellipsis",see issue_class,P2
https://woodright.ru/product/ol-55-2,product,Банкетка большая,Банкетка большая,Банкетка большая | Woodright,"Большая банкетка Oliver длиной 97 см при глубине 35 см и высоте сиденья 41,5 см. Классическое место - у изножья кровати: на неё кладут плед и одежду, на неё...",https://woodright.ru/product/ol-55-2,index,yes,Банкетка большая,Product+Offer(19900)+BreadcrumbList,T30,"duplicate_title, meta_ascii_ellipsis",see issue_class,P2
https://woodright.ru/product/ol-56-1,product,Кресло,Кресло,Кресло | Woodright,"Кресло Oliver: 81 см в ширину, 71 см в глубину, спинка 85 см. Полноразмерное посадочное место - для чтения у окна или как пара к дивану линейки. Обивка - тк...",https://woodright.ru/product/ol-56-1,index,yes,Кресло,Product+Offer(58900)+BreadcrumbList,,meta_ascii_ellipsis,see issue_class,P2
https://woodright.ru/product/ol-57-1,product,Диван малый,Диван малый,Диван малый | Woodright,"Малый диван Oliver: 163 см по фронту, глубина 91 см, спинка 93 см - посадка на двоих для гостиной, кабинета или спальни. Обивка - ткань Lilian, единая с крес...",https://woodright.ru/product/ol-57-1,index,yes,Диван малый,Product+Offer(118000)+BreadcrumbList,,meta_ascii_ellipsis,see issue_class,P2
https://woodright.ru/product/ol-57-2,product,Диван большой,Диван большой,Диван большой | Woodright,"Большой диван Oliver: 201 см по фронту при глубине 91 см - полноценная посадка на троих, центр гостиной. Обивка - ткань Lilian, общая для всей мягкой линейки...",https://woodright.ru/product/ol-57-2,index,yes,Диван большой,Product+Offer(145000)+BreadcrumbList,,meta_ascii_ellipsis,see issue_class,P2
https://woodright.ru/product/ol-57-3,product,Диван-кровать малый (140×190),Диван-кровать малый (140×190),Диван-кровать малый (140×190) | Woodright,"Диван-кровать Oliver в малом формате: по фронту 163 см, в разложенном виде - спальное место 140 × 190 см. Это решение для комнаты с двойной жизнью: кабинет и...",https://woodright.ru/product/ol-57-3,index,yes,Диван-кровать малый (140×190),Product+Offer(125000)+BreadcrumbList,,meta_ascii_ellipsis,see issue_class,P2
https://woodright.ru/product/ol-61-1,product,Шкаф книжный со стеклом,Шкаф книжный со стеклом,Шкаф книжный со стеклом | Woodright,"Книжный шкаф Oliver: 103 см по фронту, 43 см в глубину, 211 см в высоту, фасады со стеклом. Стекло здесь практично - корешки видны и остаются частью интерьер...",https://woodright.ru/product/ol-61-1,index,yes,Шкаф книжный со стеклом,Product+Offer(137900)+BreadcrumbList,T6,"duplicate_title, meta_ascii_ellipsis",see issue_class,P2
https://woodright.ru/product/ol-61-2,product,Шкаф кабинетный,Шкаф кабинетный,Шкаф кабинетный | Woodright,Кабинетный шкаф Oliver с горизонтальной компоновкой: 218 см по фронту при высоте всего 112 см и глубине 43 см. В кабинете он работает как длинная база вдоль...,https://woodright.ru/product/ol-61-2,index,yes,Шкаф кабинетный,Product+Offer(121900)+BreadcrumbList,,meta_ascii_ellipsis,see issue_class,P2
https://woodright.ru/product/ol-62-1,product,Стеллаж для книг,Стеллаж для книг,Стеллаж для книг | Woodright,"Открытый книжный стеллаж Oliver: 103 см по фронту, 43 см в глубину, 211 см в высоту. Открытые полки держат библиотеку под рукой и не утяжеляют комнату - стел...",https://woodright.ru/product/ol-62-1,index,yes,Стеллаж для книг,Product+Offer(103900)+BreadcrumbList,T3,"duplicate_title, meta_ascii_ellipsis",see issue_class,P2
https://woodright.ru/product/ol-62-2,product,Стеллаж широкий,Стеллаж широкий,Стеллаж широкий | Woodright,"Широкий стеллаж Oliver: 123 см по фронту, высота 146 см - ниже человеческого роста, поэтому он не перегораживает комнату и может стоять не только у стены, но...",https://woodright.ru/product/ol-62-2,index,yes,Стеллаж широкий,Product+Offer(72900)+BreadcrumbList,T7,"duplicate_title, meta_ascii_ellipsis",see issue_class,P2
https://woodright.ru/product/ol-64-1,product,Стол-бюро,Стол-бюро,Стол-бюро | Woodright,"Стол-бюро Oliver: рабочая столешница 156 × 70 см и надстройка, поднимающая предмет до 128,5 см. Надстройка держит бумаги, книги и мелочи на уровне глаз - раб...",https://woodright.ru/product/ol-64-1,index,yes,Стол-бюро,Product+Offer(188900)+BreadcrumbList,,meta_ascii_ellipsis,see issue_class,P2
https://woodright.ru/product/ol-65,product,Стол письменный 1-тумб,Стол письменный 1-тумб,Стол письменный 1-тумб | Woodright,"Письменный стол Oliver с одной опорной тумбой: столешница 116 × 60 см, высота 78 см. Тумба закрывает хранение под правой рукой, левая сторона остаётся открыт...",https://woodright.ru/product/ol-65,index,yes,Стол письменный 1-тумб,Product+BreadcrumbList,,meta_ascii_ellipsis,see issue_class,P2
https://woodright.ru/product/ol-66-1,product,Стол письменный двухтумбовый Оливер (полки с обеих сторон),Стол письменный двухтумбовый Оливер (полки с обеих сторон),Стол письменный двухтумбовый Оливер (полки с обеих сторон) | Woodright,"Двухтумбовый письменный стол Oliver: столешница 156 × 70 см на двух опорных тумбах. Классическая кабинетная схема - хранение с обеих сторон, посадка по центр...",https://woodright.ru/product/ol-66-1,index,yes,Стол письменный двухтумбовый Оливер (полки с обеих сторон),Product+Offer(131900)+BreadcrumbList,,meta_ascii_ellipsis,see issue_class,P2
https://woodright.ru/product/ol-66-4,product,Стол кабинетный письменный двухтумбовый Оливер (полки с обеих сторон),Стол кабинетный письменный двухтумбовый Оливер (полки с обеих сторон),Стол кабинетный письменный двухтумбовый Оливер (полки с обеих сторон) | Woodright,"Кабинетная версия двухтумбового письменного стола Oliver: та же ширина 156 см, но глубина увеличена до 72 см - больше места между краем столешницы и мониторо...",https://woodright.ru/product/ol-66-4,index,yes,Стол кабинетный письменный двухтумбовый Оливер (полки с обеих сторон),Product+Offer(152600)+BreadcrumbList,,"meta_ascii_ellipsis, title_over_70",see issue_class,P2
https://woodright.ru/product/ol-67-1,product,Стол рабочий,Стол рабочий,Стол рабочий | Woodright,"Рабочий стол Oliver без опорных тумб: столешница 110 × 60 см, высота 79 см. Самый лёгкий стол линейки - открытый низ не загромождает комнату, а компактная ст...",https://woodright.ru/product/ol-67-1,index,yes,Стол рабочий,Product+Offer(69900)+BreadcrumbList,T11,"duplicate_title, meta_ascii_ellipsis",see issue_class,P2
https://woodright.ru/product/ol-68-1,product,Этажерка малая 3 полки,Этажерка малая 3 полки,Этажерка малая 3 полки | Woodright,"Малая этажерка Oliver: три открытые полки, 85 см по фронту, 32 см глубины, высота 91 см. Лёгкая открытая конструкция - для книг у рабочего места, цветов у ок...",https://woodright.ru/product/ol-68-1,index,yes,Этажерка малая 3 полки,Product+Offer(24900)+BreadcrumbList,T31,"duplicate_title, meta_ascii_ellipsis",see issue_class,P2
https://woodright.ru/product/ol-68-2,product,Этажерка большая 6 полок,Этажерка большая 6 полок,Этажерка большая 6 полок | Woodright,Большая этажерка Oliver: шесть открытых полок при фронте 85 см и высоте 198 см. Это уже полноценный открытый стеллаж - только легче: без боковых стенок и зад...,https://woodright.ru/product/ol-68-2,index,yes,Этажерка большая 6 полок,Product+Offer(48900)+BreadcrumbList,T32,"duplicate_title, meta_ascii_ellipsis",see issue_class,P2
https://woodright.ru/product/ol-69-1,product,Полка книжная 1-ярусная,Полка книжная 1-ярусная,Полка книжная 1-ярусная | Woodright,"Навесная книжная полка Oliver в один ярус: 92 см длины, высота 47 см. Базовый элемент настенного хранения линейки - над письменным столом, консолью или изгол...",https://woodright.ru/product/ol-69-1,index,yes,Полка книжная 1-ярусная,Product+Offer(14900)+BreadcrumbList,,meta_ascii_ellipsis,see issue_class,P2
https://woodright.ru/product/ol-69-2,product,Полка книжная 2-ярусная,Полка книжная 2-ярусная,Полка книжная 2-ярусная | Woodright,"Двухъярусная версия книжной полки Oliver: те же 92 см по ширине, высота 55 см, два ряда под книги. Средний формат серии - уже настоящее книжное хранение над...",https://woodright.ru/product/ol-69-2,index,yes,Полка книжная 2-ярусная,Product+Offer(18000)+BreadcrumbList,,meta_ascii_ellipsis,see issue_class,P2
https://woodright.ru/product/ol-69-3,product,Полка книжная 3-ярусная,Полка книжная 3-ярусная,Полка книжная 3-ярусная | Woodright,"Трёхъярусная книжная полка Oliver: 92 см по ширине, высота 79 см. Старшая модель настенной серии - три ряда книг на стене вместо напольного стеллажа: решение...",https://woodright.ru/product/ol-69-3,index,yes,Полка книжная 3-ярусная,Product+Offer(22900)+BreadcrumbList,,meta_ascii_ellipsis,see issue_class,P2
https://woodright.ru/product/ol-69-4,product,Полка книжная угловая,Полка книжная угловая,Полка книжная угловая | Woodright,"Угловая книжная полка Oliver: 31 × 31 см в плане при высоте 106 см. Вертикальная колонна полок занимает угол - место, которое прямые полки использовать не мо...",https://woodright.ru/product/ol-69-4,index,yes,Полка книжная угловая,Product+Offer(13900)+BreadcrumbList,,meta_ascii_ellipsis,see issue_class,P2
https://woodright.ru/product/ol-81-1,product,Столик детский,Столик детский,Столик детский | Woodright,"Детский стол линии Oliver Kids: столешница 78 × 58 см на высоте 57 см - это посадка ребёнка дошкольного возраста, за которой удобно рисовать, лепить и собира...",https://woodright.ru/product/ol-81-1,index,yes,Столик детский,Product+Offer(39900)+BreadcrumbList,T22,"duplicate_title, meta_ascii_ellipsis",see issue_class,P2
https://woodright.ru/product/ol-82-1,product,Стульчик детский,Стульчик детский,Стульчик детский | Woodright,"Детский стул Oliver Kids: 30 × 31 см в плане, высота по спинке 71 см - геометрия под посадку дошкольника за детским столом линии. Сиденье обивается тканью на...",https://woodright.ru/product/ol-82-1,index,yes,Стульчик детский,Product+Offer(14300)+BreadcrumbList,,meta_ascii_ellipsis,see issue_class,P2
https://woodright.ru/product/ol-83-1,product,Столешница пеленальная съемная,Столешница пеленальная съемная,Столешница пеленальная съемная | Woodright,"Съёмная пеленальная столешница Oliver Kids: 88 × 75 см, борта высотой 18 см. Ставится на комод и превращает его в полноценное место для пеленания на уровне р...",https://woodright.ru/product/ol-83-1,index,yes,Столешница пеленальная съемная,Product+Offer(14950)+BreadcrumbList,,meta_ascii_ellipsis,see issue_class,P2
https://woodright.ru/product/ol-84-1,product,Бортик к кровати малый,Бортик к кровати малый,Бортик к кровати малый | Woodright,"Малый бортик Oliver Kids длиной 70 см устанавливается на детскую кровать и страхует край на время, пока ребёнок привыкает спать без решётки. Высота 30 см - д...",https://woodright.ru/product/ol-84-1,index,yes,Бортик к кровати малый,Product+Offer(5500)+BreadcrumbList,T33,"duplicate_title, meta_ascii_ellipsis",see issue_class,P2
https://woodright.ru/product/ol-84-2,product,Бортик к кровати большой,Бортик к кровати большой,Бортик к кровати большой | Woodright,"Большой бортик Oliver Kids - 100 см длины при высоте 30 см: закрывает больший участок края, чем малая модель, оставляя при этом свободный доступ в кровать. С...",https://woodright.ru/product/ol-84-2,index,yes,Бортик к кровати большой,Product+Offer(7500)+BreadcrumbList,T34,"duplicate_title, meta_ascii_ellipsis",see issue_class,P2
https://woodright.ru/product/ol-85-1,product,Кроватка для новорожденного (60 × 120),Кроватка для новорожденного (60 × 120),Кроватка для новорожденного (60 × 120) | Woodright,Кроватка Oliver Kids для новорождённого: спальное место 60 × 120 см - стандарт первых лет. Корпус 74 × 131 см при высоте 129 см выдержан в языке взрослой кол...,https://woodright.ru/product/ol-85-1,index,yes,Кроватка для новорожденного (60 × 120),Product+Offer(72700)+BreadcrumbList,,meta_ascii_ellipsis,see issue_class,P2
https://woodright.ru/product/ol-85-2,product,Кроватка приставная + матрас,Кроватка приставная + матрас,Кроватка приставная + матрас | Woodright,"Приставная кроватка Oliver Kids ставится вплотную к родительской кровати: ребёнок спит рядом, но на своём месте - ночью не нужно вставать, достаточно протяну...",https://woodright.ru/product/ol-85-2,index,yes,Кроватка приставная + матрас,Product+Offer(33900)+BreadcrumbList,,meta_ascii_ellipsis,see issue_class,P2
https://woodright.ru/product/ol-86-1,product,Каркас для балдахина,Каркас для балдахина,Каркас для балдахина | Woodright,"Каркас Oliver Kids для крепления балдахина над детской кроваткой: держатель 40 × 25 см, на который навешивается ткань. Балдахин рассеивает верхний свет над с...",https://woodright.ru/product/ol-86-1,index,yes,Каркас для балдахина,Product+Offer(5500)+BreadcrumbList,,meta_ascii_ellipsis,see issue_class,P2
https://woodright.ru/product/ol-95-1,product,Кровать-трансформер (80×150) с рисунком,Кровать-трансформер (80×150) с рисунком,Кровать-трансформер (80×150) с рисунком | Woodright,Кровать-трансформер Oliver Kids под матрас 80 × 150 см - переходный формат между кроваткой новорождённого и взрослой кроватью. Спинку украшает рисунок - это...,https://woodright.ru/product/ol-95-1,index,yes,Кровать-трансформер (80×150) с рисунком,Product+Offer(118000)+BreadcrumbList,,meta_ascii_ellipsis,see issue_class,P2
https://woodright.ru/product/ol-95-3,product,Кровать-трансформер (80×150) с тканью,Кровать-трансформер (80×150) с тканью,Кровать-трансформер (80×150) с тканью | Woodright,"Версия кровати-трансформера Oliver Kids с тканевой вставкой в спинке вместо рисунка: тот же формат под матрас 80 × 150 см и корпус 91 × 181 см, но внешне бли...",https://woodright.ru/product/ol-95-3,index,yes,Кровать-трансформер (80×150) с тканью,Product+Offer(118700)+BreadcrumbList,,meta_ascii_ellipsis,see issue_class,P2
https://woodright.ru/product/ox-14-1,product,Комплекс Оксфорд-1 (нижняя кровать без матраса 90 × 185),Комплекс Оксфорд-1 (нижняя кровать без матраса 90 × 185),Комплекс Оксфорд-1 (нижняя кровать без матраса 90 × 185) | Woodright,"Нижняя выкатная часть комплекса Оксфорд-1: спальное место под матрас 90 × 185 см, высота корпуса 26 см. Дополняет верхний модуль комплекса вторым спальным ме...",https://woodright.ru/product/ox-14-1,index,yes,Комплекс Оксфорд-1 (нижняя кровать без матраса 90 × 185),Product+Offer(29000)+BreadcrumbList,,meta_ascii_ellipsis,see issue_class,P2
https://woodright.ru/product/ox-14-11,product,Нижняя кровать без матраса увеличенная (120 × 185),Нижняя кровать без матраса увеличенная (120 × 185),Нижняя кровать без матраса увеличенная (120 × 185) | Woodright,Увеличенная версия нижней кровати комплекса Оксфорд-1: спальное место под матрас 120 × 185 см при той же высоте корпуса 26 см. Ширина 120 см даёт полноценное...,https://woodright.ru/product/ox-14-11,index,yes,Нижняя кровать без матраса увеличенная (120 × 185),Product+Offer(37000)+BreadcrumbList,,meta_ascii_ellipsis,see issue_class,P2
https://woodright.ru/product/ox-90-1,product,Комплекс Оксфорд-1 с выдвижной столешницей без нижней кровати,Комплекс Оксфорд-1 с выдвижной столешницей без нижней кровати,Комплекс Оксфорд-1 с выдвижной столешницей без нижней кровати | Woodright,"Комплекс Оксфорд-1 - двухуровневая организация детской на площади 260 × 139 см при высоте 193 см: спальное место наверху, рабочая зона с выдвижной столешнице...",https://woodright.ru/product/ox-90-1,index,yes,Комплекс Оксфорд-1 с выдвижной столешницей без нижней кровати,Product+Offer(406200)+BreadcrumbList,,"meta_ascii_ellipsis, title_over_70",see issue_class,P2
https://woodright.ru/product/pa-05-1,product,Комод стандартный,Комод стандартный,Комод стандартный | Woodright,"Стандартный комод серии Pastoral (Willie Winkie): уменьшенная глубина 44 см оставляет проходы детской свободными, а верхняя плоскость остаётся на удобной для...",https://woodright.ru/product/pa-05-1,index,yes,Комод стандартный,Product+Offer(96360)+BreadcrumbList,T1,"duplicate_title, meta_ascii_ellipsis",see issue_class,P2
https://woodright.ru/product/pa-05-3,product,Комод высокий,Комод высокий,Комод высокий | Woodright,"Высокий комод серии Pastoral (Willie Winkie) в полноглубокой версии 56 см - вертикальная компоновка занимает меньше стены, чем стандартный формат. Роспись Pa...",https://woodright.ru/product/pa-05-3,index,yes,Комод высокий,Product+Offer(113080)+BreadcrumbList,T2,"duplicate_title, meta_ascii_ellipsis",see issue_class,P2
https://woodright.ru/product/pa-62-1,product,Стеллаж для книг,Стеллаж для книг,Стеллаж для книг | Woodright,"Книжный стеллаж серии Pastoral (Willie Winkie) с увеличенной глубиной полок 56 см - помимо книг туда встают корзины и коробки с игрушками, то есть стеллаж ра...",https://woodright.ru/product/pa-62-1,index,yes,Стеллаж для книг,Product+Offer(99390)+BreadcrumbList,T3,"duplicate_title, meta_ascii_ellipsis",see issue_class,P2
https://woodright.ru/product/pr-02-1,product,Шкаф для одежды 2-дв. с рисунком,Шкаф для одежды 2-дв. с рисунком,Шкаф для одежды 2-дв. с рисунком | Woodright,"Шкаф для одежды 2-дв. с рисунком В названии прайса указан рисунок 2080 × 1200 × 631 мм Порядок: высота, ширина, глубина. Источник - ячейка прайса 18.09.2026",https://woodright.ru/product/pr-02-1,index,yes,Шкаф для одежды 2-дв. с рисунком,Product+Offer(162500)+BreadcrumbList,,,none,
https://woodright.ru/product/pr-03-1,product,Шкаф для одежды 3-дв. с рисунком,Шкаф для одежды 3-дв. с рисунком,Шкаф для одежды 3-дв. с рисунком | Woodright,"Шкаф для одежды 3-дв. с рисунком В названии прайса указан рисунок 2140 × 1735 × 631 мм Порядок: высота, ширина, глубина. Источник - ячейка прайса 18.09.2026",https://woodright.ru/product/pr-03-1,index,yes,Шкаф для одежды 3-дв. с рисунком,Product+Offer(236600)+BreadcrumbList,,,none,
https://woodright.ru/product/pr-05-1,product,Комод стандартный (ручки Сваровски),Комод стандартный (ручки Сваровски),Комод стандартный (ручки Сваровски) | Woodright,"Комод стандартный (ручки Swarovski) В названии прайса указаны ручки Swarovski 902 × 900 × 572 мм Порядок: высота, ширина, глубина. Источник - ячейка прайса 1...",https://woodright.ru/product/pr-05-1,index,yes,Комод стандартный (ручки Сваровски),Product+Offer(78800)+BreadcrumbList,,meta_ascii_ellipsis,see issue_class,P2
https://woodright.ru/product/pr-08-1,product,Тумбочка прикроватная (ручки Сваровски),Тумбочка прикроватная (ручки Сваровски),Тумбочка прикроватная (ручки Сваровски) | Woodright,"Тумбочка прикроватная (ручки Swarovski) В названии прайса указаны ручки Swarovski 600 × 530 × 450 мм Порядок: высота, ширина, глубина. Источник - ячейка прай...",https://woodright.ru/product/pr-08-1,index,yes,Тумбочка прикроватная (ручки Сваровски),Product+Offer(26800)+BreadcrumbList,,meta_ascii_ellipsis,see issue_class,P2
https://woodright.ru/product/pr-09-1,product,Зеркало навесное,Зеркало навесное,Зеркало навесное | Woodright,"Зеркало навесное 800 × 600 × 30 мм Порядок: высота, ширина, глубина. Источник - ячейка прайса 18.09.2026",https://woodright.ru/product/pr-09-1,index,yes,Зеркало навесное,Product+Offer(15600)+BreadcrumbList,T12,duplicate_title,see issue_class,P2
https://woodright.ru/product/pr-09-2,product,Зеркало напольное,Зеркало напольное,Зеркало напольное | Woodright,"Зеркало напольное 1670 × 650 × 391 мм Порядок: высота, ширина, глубина. Источник - ячейка прайса 18.09.2026",https://woodright.ru/product/pr-09-2,index,yes,Зеркало напольное,Product+Offer(49400)+BreadcrumbList,T16,duplicate_title,see issue_class,P2
https://woodright.ru/product/pr-14-1,product,"Кровать 1-сп. (90 × 190) с рисунком, без изн","Кровать 1-сп. (90 × 190) с рисунком, без изн","Кровать 1-сп. (90 × 190) с рисунком, без изн | Woodright","Кровать 1-сп. (90*190) с рисунком, без изн. В названии прайса указан рисунок В названии прайса указано: без изножья 1063 × 994 × 2010 мм Порядок: высота, шир...",https://woodright.ru/product/pr-14-1,index,yes,"Кровать 1-сп. (90 × 190) с рисунком, без изн",Product+Offer(66200)+BreadcrumbList,,meta_ascii_ellipsis,see issue_class,P2
https://woodright.ru/product/pr-15-1,product,"Кровать 1,5-сп. (120 × 190) с рисунком,без изн","Кровать 1,5-сп. (120 × 190) с рисунком,без изн","Кровать 1,5-сп. (120 × 190) с рисунком,без изн | Woodright","Кровать 1,5-сп. (120*190) с рисунком,без изн. В названии прайса указан рисунок В названии прайса указано: без изножья 1073 × 1294 × 2010 мм Порядок: высота,...",https://woodright.ru/product/pr-15-1,index,yes,"Кровать 1,5-сп. (120 × 190) с рисунком,без изн",Product+Offer(89300)+BreadcrumbList,,meta_ascii_ellipsis,see issue_class,P2
https://woodright.ru/product/pr-16-1,product,"Кровать 1,5-сп.140 × 190 без изножья","Кровать 1,5-сп.140 × 190 без изножья","Кровать 1,5-сп.140 × 190 без изножья | Woodright","Кровать 1,5-сп.140*190 без изножья В названии прайса указано: без изножья 1092 × 1494 × 2010 мм Порядок: высота, ширина, глубина. Источник - ячейка прайса 18...",https://woodright.ru/product/pr-16-1,index,yes,"Кровать 1,5-сп.140 × 190 без изножья",Product+Offer(88900)+BreadcrumbList,,meta_ascii_ellipsis,see issue_class,P2
https://woodright.ru/product/pr-23-1,product,Стул,Стул,Стул | Woodright,"Стул 905 × 480 × 460 мм Порядок: высота, ширина, глубина. Источник - ячейка прайса 18.09.2026",https://woodright.ru/product/pr-23-1,index,yes,Стул,Product+Offer(29700)+BreadcrumbList,T17,duplicate_title,see issue_class,P2
https://woodright.ru/product/pr-30-1,product,Часы,Часы,Часы | Woodright,Товар из каталога Woodright.,https://woodright.ru/product/pr-30-1,index,yes,Часы,Product+Offer(7100)+BreadcrumbList,T29,"duplicate_title, duplicate_meta",see issue_class,P2
https://woodright.ru/product/pr-42-1,product,Тумба для телевизора (ручки Сваровски),Тумба для телевизора (ручки Сваровски),Тумба для телевизора (ручки Сваровски) | Woodright,"Тумба для телевизора (ручки Swarovski) В названии прайса указаны ручки Swarovski 584 × 1160 × 476 мм Порядок: высота, ширина, глубина. Источник - ячейка прай...",https://woodright.ru/product/pr-42-1,index,yes,Тумба для телевизора (ручки Сваровски),Product+Offer(55000)+BreadcrumbList,,meta_ascii_ellipsis,see issue_class,P2
https://woodright.ru/product/pr-55-1,product,Банкетка малая,Банкетка малая,Банкетка малая | Woodright,"Банкетка малая 450 × 470 × 400 мм Порядок: высота, ширина, глубина. Источник - ячейка прайса 18.09.2026",https://woodright.ru/product/pr-55-1,index,yes,Банкетка малая,Product+Offer(21300)+BreadcrumbList,T19,duplicate_title,see issue_class,P2
https://woodright.ru/product/pr-55-2,product,Банкетка большая,Банкетка большая,Банкетка большая | Woodright,"Банкетка большая 450 × 850 × 400 мм Порядок: высота, ширина, глубина. Источник - ячейка прайса 18.09.2026",https://woodright.ru/product/pr-55-2,index,yes,Банкетка большая,Product+Offer(30700)+BreadcrumbList,T30,duplicate_title,see issue_class,P2
https://woodright.ru/product/pr-61-1,product,Шкаф книжный с рисунком,Шкаф книжный с рисунком,Шкаф книжный с рисунком | Woodright,"Шкаф книжный с рисунком В названии прайса указан рисунок 2080 × 1200 × 465 мм Порядок: высота, ширина, глубина. Источник - ячейка прайса 18.09.2026",https://woodright.ru/product/pr-61-1,index,yes,Шкаф книжный с рисунком,Product+Offer(140400)+BreadcrumbList,,,none,
https://woodright.ru/product/pr-62-1,product,Стеллаж для книг,Стеллаж для книг,Стеллаж для книг | Woodright,"Стеллаж для книг 2080 × 1200 × 465 мм Порядок: высота, ширина, глубина. Источник - ячейка прайса 18.09.2026",https://woodright.ru/product/pr-62-1,index,yes,Стеллаж для книг,Product+Offer(94400)+BreadcrumbList,T3,duplicate_title,see issue_class,P2
https://woodright.ru/product/pr-65-5,product,Стол письменный 1-тумб. 0П (ручки Сваровски),Стол письменный 1-тумб. 0П (ручки Сваровски),Стол письменный 1-тумб. 0П (ручки Сваровски) | Woodright,"Стол письменный 1-тумб. 0П (ручки Swarovski) В названии прайса указаны ручки Swarovski 750 × 1140 × 647 мм Порядок: высота, ширина, глубина. Источник - ячейк...",https://woodright.ru/product/pr-65-5,index,yes,Стол письменный 1-тумб. 0П (ручки Сваровски),Product+Offer(78500)+BreadcrumbList,,meta_ascii_ellipsis,see issue_class,P2
https://woodright.ru/product/pr-65-6,product,Стол письменный 1-тумб. П0 (ручки Сваровски),Стол письменный 1-тумб. П0 (ручки Сваровски),Стол письменный 1-тумб. П0 (ручки Сваровски) | Woodright,"Стол письменный 1-тумб. П0 (ручки Swarovski) В названии прайса указаны ручки Swarovski 750 × 1140 × 647 мм Порядок: высота, ширина, глубина. Источник - ячейк...",https://woodright.ru/product/pr-65-6,index,yes,Стол письменный 1-тумб. П0 (ручки Сваровски),Product+Offer(78500)+BreadcrumbList,,meta_ascii_ellipsis,see issue_class,P2
https://woodright.ru/product/pr-65-7,product,Стол письменный 1-тумб. 0Я (ручки Сваровски),Стол письменный 1-тумб. 0Я (ручки Сваровски),Стол письменный 1-тумб. 0Я (ручки Сваровски) | Woodright,"Стол письменный 1-тумб. 0Я (ручки Swarovski) В названии прайса указаны ручки Swarovski 750 × 1140 × 647 мм Порядок: высота, ширина, глубина. Источник - ячейк...",https://woodright.ru/product/pr-65-7,index,yes,Стол письменный 1-тумб. 0Я (ручки Сваровски),Product+Offer(95400)+BreadcrumbList,,meta_ascii_ellipsis,see issue_class,P2
https://woodright.ru/product/pr-65-8,product,Стол письменный 1-тумб. Я0 (ручки Сваровски),Стол письменный 1-тумб. Я0 (ручки Сваровски),Стол письменный 1-тумб. Я0 (ручки Сваровски) | Woodright,"Стол письменный 1-тумб. Я0 (ручки Swarovski) В названии прайса указаны ручки Swarovski 750 × 1140 × 647 мм Порядок: высота, ширина, глубина. Источник - ячейк...",https://woodright.ru/product/pr-65-8,index,yes,Стол письменный 1-тумб. Я0 (ручки Сваровски),Product+Offer(95400)+BreadcrumbList,,meta_ascii_ellipsis,see issue_class,P2
https://woodright.ru/product/pr-66-6,product,Стол письменный 2-тумб. ПЯ (ручки Сваровски),Стол письменный 2-тумб. ПЯ (ручки Сваровски),Стол письменный 2-тумб. ПЯ (ручки Сваровски) | Woodright,"Стол письменный 2-тумб. ПЯ (ручки Swarovski) В названии прайса указаны ручки Swarovski 750 × 1535 × 700 мм Порядок: высота, ширина, глубина. Источник - ячейк...",https://woodright.ru/product/pr-66-6,index,yes,Стол письменный 2-тумб. ПЯ (ручки Сваровски),Product+Offer(119300)+BreadcrumbList,,meta_ascii_ellipsis,see issue_class,P2
https://woodright.ru/product/pr-66-7,product,Стол письменный 2-тумб. ЯП (ручки Сваровски),Стол письменный 2-тумб. ЯП (ручки Сваровски),Стол письменный 2-тумб. ЯП (ручки Сваровски) | Woodright,"Стол письменный 2-тумб. ЯП (ручки Swarovski) В названии прайса указаны ручки Swarovski 750 × 1535 × 700 мм Порядок: высота, ширина, глубина. Источник - ячейк...",https://woodright.ru/product/pr-66-7,index,yes,Стол письменный 2-тумб. ЯП (ручки Сваровски),Product+Offer(119300)+BreadcrumbList,,meta_ascii_ellipsis,see issue_class,P2
https://woodright.ru/product/pr-68-1,product,Этажерка малая 3 полки,Этажерка малая 3 полки,Этажерка малая 3 полки | Woodright,"Этажерка малая 3 полки 800 × 480 × 350 мм Порядок: высота, ширина, глубина. Источник - ячейка прайса 18.09.2026",https://woodright.ru/product/pr-68-1,index,yes,Этажерка малая 3 полки,Product+Offer(16900)+BreadcrumbList,T31,duplicate_title,see issue_class,P2
https://woodright.ru/product/pr-68-2,product,Этажерка большая 6 полок,Этажерка большая 6 полок,Этажерка большая 6 полок | Woodright,"Этажерка большая 6 полок 1770 × 885 × 362 мм Порядок: высота, ширина, глубина. Источник - ячейка прайса 18.09.2026",https://woodright.ru/product/pr-68-2,index,yes,Этажерка большая 6 полок,Product+Offer(65100)+BreadcrumbList,T32,duplicate_title,see issue_class,P2
https://woodright.ru/product/pr-69-1,product,Полка книжная,Полка книжная,Полка книжная | Woodright,"Полка книжная 318 × 700 × 245 мм Порядок: высота, ширина, глубина. Источник - ячейка прайса 18.09.2026",https://woodright.ru/product/pr-69-1,index,yes,Полка книжная,Product+Offer(8700)+BreadcrumbList,T35,duplicate_title,see issue_class,P2
https://woodright.ru/product/pr-81-1,product,Столик детский,Столик детский,Столик детский | Woodright,"Столик детский 520 × 794 × 590 мм Порядок: высота, ширина, глубина. Источник - ячейка прайса 18.09.2026",https://woodright.ru/product/pr-81-1,index,yes,Столик детский,Product+Offer(27300)+BreadcrumbList,T22,duplicate_title,see issue_class,P2
https://woodright.ru/product/pr-82-1,product,Стульчик детский с рисунком,Стульчик детский с рисунком,Стульчик детский с рисунком | Woodright,"Стульчик детский с рисунком В названии прайса указан рисунок 580 × 315 × 327 мм Порядок: высота, ширина, глубина. Источник - ячейка прайса 18.09.2026",https://woodright.ru/product/pr-82-1,index,yes,Стульчик детский с рисунком,Product+Offer(15400)+BreadcrumbList,,,none,
https://woodright.ru/product/pr-83-1,product,Столешница пеленальная съемная с рисунком,Столешница пеленальная съемная с рисунком,Столешница пеленальная съемная с рисунком | Woodright,Товар из каталога Woodright.,https://woodright.ru/product/pr-83-1,index,yes,Столешница пеленальная съемная с рисунком,Product+Offer(13800)+BreadcrumbList,,duplicate_meta,see issue_class,P2
https://woodright.ru/product/pr-84-1,product,Бортик к кровати малый,Бортик к кровати малый,Бортик к кровати малый | Woodright,Товар из каталога Woodright.,https://woodright.ru/product/pr-84-1,index,yes,Бортик к кровати малый,Product+Offer(4700)+BreadcrumbList,T33,"duplicate_title, duplicate_meta",see issue_class,P2
https://woodright.ru/product/pr-84-2,product,Бортик к кровати большой,Бортик к кровати большой,Бортик к кровати большой | Woodright,Товар из каталога Woodright.,https://woodright.ru/product/pr-84-2,index,yes,Бортик к кровати большой,Product+Offer(6300)+BreadcrumbList,T34,"duplicate_title, duplicate_meta",see issue_class,P2
https://woodright.ru/product/pr-95-1,product,Кровать - трансформер (80 × 150) с рисунком,Кровать - трансформер (80 × 150) с рисунком,Кровать - трансформер (80 × 150) с рисунком | Woodright,"Кровать - трансформер (80*150) с рисунком В названии прайса указан рисунок 1179 × 906 × 1806 мм Порядок: высота, ширина, глубина. Источник - ячейка прайса 18...",https://woodright.ru/product/pr-95-1,index,yes,Кровать - трансформер (80 × 150) с рисунком,Product+Offer(126500)+BreadcrumbList,,meta_ascii_ellipsis,see issue_class,P2
https://woodright.ru/product/pr-95-2,product,Кровать - трансформер (80 × 150) без рисунка,Кровать - трансформер (80 × 150) без рисунка,Кровать - трансформер (80 × 150) без рисунка | Woodright,"Кровать - трансформер (80*150) без рисунка В названии прайса указано: без рисунка 1179 × 906 × 1806 мм Порядок: высота, ширина, глубина. Источник - ячейка пр...",https://woodright.ru/product/pr-95-2,index,yes,Кровать - трансформер (80 × 150) без рисунка,Product+Offer(125900)+BreadcrumbList,,meta_ascii_ellipsis,see issue_class,P2
https://woodright.ru/product/pr-95-3,product,Кровать - трансформер (80 × 150) с тканью,Кровать - трансформер (80 × 150) с тканью,Кровать - трансформер (80 × 150) с тканью | Woodright,"Кровать - трансформер (80*150) с тканью В названии прайса указана ткань 1179 × 906 × 1806 мм Порядок: высота, ширина, глубина. Источник - ячейка прайса 18.09...",https://woodright.ru/product/pr-95-3,index,yes,Кровать - трансформер (80 × 150) с тканью,Product+Offer(128600)+BreadcrumbList,,meta_ascii_ellipsis,see issue_class,P2
https://woodright.ru/product/pv-02-1,product,Шкаф для одежды 2-дв,Шкаф для одежды 2-дв,Шкаф для одежды 2-дв | Woodright,"Двухдверный шкаф коллекции Provence: фронт 120 см, глубина 63 см, высота 208 см - основной формат хранения одежды для спальни. Отделка выбирается из двух: тё...",https://woodright.ru/product/pv-02-1,index,yes,Шкаф для одежды 2-дв,Product+Offer(141300)+BreadcrumbList,T4,"duplicate_title, meta_ascii_ellipsis",see issue_class,P2
https://woodright.ru/product/pv-03-1,product,Шкаф для одежды 3-дв,Шкаф для одежды 3-дв,Шкаф для одежды 3-дв | Woodright,"Трёхдверный платяной шкаф Provence: фронт 173 см, глубина 63 см, высота 214 см. Формат для комнаты, где шкаф берёт на себя роль гардеробной. Как и вся корпу...",https://woodright.ru/product/pv-03-1,index,yes,Шкаф для одежды 3-дв,Product+Offer(205700)+BreadcrumbList,T23,"duplicate_title, meta_ascii_ellipsis",see issue_class,P2
https://woodright.ru/product/pv-05-2,product,Комод стандартный,Комод стандартный,Комод стандартный | Woodright,"Комод Provence: 90 см по фронту, 57 см в глубину, 90 см в высоту. Почти кубические пропорции дают устойчивый, спокойный силуэт, а столешница на высоте 90 см...",https://woodright.ru/product/pv-05-2,index,yes,Комод стандартный,Product+Offer(66600)+BreadcrumbList,T1,"duplicate_title, meta_ascii_ellipsis",see issue_class,P2
https://woodright.ru/product/pv-06-2,product,Столик туалетный,Столик туалетный,Столик туалетный | Woodright,Туалетный столик Provence: столешница 120 × 50 см на высоте 75 см - место утренних сборов в спальне. Столик рассчитан на пару с навесным или напольным зеркал...,https://woodright.ru/product/pv-06-2,index,yes,Столик туалетный,Product+Offer(47300)+BreadcrumbList,,meta_ascii_ellipsis,see issue_class,P2
https://woodright.ru/product/pv-08-2,product,Тумбочка прикроватная,Тумбочка прикроватная,Тумбочка прикроватная | Woodright,"Прикроватная тумбочка Provence: 53 см в ширину, 45 см в глубину, 60 см в высоту - посадка под кровати коллекции, столешница на уровне руки лежащего. Отделка...",https://woodright.ru/product/pv-08-2,index,yes,Тумбочка прикроватная,Product+Offer(23300)+BreadcrumbList,T5,"duplicate_title, meta_ascii_ellipsis",see issue_class,P2
https://woodright.ru/product/pv-09-1,product,Зеркало навесное,Зеркало навесное,Зеркало навесное | Woodright,Навесное зеркало Provence: полотно 60 × 80 см при глубине 3 см. Формат подобран под корпусную мебель коллекции - над комодом или туалетным столиком зеркало з...,https://woodright.ru/product/pv-09-1,index,yes,Зеркало навесное,Product+Offer(13600)+BreadcrumbList,T12,"duplicate_title, meta_ascii_ellipsis",see issue_class,P2
https://woodright.ru/product/pv-09-2,product,Зеркало напольное,Зеркало напольное,Зеркало напольное | Woodright,"Напольное зеркало Provence высотой 167 см - отражение в полный рост без сверления стен. Основание глубиной 39 см держит его устойчиво, а сам предмет остаётся...",https://woodright.ru/product/pv-09-2,index,yes,Зеркало напольное,Product+Offer(48900)+BreadcrumbList,T16,"duplicate_title, meta_ascii_ellipsis",see issue_class,P2
https://woodright.ru/product/pv-14-1,product,Кровать 1-сп. (90×190) без изножья,Кровать 1-сп. (90×190) без изножья,Кровать 1-сп. (90×190) без изножья | Woodright,"Односпальная кровать Provence под матрас 90 × 190 см: корпус 99 × 201 см, изголовье высотой 106 см. Изножья нет - открытый нижний край освобождает проход и у...",https://woodright.ru/product/pv-14-1,index,yes,Кровать 1-сп. (90×190) без изножья,Product+Offer(57600)+BreadcrumbList,T24,"duplicate_title, meta_ascii_ellipsis",see issue_class,P2
https://woodright.ru/product/pv-15-1,product,"Кровать 1,5-сп. (120×190) без изножья","Кровать 1,5-сп. (120×190) без изножья","Кровать 1,5-сп. (120×190) без изножья | Woodright","Полуторная кровать Provence под матрас 120 × 190 см: корпус 129 × 201 см, изголовье 107 см, без изножья. Формат для одного человека с запасом ширины - в подр...",https://woodright.ru/product/pv-15-1,index,yes,"Кровать 1,5-сп. (120×190) без изножья",Product+BreadcrumbList,T25,"duplicate_title, meta_ascii_ellipsis",see issue_class,P2
https://woodright.ru/product/pv-15-2,product,"Кровать 1,5-сп. (120×190) с тканью без изножья","Кровать 1,5-сп. (120×190) с тканью без изножья","Кровать 1,5-сп. (120×190) с тканью без изножья | Woodright","Версия полуторной кровати Provence с тканевой вставкой в изголовье: матрас 120 × 190 см, корпус 129 × 201 см, без изножья. Ткань смягчает спинку - к ней прия...",https://woodright.ru/product/pv-15-2,index,yes,"Кровать 1,5-сп. (120×190) с тканью без изножья",Product+BreadcrumbList,,meta_ascii_ellipsis,see issue_class,P2
https://woodright.ru/product/pv-16-1,product,"Кровать 1,5-сп. (140×190) без изножья","Кровать 1,5-сп. (140×190) без изножья","Кровать 1,5-сп. (140×190) без изножья | Woodright","Кровать Provence под матрас 140 × 190 см - минимальный формат, на котором спят вдвоём. Корпус 149 × 201 см, изголовье 109 см, изножья нет: открытый край экон...",https://woodright.ru/product/pv-16-1,index,yes,"Кровать 1,5-сп. (140×190) без изножья",Product+BreadcrumbList,T26,"duplicate_title, meta_ascii_ellipsis",see issue_class,P2
https://woodright.ru/product/pv-16-2,product,"Кровать 1,5-сп. (140×190) с тканью без изножья","Кровать 1,5-сп. (140×190) с тканью без изножья","Кровать 1,5-сп. (140×190) с тканью без изножья | Woodright","Кровать Provence под матрас 140 × 190 см с тканевой вставкой в изголовье, без изножья. Мягкая спинка делает удобной посадку в кровати - читать и работать с н...",https://woodright.ru/product/pv-16-2,index,yes,"Кровать 1,5-сп. (140×190) с тканью без изножья",Product+BreadcrumbList,,meta_ascii_ellipsis,see issue_class,P2
https://woodright.ru/product/pv-17-1,product,Кровать 2-сп. (160×200) без изножья,Кровать 2-сп. (160×200) без изножья,Кровать 2-сп. (160×200) без изножья | Woodright,"Основная двуспальная кровать Provence: матрас 160 × 200 см, корпус 169 × 211 см, изголовье высотой 111 см. Изножья нет - силуэт легче, проход вдоль кровати с...",https://woodright.ru/product/pv-17-1,index,yes,Кровать 2-сп. (160×200) без изножья,Product+Offer(79700)+BreadcrumbList,T27,"duplicate_title, meta_ascii_ellipsis",see issue_class,P2
https://woodright.ru/product/pv-18-1,product,Кровать 2-сп. (180×200) без изножья,Кровать 2-сп. (180×200) без изножья,Кровать 2-сп. (180×200) без изножья | Woodright,"Самая широкая кровать Provence: матрас 180 × 200 см, корпус 189 × 211 см, изголовье 112 см, без изножья. Формат просторной спальни - почти двухметровая спаль...",https://woodright.ru/product/pv-18-1,index,yes,Кровать 2-сп. (180×200) без изножья,Product+Offer(82900)+BreadcrumbList,T28,"duplicate_title, meta_ascii_ellipsis",see issue_class,P2
https://woodright.ru/product/pv-23-1,product,Стул,Стул,Стул | Woodright,"Стул Provence: 48 × 46 см в плане, высота по спинке 90,5 см. Отделка - тёмное дерево или молочный; комплект стульев можно собрать в одном цвете или чередоват...",https://woodright.ru/product/pv-23-1,index,yes,Стул,Product+Offer(24900)+BreadcrumbList,T17,"duplicate_title, meta_ascii_ellipsis",see issue_class,P2
https://woodright.ru/product/pv-42-2,product,Тумба для телевизора,Тумба для телевизора,Тумба для телевизора | Woodright,"Тумба Provence под телевизор: 116 см по фронту, 48 см в глубину, 58 см в высоту. Низкий корпус держит экран на удобной высоте для просмотра с дивана и вмещае...",https://woodright.ru/product/pv-42-2,index,yes,Тумба для телевизора,Product+Offer(47800)+BreadcrumbList,T18,"duplicate_title, meta_ascii_ellipsis",see issue_class,P2
https://woodright.ru/product/pv-43-1,product,Столик чайный,Столик чайный,Столик чайный | Woodright,"Чайный столик Provence: столешница диаметром 60 см на высоте 75 см. Столик для мягкой зоны - чашка, книга, очки; круглая форма без углов удобна там, где вокр...",https://woodright.ru/product/pv-43-1,index,yes,Столик чайный,Product+Offer(20500)+BreadcrumbList,,meta_ascii_ellipsis,see issue_class,P2
https://woodright.ru/product/pv-55-1,product,Банкетка малая,Банкетка малая,Банкетка малая | Woodright,"Малая банкетка Provence: 47 × 40 см при высоте 45 см. Компактное сиденье к туалетному столику коллекции или в прихожую - присесть, обуться, положить сумку....",https://woodright.ru/product/pv-55-1,index,yes,Банкетка малая,Product+Offer(19900)+BreadcrumbList,T19,"duplicate_title, meta_ascii_ellipsis",see issue_class,P2
https://woodright.ru/product/pv-55-2,product,Банкетка большая,Банкетка большая,Банкетка большая | Woodright,"Большая банкетка Provence длиной 85 см при глубине 40 см и высоте 45 см. Её место - у изножья кровати: плед и одежда сверху, посадка при обувании. Поскольку...",https://woodright.ru/product/pv-55-2,index,yes,Банкетка большая,Product+Offer(26700)+BreadcrumbList,T30,"duplicate_title, meta_ascii_ellipsis",see issue_class,P2
https://woodright.ru/product/pv-61-1,product,Шкаф книжный,Шкаф книжный,Шкаф книжный | Woodright,"Книжный шкаф Provence: 120 см по фронту, 46,5 см в глубину, 208 см в высоту - библиотека на полную высоту стены. Отделка - тёмное дерево или молочный; тёмный...",https://woodright.ru/product/pv-61-1,index,yes,Шкаф книжный,Product+Offer(122100)+BreadcrumbList,,meta_ascii_ellipsis,see issue_class,P2
https://woodright.ru/product/pv-62-1,product,Стеллаж для книг,Стеллаж для книг,Стеллаж для книг | Woodright,"Открытый книжный стеллаж Provence: 120 × 46,5 см при высоте 208 см. Корпус совпадает с книжным шкафом линейки, но без фасадов - книги и предметы остаются на...",https://woodright.ru/product/pv-62-1,index,yes,Стеллаж для книг,Product+Offer(82100)+BreadcrumbList,T3,"duplicate_title, meta_ascii_ellipsis",see issue_class,P2
https://woodright.ru/product/pv-65-5,product,Стол письменный 1-тумб. 0П,Стол письменный 1-тумб. 0П,Стол письменный 1-тумб. 0П | Woodright,"Письменный стол Provence с одной опорной тумбой с дверцей справа: столешница 114 × 65 см на высоте 75 см. Закрытая тумба прячет бумаги и технику, открытая ле...",https://woodright.ru/product/pv-65-5,index,yes,Стол письменный 1-тумб. 0П,Product+Offer(68300)+BreadcrumbList,T8,"duplicate_title, meta_ascii_ellipsis",see issue_class,P2
https://woodright.ru/product/pv-65-6,product,Стол письменный 1-тумб. П0,Стол письменный 1-тумб. П0,Стол письменный 1-тумб. П0 | Woodright,"Зеркальная версия однотумбового письменного стола Provence: та же столешница 114 × 65 см, опорная тумба с дверцей - слева. Выбор стороны обычно диктует окно:...",https://woodright.ru/product/pv-65-6,index,yes,Стол письменный 1-тумб. П0,Product+Offer(68300)+BreadcrumbList,T9,"duplicate_title, meta_ascii_ellipsis",see issue_class,P2
https://woodright.ru/product/pv-65-7,product,Стол письменный 1-тумб. 0Я,Стол письменный 1-тумб. 0Я,Стол письменный 1-тумб. 0Я | Woodright,"Однотумбовый письменный стол Provence в версии с ящиками: столешница 114 × 65 см, тумба с выдвижными ящиками справа. Ящики удобнее дверцы, когда за столом ра...",https://woodright.ru/product/pv-65-7,index,yes,Стол письменный 1-тумб. 0Я,Product+Offer(83000)+BreadcrumbList,,meta_ascii_ellipsis,see issue_class,P2
https://woodright.ru/product/pv-65-8,product,Стол письменный 1-тумб. Я0,Стол письменный 1-тумб. Я0,Стол письменный 1-тумб. Я0 | Woodright,"Письменный стол Provence с тумбой из выдвижных ящиков слева: столешница 114 × 65 см на высоте 75 см. Вариант для посадки, где правая сторона должна остаться...",https://woodright.ru/product/pv-65-8,index,yes,Стол письменный 1-тумб. Я0,Product+Offer(83000)+BreadcrumbList,T20,"duplicate_title, meta_ascii_ellipsis",see issue_class,P2
https://woodright.ru/product/pv-66-6,product,"Стол письменный двухтумбовый Прованс (полки слева, ящики справа)","Стол письменный двухтумбовый Прованс (полки слева, ящики справа)","Стол письменный двухтумбовый Прованс (полки слева, ящики справа) | Woodright","Двухтумбовый письменный стол Provence: столешница 153 × 70 см на двух опорных тумбах - слева с дверцей, справа с выдвижными ящиками. Смешанная компоновка дел...",https://woodright.ru/product/pv-66-6,index,yes,"Стол письменный двухтумбовый Прованс (полки слева, ящики справа)",Product+Offer(103700)+BreadcrumbList,,"meta_ascii_ellipsis, title_over_70",see issue_class,P2
https://woodright.ru/product/pv-66-7,product,"Стол письменный двухтумбовый Прованс (ящики слева, полки справа)","Стол письменный двухтумбовый Прованс (ящики слева, полки справа)","Стол письменный двухтумбовый Прованс (ящики слева, полки справа) | Woodright","Зеркальная версия двухтумбового письменного стола Provence: столешница 153 × 70 см, тумба с ящиками слева, с дверцей - справа. Выбор между двумя версиями - в...",https://woodright.ru/product/pv-66-7,index,yes,"Стол письменный двухтумбовый Прованс (ящики слева, полки справа)",Product+Offer(103700)+BreadcrumbList,,"meta_ascii_ellipsis, title_over_70",see issue_class,P2
https://woodright.ru/product/pv-68-1,product,Этажерка малая 3 полки,Этажерка малая 3 полки,Этажерка малая 3 полки | Woodright,"Малая этажерка Provence: три открытые полки при основании 48 × 35 см и высоте 80 см. Лёгкий предмет для книг у кресла, растений у окна или мелочей в ванной -...",https://woodright.ru/product/pv-68-1,index,yes,Этажерка малая 3 полки,Product+Offer(17700)+BreadcrumbList,T31,"duplicate_title, meta_ascii_ellipsis",see issue_class,P2
https://woodright.ru/product/pv-68-2,product,Этажерка большая 6 полок,Этажерка большая 6 полок,Этажерка большая 6 полок | Woodright,"Большая этажерка Provence: шесть открытых полок, фронт 88,5 см, высота 177 см. Работает как открытый стеллаж, но легче его - без глухих боковин и задней стен...",https://woodright.ru/product/pv-68-2,index,yes,Этажерка большая 6 полок,Product+Offer(58600)+BreadcrumbList,T32,"duplicate_title, meta_ascii_ellipsis",see issue_class,P2
https://woodright.ru/product/pv-69-1,product,Полка книжная,Полка книжная,Полка книжная | Woodright,"Навесная книжная полка Provence: 70 см длины, 24,5 см глубины, высота 32 см. Настенный формат для книг над письменным столом, комодом или изголовьем - хранен...",https://woodright.ru/product/pv-69-1,index,yes,Полка книжная,Product+Offer(7600)+BreadcrumbList,T35,"duplicate_title, meta_ascii_ellipsis",see issue_class,P2
https://woodright.ru/product/rl-05-3,product,Комод высокий,Комод высокий,Комод высокий | Woodright,"Высокий комод серии Royal Lilies (Willie Winkie): вертикальная компоновка ящиков при уменьшенной глубине 44 см - формат для небольшой детской, где комод долж...",https://woodright.ru/product/rl-05-3,index,yes,Комод высокий,Product+Offer(113080)+BreadcrumbList,T2,"duplicate_title, meta_ascii_ellipsis",see issue_class,P2
https://woodright.ru/product/rl-67-1,product,Стол рабочий,Стол рабочий,Стол рабочий | Woodright,"Рабочий стол серии Royal Lilies (Willie Winkie) - место для занятий, которое не выглядит чужим в детской: роспись Royal Lilies вписывает его в сюжет комнаты....",https://woodright.ru/product/rl-67-1,index,yes,Стол рабочий,Product+Offer(85250)+BreadcrumbList,T11,"duplicate_title, meta_ascii_ellipsis",see issue_class,P2
https://woodright.ru/product/rs-05-3,product,Комод высокий,Комод высокий,Комод высокий | Woodright,"Высокий комод серии Rural Scenery (Willie Winkie): полная глубина 56 см при вертикальной компоновке ящиков - хранение, занимающее минимум стены. Роспись Rura...",https://woodright.ru/product/rs-05-3,index,yes,Комод высокий,Product+Offer(113080)+BreadcrumbList,T2,"duplicate_title, meta_ascii_ellipsis",see issue_class,P2
https://woodright.ru/product/rs-62-1,product,Стеллаж для книг высокий,Стеллаж для книг высокий,Стеллаж для книг высокий | Woodright,"Высокий книжный стеллаж серии Rural Scenery (Willie Winkie): открытые полки в несколько ярусов: нижние - в зоне ребёнка, верхние - «на вырост». Роспись Rural...",https://woodright.ru/product/rs-62-1,index,yes,Стеллаж для книг высокий,Product+Offer(100320)+BreadcrumbList,T36,"duplicate_title, meta_ascii_ellipsis",see issue_class,P2
https://woodright.ru/product/s-ox-05,product,Ступени с перилами и ящиками Оксфорд,Ступени с перилами и ящиками Оксфорд,Ступени с перилами и ящиками Оксфорд | Woodright,Ступени с перилами и ящиками Оксфорд. Есть варианты исполнения - уточним в заявке,https://woodright.ru/product/s-ox-05,index,yes,Ступени с перилами и ящиками Оксфорд,Product+Offer(77100)+BreadcrumbList,,,none,
https://woodright.ru/product/sh-81-1,product,Столик детский,Столик детский,Столик детский | Woodright,Детский столик серии Sweet Home (Willie Winkie) - стол детского масштаба: своё место для рисования и игр. Роспись Sweet Home делает столик самостоятельным пр...,https://woodright.ru/product/sh-81-1,index,yes,Столик детский,Product+Offer(22660)+BreadcrumbList,T22,"duplicate_title, meta_ascii_ellipsis",see issue_class,P2
https://woodright.ru/product/tb-05-3,product,Комод высокий,Комод высокий,Комод высокий | Woodright,Высокий комод серии Teddy Bear (Willie Winkie) в полноглубокой версии 56 см. Ярусы ящиков вверх вместо второго корпуса вширь - комод занимает меньше стены....,https://woodright.ru/product/tb-05-3,index,yes,Комод высокий,Product+Offer(113080)+BreadcrumbList,T2,"duplicate_title, meta_ascii_ellipsis",see issue_class,P2
https://woodright.ru/product/tb-62-1,product,Стеллаж для книг высокий,Стеллаж для книг высокий,Стеллаж для книг высокий | Woodright,Высокий книжный стеллаж серии Teddy Bear (Willie Winkie): открытые полки в несколько ярусов держат детскую библиотеку на виду. Роспись Teddy Bear продолжает...,https://woodright.ru/product/tb-62-1,index,yes,Стеллаж для книг высокий,Product+Offer(99390)+BreadcrumbList,T36,"duplicate_title, meta_ascii_ellipsis",see issue_class,P2
https://woodright.ru/product/tb-67-1,product,Стол рабочий,Стол рабочий,Стол рабочий | Woodright,Рабочий стол серии Teddy Bear (Willie Winkie) - полноценное место для занятий в детской: роспись Teddy Bear связывает стол с комодом и стеллажом серии. Есть...,https://woodright.ru/product/tb-67-1,index,yes,Стол рабочий,Product+Offer(85250)+BreadcrumbList,T11,"duplicate_title, meta_ascii_ellipsis",see issue_class,P2
https://woodright.ru/product/te-02-2,product,Шкаф для одежды 2-дв. высокий,Шкаф для одежды 2-дв. высокий,Шкаф для одежды 2-дв. высокий | Woodright,Двухдверный шкаф для одежды серии Templars (Willie Winkie) в высокой версии - основной объём хранения детской комнаты. Роспись Templars совпадает с другими п...,https://woodright.ru/product/te-02-2,index,yes,Шкаф для одежды 2-дв. высокий,Product+Offer(201740)+BreadcrumbList,T21,"duplicate_title, meta_ascii_ellipsis",see issue_class,P2
https://woodright.ru/product/te-05-1,product,Комод стандартный,Комод стандартный,Комод стандартный | Woodright,"Стандартный комод серии Templars (Willie Winkie) в полноглубокой версии 56 см: в каждом ящике больше места, чем у версий с глубиной 44 см. Верхняя плоскость...",https://woodright.ru/product/te-05-1,index,yes,Комод стандартный,Product+Offer(83820)+BreadcrumbList,T1,"duplicate_title, meta_ascii_ellipsis",see issue_class,P2
https://woodright.ru/product/te-05-3,product,Комод высокий,Комод высокий,Комод высокий | Woodright,"Высокий комод серии Templars (Willie Winkie) с уменьшенной глубиной 44 см: ярусы ящиков вверх при щадящей глубине - вариант для небольшой детской, где станда...",https://woodright.ru/product/te-05-3,index,yes,Комод высокий,Product+Offer(124300)+BreadcrumbList,T2,"duplicate_title, meta_ascii_ellipsis",see issue_class,P2
https://woodright.ru/product/te-62-1,product,Стеллаж для книг высокий,Стеллаж для книг высокий,Стеллаж для книг высокий | Woodright,"Высокий книжный стеллаж серии Templars (Willie Winkie) - открытое хранение на всю высоту: книги, коробки с играми, корзины. Открытые полки держат содержимое...",https://woodright.ru/product/te-62-1,index,yes,Стеллаж для книг высокий,Product+Offer(100320)+BreadcrumbList,T36,"duplicate_title, meta_ascii_ellipsis",see issue_class,P2
https://woodright.ru/product/to-62-1,product,Стеллаж для книг высокий,Стеллаж для книг высокий,Стеллаж для книг высокий | Woodright,"Высокий книжный стеллаж серии Tommy (Willie Winkie): открытые полки в несколько ярусов под книги и игры - нижние в зоне ребёнка, верхние «на вырост». Роспись...",https://woodright.ru/product/to-62-1,index,yes,Стеллаж для книг высокий,Product+Offer(99390)+BreadcrumbList,T36,"duplicate_title, meta_ascii_ellipsis",see issue_class,P2
https://woodright.ru/product/tw-05-3,product,Комод высокий,Комод высокий,Комод высокий | Woodright,"Высокий комод серии Tiggy-Winkle (Willie Winkie): полная глубина 56 см при вертикальной компоновке ящиков - комод занимает меньше стены, чем широкий формат....",https://woodright.ru/product/tw-05-3,index,yes,Комод высокий,Product+Offer(113080)+BreadcrumbList,T2,"duplicate_title, meta_ascii_ellipsis",see issue_class,P2
https://woodright.ru/requisites,legal,Реквизиты,Реквизиты,Реквизиты | Woodright,Кто продаёт мебель Woodright,https://woodright.ru/requisites,index,yes,Реквизиты,,,,none,
https://woodright.ru/returns,legal,Возврат,Возврат,Возврат | Woodright,"Если нужно вернуть товар или вы обнаружили недостаток, свяжитесь с менеджером Woodright Уточним обстоятельства покупки и подскажем порядок с учётом применимых правил",https://woodright.ru/returns,index,yes,Возврат,,,meta_over_160,see issue_class,P2
https://woodright.ru/rooms,static,"Комната целиком, а не набор предметов","Комната целиком, а не набор предметов","Мебель по комнатам Woodright - спальни, детские, кабинеты, гостиные | Woodright","Готовые сочетания мебели Woodright для спальни, детской, кабинета, гостиной и прихожей. Комплект целиком или по предметам.",https://woodright.ru/rooms,index,yes,"Мебель по комнатам Woodright - спальни, детские, кабинеты, гостиные",,,"double_brand_title, title_over_70",see issue_class,P2
https://woodright.ru/terms,legal,Условия покупки,Условия покупки,Условия покупки | Woodright,Как оформляется заказ на мебель Woodright,https://woodright.ru/terms,index,yes,Условия покупки,,,,none,
https://woodright.ru/warranty,legal,Гарантия,Гарантия,Гарантия | Woodright,Гарантийный срок - 12 месяцев с момента передачи товара покупателю Гарантию по заказу предоставляет продавец - ООО «Роэл-Техник»,https://woodright.ru/warranty,index,yes,Гарантия,,,,none,
