product_id,handle,sku,canonical_title,content_family_id,collection,product_type,current_description,proposed_description,action,evidence,confidence,provenance,reviewer_notes
"prod_01KV69A7AKTR1KH8GH90KC8YAJ","av-05-1","av-05-1","Стандартный комод Вилли Винки","ww-chest-standard","Вилли Винки","Комод","Комод стандартного формата с росписью Ant's Village. Глубина 44 см - уменьшенная относительно полноглубоких комодов серии (56 см), проходы детской остаются свободнее.

Роспись совпадает с другими предметами серии Ant's Village.

Есть варианты исполнения - уточним в заявке","Широкий комод с 2 небольшими ящиками наверху и 3 широкими под ними, на шарообразных ножках. Большие фасады дают росписи место развернуться.

Исполнение - полностью массив или фасады из массива с корпусом из ЛДСП.

Роспись «Деревня муравьев» - отдельная сценка на каждом широком ящике. Верх и цоколь выделены контрастным цветом.","REWRITE","фото всех 4: 2 малых ящика наверху, 3 широких ниже, шарообразные ножки; metadata.motif; material_tier_labels","EXACT","было: текст июльского прохода агента + общая приписка импорта; стало: editorial-pass-20261010, family ww-chest-standard, источники - evidence",""
"prod_01KV69A7AKYY759QG6FC8CQ7JA","ba-05-3","ba-05-3","Высокий комод Вилли Винки","ww-chest-high","Вилли Винки","Комод","Высокий комод серии Ballet (Willie Winkie): вертикальная компоновка ящиков забирает меньше стены, чем стандартная, - в детской это освобождает место для игры. Глубина 44 см оставляет проходы свободнее.

Роспись Ballet продолжает серию: комод можно дополнить другими предметами с тем же мотивом.

Есть варианты исполнения - уточним в заявке","Наверху 2 небольших ящика, ниже - ряд широких, а сам корпус стоит на шарообразных ножках. Фасад работает как одна картина - роспись проходит сразу через несколько ящиков.

Комод выпускается полностью из массива или с фасадами из массива и корпусом из ЛДСП.

Роспись «Балет» - одна крупная фигура в центре фасада, вокруг почти нет деталей.","REWRITE","фото всех 9: одинаковый корпус - 2 малых ящика наверху, ряд широких ниже, шарообразные ножки; metadata.motif различается; material_tier_labels: полностью массив / фронты массив + ЛДСП","EXACT","было: текст июльского прохода агента + общая приписка импорта; стало: editorial-pass-20261010, family ww-chest-high, источники - evidence",""
"prod_01KV69A7AMZWW7MF8RG6A98292","ba-62-1","ba-62-1","Стеллаж для книг Вилли Винки","ww-bookcase","Вилли Винки","Стеллаж","Открытый книжный стеллаж серии Ballet (Willie Winkie). Открытые полки держат книги и коробки с играми на виду - содержимое остаётся частью облика комнаты.

Глубина полок - 44 см. Роспись Ballet совпадает с другими предметами серии.

Есть варианты исполнения - уточним в заявке","Открытый стеллаж с арочной нишей и фронтоном наверху. Внизу - 2 выдвижных ящика: туда уходит то, что не хочется держать на полках.

Исполнение - полностью массив или фасады из массива с корпусом из ЛДСП.

Роспись «Балет» - лёгкий узор по арке и на ящиках, полки без росписи.","REWRITE","фото обоих: арочная ниша с полками, фронтон, 2 ящика внизу, шарообразные ножки; в названии без «высокий» - отдельно от ww-bookcase-tall","STRONG","было: текст июльского прохода агента + общая приписка импорта; стало: editorial-pass-20261010, family ww-bookcase, источники - evidence",""
"prod_01KNTBXADAKWN6BXHSYFRX0R2F","co-02-1","CO-02-1","Двухдверный шкаф для одежды Кантри","country-wardrobe","Кантри","Шкаф","Двухдверный шкаф коллекции Country London Paris: фронт 120 см, глубина 64 см, высота 220 см - на 12 см выше типового шкафа, что даёт дополнительный объём под антресольное хранение. Цвет выбирается из четырёх: голубой, серый, молочный или оливковый - приглушённые тона коллекции спокойно сочетаются в одной комнате.

Есть варианты исполнения - уточним в заявке","Дверцы обрамлены рамкой, внутри - филёнки из вертикальной вагонки, цоколь внизу вырезан аркой.

Шкаф выпускается в 4 цветах: голубом, сером, молочном и оливковом.","REWRITE","фото: 2 дверцы с филёнками из вагонки, круглые ручки, арочный вырез цоколя; finish_color_labels: 4 цвета","EXACT","было: текст июльского прохода агента + общая приписка импорта; стало: editorial-pass-20261010, family country-wardrobe, источники - evidence",""
"prod_01KNTBXADA9TM4A89YEGTRVFDR","co-05-1","CO-05-1","Комод Кантри","country-chest","Кантри","Комод","Комод Country London Paris: 90 см по фронту, 56 см в глубину, 81 см в высоту - базовый спальный формат. Крашеный фасад выпускается в четырёх цветах коллекции: голубом, сером, молочном и оливковом; комод может совпадать по тону со шкафом или намеренно отличаться - палитра рассчитана на такие сочетания.

Столешница на высоте 81 см остаётся рабочей поверхностью.

Есть варианты исполнения - уточним в заявке","Комод с 3 ящиками, фасады которых собраны из вертикальной вагонки. Ручки круглые, а нижний край корпуса вырезан аркой между ножками.

Цвет - голубой, серый, молочный или оливковый: комод можно подобрать в тон шкафу или сделать отдельным акцентом.","REWRITE","фото: 3 ящика с вертикальной вагонкой, круглые ручки, арочный вырез между ножками; finish_color_labels: голубой, серый, молочный, оливковый","EXACT","было: текст июльского прохода агента с битым префиксом «Тип Имя:» + приписка импорта; стало: editorial-pass-20261010, family country-chest, источники - evidence",""
"prod_01KNTBXADAV2SBRCDYKZDNJJDB","co-08-1","CO-08-1","Прикроватная тумба Кантри","country-nightstand","Кантри","Тумба","Прикроватная тумбочка Country London Paris: 50 см в ширину, 44 см в глубину, 60 см в высоту. Столешница на уровне руки лежащего - под лампу, книгу и телефон.

Четыре цвета на выбор - голубой, серый, молочный, оливковый - позволяют паре тумбочек поддержать кровать тон в тон или дать спальне два спокойных акцента.

Есть варианты исполнения - уточним в заявке","Прикроватная тумба с 2 ящиками из вертикальной вагонки и круглыми ручками. Снизу корпус вырезан аркой - тумба стоит на 4 коротких ножках.

Пару тумб можно взять в цвет кровати или выбрать другой оттенок из палитры: голубой, серый, молочный, оливковый.","REWRITE","фото: 2 ящика с вагонкой, круглые ручки, арочный вырез внизу; finish_color_labels: 4 цвета","EXACT","было: текст июльского прохода агента + общая приписка импорта; стало: editorial-pass-20261010, family country-nightstand, источники - evidence",""
"prod_01KNTBXADASA751ZC9C33QCE9M","co-14-2","CO-14-2","Односпальная кровать Кантри (90 × 190) с подъёмным механизмом","country-bed-lift","Кантри","Кровать","Односпальная кровать Country London Paris под матрас 90 × 190 см с подъёмным механизмом: основание поднимается, открывая место для хранения под матрасом. Корпус 98 × 199 см, изголовье 110 см; цвет - из палитры коллекции, для этой модели доступны два варианта.

Есть варианты исполнения - уточним в заявке","Кровать с невысоким арочным изголовьем и сплошным коробом основания. Основание поднимается вместе с матрасом, а под ним - место для хранения одеял и подушек.

Односпальная версия выпускается в 2 цветах - молочном и кремовом.","REWRITE","название: с подъёмным механизмом; фото обеих: арочное изголовье, высокий короб основания без ножек; finish_color_labels co-14-2: молочный, кремовый; co-15-2: голубой, серый, молочный, оливковый","EXACT","было: текст июльского прохода агента + общая приписка импорта; стало: editorial-pass-20261010, family country-bed-lift, источники - evidence",""
"prod_01KNTBXADAMWN4PD2KMWP2E4MH","co-15-2","CO-15-2","Полутораспальная кровать Кантри (120 × 190) с подъёмным механизмом","country-bed-lift","Кантри","Кровать","Полуторная кровать Country London Paris под матрас 120 × 190 см с подъёмным механизмом. Матрас с основанием поднимается - под ним место для хранения.

Корпус 128 × 199 см, изголовье 115 см. Цвет выбирается из четырёх: голубой, серый, молочный или оливковый.

Есть варианты исполнения - уточним в заявке","Кровать с невысоким арочным изголовьем и сплошным коробом основания. Основание поднимается вместе с матрасом, а под ним - место для хранения одеял и подушек.

Полутораспальная версия выпускается в 4 цветах: голубом, сером, молочном и оливковом.","REWRITE","название: с подъёмным механизмом; фото обеих: арочное изголовье, высокий короб основания без ножек; finish_color_labels co-14-2: молочный, кремовый; co-15-2: голубой, серый, молочный, оливковый","EXACT","было: текст июльского прохода агента + общая приписка импорта; стало: editorial-pass-20261010, family country-bed-lift, источники - evidence",""
"prod_01KNTBXADAPWAQGMQG48P00R3M","co-61-1","CO-61-1","Книжный шкаф Кантри со стеклом","country-bookcase-glass","Кантри","Шкаф","Книжный шкаф Country London Paris со стеклянными фасадами: 120 см по фронту, глубина 43 см, высота 220 см. Стекло оставляет корешки частью комнаты - формат домашней библиотеки, а не служебного стеллажа.

Четыре цвета корпуса - голубой, серый, молочный, оливковый; тёмные книги на цветном фоне читаются особенно чётко.

Есть варианты исполнения - уточним в заявке","Наверху у книжного шкафа - 2 застеклённые дверцы, внизу - 2 глухие из той же вертикальной вагонки, что и фасады комодов Кантри.

За стеклом книги видны, но не пылятся; внизу можно спрятать папки и коробки.","REWRITE","фото: застеклённые дверцы наверху, глухие дверцы с вагонкой внизу; finish_color_labels: 4 цвета","EXACT","было: текст июльского прохода агента + общая приписка импорта; стало: editorial-pass-20261010, family country-bookcase-glass, источники - evidence",""
"prod_01KNTBXADB4V43P4P0KDTHVDQR","co-62-1","CO-62-1","Широкий стеллаж Кантри","country-shelving-wide","Кантри","Стеллаж","Широкий стеллаж Country London Paris: 120 см по фронту, 43 см в глубину, 220 см в высоту - открытая версия книжного шкафа коллекции. Открытые полки держат библиотеку и предметы на виду; рядом со стеклянным «близнецом» собирается стена хранения на всю высоту комнаты.

Три цвета на выбор из палитры коллекции.

Есть варианты исполнения - уточним в заявке","Широкий стеллаж: наверху - открытые полки, внизу - закрытое отделение за 2 дверцами из вагонки.

Рядом с книжным шкафом Кантри получается стена хранения, где часть полок открыта, а часть - за стеклом. Стеллаж выпускается в 3 цветах: голубом, сером и молочном.","REWRITE","фото: открытые полки сверху, 2 глухие дверцы снизу; finish_color_labels: голубой, серый, молочный (3)","EXACT","было: текст июльского прохода агента + общая приписка импорта; стало: editorial-pass-20261010, family country-shelving-wide, источники - evidence",""
"prod_01KNTBXADB2M4E381QSZ5X850S","co-62-2","CO-62-2","Узкий стеллаж Кантри с дверью","country-shelving-narrow","Кантри","Стеллаж","Узкий стеллаж Country London Paris с дверцей в нижней части: 41 см по фронту при высоте 190 см. Формат для простенков и узких мест - открытые полки сверху, закрытое хранение за дверцей снизу.

Работает и как самостоятельная «колонна», и как доборный элемент к широкому стеллажу линейки. Четыре цвета на выбор.

Есть варианты исполнения - уточним в заявке","Открытые полки собраны в узком высоком корпусе. Стеллаж ставят в простенок, рядом с окном или по бокам от широкого стеллажа.

Внизу полки закрыты дверцей - за ней удобно спрятать коробки и папки.","REWRITE","название: с дверью / с ящиком; фото co-62-2: открытые полки, дверца внизу; co-62-3: открытые полки и выдвижной ящик между ними","EXACT","было: текст июльского прохода агента + общая приписка импорта; стало: editorial-pass-20261010, family country-shelving-narrow, источники - evidence",""
"prod_01KNTBXADBFHZ2C5MH2M4PVVT8","co-62-3","CO-62-3","Узкий стеллаж Кантри с ящиком","country-shelving-narrow","Кантри","Стеллаж","Узкий стеллаж Country London Paris с выдвижным ящиком: 41 см по фронту, высота 190 см. Парная модель к узкому стеллажу с дверью - вместо дверцы внизу ящик, который удобнее для мелочей и бумаг.

Вертикальная «колонна» хранения для простенка или композиции из нескольких узких секций.

Есть варианты исполнения - уточним в заявке","Открытые полки собраны в узком высоком корпусе. Стеллаж ставят в простенок, рядом с окном или по бокам от широкого стеллажа.

Между открытыми полками встроено выдвижное хранение - для мелочей, бумаг и зарядок.","REWRITE","название: с дверью / с ящиком; фото co-62-2: открытые полки, дверца внизу; co-62-3: открытые полки и выдвижной ящик между ними","EXACT","было: текст июльского прохода агента + общая приписка импорта; стало: editorial-pass-20261010, family country-shelving-narrow, источники - evidence","в названии - «с ящиком», на фото два фасада; число ящиков в тексте не называем"
"prod_01KNTBXADB5BFDKMSAB35J8Z0V","co-65-1","CO-65-1","Однотумбовый письменный стол Кантри (тумба с полками справа)","country-desk-1ped","Кантри","Стол","Письменный стол Country London Paris с одной опорной тумбой справа: столешница 113 × 64 см на высоте 78 см. Тумба закрывает хранение под рабочей рукой, открытая левая сторона оставляет посадку свободной.

Пять цветов на выбор - самая широкая палитра в линейке столов коллекции; зеркальная версия переносит тумбу влево.

Есть варианты исполнения - уточним в заявке","Письменный стол с одной тумбой: сверху в ней открытая ниша, ниже - полка за дверцей из вагонки. С другой стороны столешница лежит на опоре с арочным вырезом, и места для ног хватает.

Тумба справа. Цвет - голубой, серый, молочный, оливковый или белый.","REWRITE","pedestal_filling 0П / П0; фото обоих: тумба с открытой нишей сверху и дверцей снизу, арочный вырез под столешницей; finish_color_labels co-65-1 - 5 цветов (с белым), co-65-2 - 4","EXACT","было: текст июльского прохода агента + общая приписка импорта; стало: editorial-pass-20261010, family country-desk-1ped, источники - evidence",""
"prod_01KNTBXADBCCE0GHPB33PVQXS2","co-65-2","CO-65-2","Однотумбовый письменный стол Кантри (тумба с полками слева)","country-desk-1ped","Кантри","Стол","Зеркальная версия однотумбового письменного стола Country London Paris: столешница 113 × 64 см, опорная тумба - слева. Сторону выбирают по свету и планировке: окно должно освещать столешницу, а не спину сидящего.

Четыре цвета корпуса из палитры коллекции.

Есть варианты исполнения - уточним в заявке","Письменный стол с одной тумбой: сверху в ней открытая ниша, ниже - полка за дверцей из вагонки. С другой стороны столешница лежит на опоре с арочным вырезом, и места для ног хватает.

Тумба слева. Цвет - голубой, серый, молочный или оливковый.","REWRITE","pedestal_filling 0П / П0; фото обоих: тумба с открытой нишей сверху и дверцей снизу, арочный вырез под столешницей; finish_color_labels co-65-1 - 5 цветов (с белым), co-65-2 - 4","EXACT","было: текст июльского прохода агента + общая приписка импорта; стало: editorial-pass-20261010, family country-desk-1ped, источники - evidence",""
"prod_01KNTBXADCVEHH7HVB0ZGDS1KV","co-66-1","CO-66-1","Двухтумбовый письменный стол Кантри (ящики с обеих сторон)","country-desk-2ped","Кантри","Стол","Двухтумбовый письменный стол Country London Paris: столешница 155 × 70 см, обе опорные тумбы - с выдвижными ящиками. Самая «рабочая» компоновка линейки: всё хранение разложено по ящикам на расстоянии руки, стол может стоять и не у стены.

Четыре цвета на выбор - голубой, серый, молочный, оливковый.

Есть варианты исполнения - уточним в заявке","В обеих тумбах - выдвижные ящики. Бумаги и канцелярия раскладываются по сторонам, а середина стола остаётся свободной.

Цвет - голубой, серый, молочный или оливковый.","REWRITE","pedestal_filling ЯЯ; фото: 2 тумбы по 2 ящика, круглые ручки; finish_color_labels: 4 цвета","EXACT","было: текст июльского прохода агента + общая приписка импорта; стало: editorial-pass-20261010, family country-desk-2ped, источники - evidence",""
"prod_01KNTBXADCDTMNKGW1C9XPD1YT","co-69-1","CO-69-1","Малая книжная полка Кантри","country-wall-shelf","Кантри","Полка","Малая навесная книжная полка Country London Paris: 70 см длины при глубине 16 см и высоте 35 см. Настенное хранение для книг и мелочей над столом или изголовьем; из нескольких полок собираются композиции.

Пять цветов на выбор - полку можно спрятать в тон стены или сделать цветной чертой на ней.

Есть варианты исполнения - уточним в заявке","Небольшая книжная полка для стены над письменным столом, комодом или кроватью. Выпускается в 5 цветах: голубом, сером, молочном, оливковом и белом.","REWRITE","название: малая книжная полка; finish_color_labels: 5 цветов. Фото похоже на надстройку стола, поэтому о форме не пишем","STRONG","было: текст июльского прохода агента + общая приписка импорта; стало: editorial-pass-20261010, family country-wall-shelf, источники - evidence","фото - надстройка с ящиками, не похожа на малую полку; проверить медиа"
"prod_01KV69A7AM91MJJVXPKQSNCGSK","fa-05-3","fa-05-3","Высокий комод Вилли Винки","ww-chest-high","Вилли Винки","Комод","Высокий комод серии Fairies (Willie Winkie) в полноглубокой версии - 56 см: в каждом ящике больше места, чем у версий с глубиной 44 см. Вертикальная компоновка экономит стену.

Роспись Fairies делает комод частью сюжетной серии - к нему подбираются стол и туалетный столик с тем же мотивом.

Есть варианты исполнения - уточним в заявке","Наверху 2 небольших ящика, ниже - ряд широких, а сам корпус стоит на шарообразных ножках. Фасад работает как одна картина - роспись проходит сразу через несколько ящиков.

Комод выпускается полностью из массива или с фасадами из массива и корпусом из ЛДСП.

Роспись «Феи» разбита на небольшие отдельные сюжеты, разбросанные по ящикам.","REWRITE","фото всех 9: одинаковый корпус - 2 малых ящика наверху, ряд широких ниже, шарообразные ножки; metadata.motif различается; material_tier_labels: полностью массив / фронты массив + ЛДСП","EXACT","было: текст июльского прохода агента + общая приписка импорта; стало: editorial-pass-20261010, family ww-chest-high, источники - evidence",""
"prod_01KV69A7AMA53EWQH9MQK10H5K","fa-06-1","fa-06-1","Туалетный столик Вилли Винки с зеркалом","ww-vanity","Вилли Винки","Стол","Туалетный столик с зеркалом из серии Fairies коллекции Willie Winkie - «взрослый» предмет в детском масштабе: у ребёнка появляется своё зеркало и своя поверхность для заколок и мелочей. Роспись Fairies продолжает сюжет серии - столик естественно встаёт рядом с комодом и рабочим столом того же мотива.

Есть варианты исполнения - уточним в заявке","Зеркало здесь овальное, на стойке, а по бокам - 2 ящика. Ножки высокие и точёные, посередине остаётся место для ног.

Роспись «Феи» - небольшие рисунки на ящиках. Исполнение - полностью массив или фасады из массива с корпусом из ЛДСП.","REWRITE","название: с зеркалом; фото: овальное зеркало на стойке, 2 ящика, высокие точёные ножки; motif Fairies","EXACT","было: текст июльского прохода агента + общая приписка импорта; стало: editorial-pass-20261010, family ww-vanity, источники - evidence",""
"prod_01KV69A7AMBRZPR11DCTPR7864","fa-67-1","fa-67-1","Рабочий стол Вилли Винки","ww-desk","Вилли Винки","Стол","Рабочий стол серии Fairies (Willie Winkie) - место для рисования и первых уроков в сюжетной серии с росписью. Роспись превращает стол из «мебели» в часть игрового мира комнаты, при этом сам предмет остаётся полноценным столом, за которым ребёнок растёт.

Есть варианты исполнения - уточним в заявке","Ящики спрятаны в подстолье, стол стоит на высоких точёных ножках. Тумб нет - стул задвигается целиком.

Стол выпускается полностью из массива или с фасадами из массива и корпусом из ЛДСП.

Роспись «Феи» - лёгкие небольшие рисунки на ящиках.","REWRITE","фото всех 4: ящики в подстолье, высокие точёные ножки, открытое место для ног; metadata.motif; material_tier_labels","EXACT","было: текст июльского прохода агента + общая приписка импорта; стало: editorial-pass-20261010, family ww-desk, источники - evidence",""
"prod_01KV69A7AMAEGVHR09A7ZXH062","fk-05-1","fk-05-1","Стандартный комод Вилли Винки","ww-chest-standard","Вилли Винки","Комод","Стандартный комод серии Fantasy Kingdom (Willie Winkie). Уменьшенная глубина 44 см - формат детской комнаты: проходы остаются свободными.

Роспись Fantasy Kingdom задаёт комнате сюжет; в серии есть и высокая версия комода, если нужно больше ящиков на той же площади.

Есть варианты исполнения - уточним в заявке","Широкий комод с 2 небольшими ящиками наверху и 3 широкими под ними, на шарообразных ножках. Большие фасады дают росписи место развернуться.

Исполнение - полностью массив или фасады из массива с корпусом из ЛДСП.

Роспись «Сказочное королевство» - один крупный медальон через все широкие ящики. Верх и цоколь выделены контрастным цветом.","REWRITE","фото всех 4: 2 малых ящика наверху, 3 широких ниже, шарообразные ножки; metadata.motif; material_tier_labels","EXACT","было: текст июльского прохода агента + общая приписка импорта; стало: editorial-pass-20261010, family ww-chest-standard, источники - evidence",""
"prod_01KV69A7AMKV353Y5WH6VYBABK","fk-05-3","fk-05-3","Высокий комод Вилли Винки","ww-chest-high","Вилли Винки","Комод","Высокий комод серии Fantasy Kingdom (Willie Winkie): вертикальная компоновка ящиков при полной глубине 56 см занимает меньше стены, чем стандартный комод той же глубины. Роспись Fantasy Kingdom связывает его со стандартным комодом серии в одну комнату.

Есть варианты исполнения - уточним в заявке","Наверху 2 небольших ящика, ниже - ряд широких, а сам корпус стоит на шарообразных ножках. Фасад работает как одна картина - роспись проходит сразу через несколько ящиков.

Комод выпускается полностью из массива или с фасадами из массива и корпусом из ЛДСП.

Роспись «Сказочное королевство» заключена в медальон по центру. Верх и цоколь выделены контрастным цветом.","REWRITE","фото всех 9: одинаковый корпус - 2 малых ящика наверху, ряд широких ниже, шарообразные ножки; metadata.motif различается; material_tier_labels: полностью массив / фронты массив + ЛДСП","EXACT","было: текст июльского прохода агента + общая приписка импорта; стало: editorial-pass-20261010, family ww-chest-high, источники - evidence",""
"prod_01KM1QHNHYQKVZHCN3SM9BY42Z","greenwich-gr-02-1","GR-02-1","Двухдверный гардероб с ящиками Левел","greenwich-wardrobe-level","Гринвич","Шкаф","Гардероб Level - двухдверный гардероб Greenwich с отдельным ярусом ящиков: за дверцами - основное хранение, в ящиках - то, что удобно доставать, не открывая весь шкаф. Корпус 119 × 52 см при высоте 210 см - формат спальни обычного размера, не превращающийся в стену.

Выпускается в двенадцати отделках коллекции - от светлых и приглушённых до тёмных.

Есть варианты исполнения - уточним в заявке","Ящик здесь вынесен в нижнюю часть корпуса. Основное хранение - за дверцами, а в ящик удобно убрать то, что нужно достать, не открывая шкаф целиком.

Деревянная рама и тонкие ножки приподнимают корпус над полом, поэтому даже высокий шкаф выглядит легче. Тот же корпус без ящика - гардероб Тотал.

Цвет корпуса выбирается из 12, тон рамы - из 2.","REWRITE","название: 2-дв. с ящиками; фото: 2 дверцы и ящик внизу; габариты совпадают с gr-02-2; finish_color_labels: 12 цветов; frame_material_labels: светлое / тёмное дерево","EXACT","было: текст июльского прохода агента + общая приписка импорта; стало: editorial-pass-20261010, family greenwich-wardrobe-level, источники - evidence",""
"prod_01KM1QHNHZQSQM54A74VQJNH75","greenwich-gr-02-2","GR-02-2","Двухдверный гардероб Тотал","greenwich-wardrobe-total","Гринвич","Шкаф","Гардероб Total - парная модель к гардеробу Level: те же 119 см по фронту, 52 см глубины и 210 см высоты, но без ящиков - только две дверцы и цельный фронт. Вариант для тех, кому важна ровная спокойная плоскость шкафа: в небольшой комнате она заметно разгружает стену.

Как и остальная корпусная мебель Greenwich, Total выпускается в двенадцати отделках - от белого и капучино до графита.

Есть варианты исполнения - уточним в заявке","Двухдверный гардероб без ящиков: дверцы идут на всю высоту фасада. Ровная плоскость без дробления делает шкаф спокойнее и разгружает стену.

Габариты совпадают с гардеробом Левел, у которого под дверцами есть ящик. Обе модели стоят на тонких ножках в деревянной раме.

Корпус бывает в 12 цветах, рама - в светлом или тёмном тоне дерева.","REWRITE","название: 2-дв.; фото: 2 дверцы во всю высоту; габариты совпадают с gr-02-1; finish_color_labels: 12 цветов; frame_material_labels: светлое / тёмное дерево","EXACT","было: текст июльского прохода агента + общая приписка импорта; стало: editorial-pass-20261010, family greenwich-wardrobe-total, источники - evidence",""
"prod_01KM1QHNHNKSG173KZ6C2AZ5JR","greenwich-gr-05-1","GR-05-1","Комод Скейл","greenwich-chest-scale","Гринвич","Комод","Комод Scale - самый горизонтальный предмет в спальне Greenwich: 124 см в ширину при высоте 63 см и глубине 51 см. Такой формат работает как продолжение линии кровати - над комодом остаётся место для зеркала или пары постеров, а длинная столешница не забивается даже с лампой и шкатулками.

Палитра модели повторяет палитру коллекции: двенадцать отделок, от белого, сливочного и пудры до графита, какао и терракоты, поэтому Scale можно свести тон в тон с остальной комнатой или сделать на нём цветовой акцент.

Есть варианты исполнения - уточним в заявке","Низкий широкий комод на высоких тонких ножках. Фасад разделён на 4 ящика в 2 ряда и покрыт вертикальным рифлением, а деревянная рама обводит корпус и продолжается в ножки.

Это самый горизонтальный предмет Гринвича. Над ним свободно помещаются зеркало или картина, а длинная столешница остаётся поверхностью для лампы и мелочей.

Корпус окрашивается в один из 12 цветов палитры, а раму можно выбрать светлую или тёмную - комод получится тихим фоном или заметным акцентом.","REWRITE","фото: 4 ящика 2 × 2, вертикальное рифление, рама и ножки; габариты: ширина почти вдвое больше высоты; finish_color_labels: 12 цветов; frame_material_labels: светлое / тёмное дерево","EXACT","было: текст июльского прохода агента + общая приписка импорта; стало: editorial-pass-20261010, family greenwich-chest-scale, источники - evidence",""
"prod_01KM1QHNHWH2M61Z8VR182RMJF","greenwich-gr-08-1","GR-08-1","Прикроватная тумба с 2 ящиками Хоул","greenwich-nightstand","Гринвич","Тумба","Прикроватная Hole: прикроватная тумба увеличенного формата: 66 см в ширину при высоте 53 см, с двумя ящиками. Ширина здесь принципиальна - на столешнице умещаются лампа, книга и телефон одновременно, а ящики забирают то, что обычно кочует по спальне.

Пара таких тумб хорошо уравновешивает кровать с широким изголовьем. Отделок двенадцать - вся палитра Greenwich, от пудры и сливочного до сине-серого и графита.

Есть варианты исполнения - уточним в заявке","Широкая прикроватная тумба в деревянной раме на тонких сужающихся ножках. Корпус окрашивается в один из 12 цветов палитры Гринвича, рама - в светлом или тёмном тоне дерева.

На столешнице хватает места для лампы, книги и телефона. Пара тумб по сторонам кровати Гринвича собирает изголовье в одну композицию.","REWRITE","finish_color_labels: 12 цветов; frame_material_labels: светлое / тёмное дерево; фото обеих: рама на тонких ножках. Число ящиков в названии и на фото противоречит друг другу - в тексте не упоминаем","STRONG","было: текст июльского прохода агента с битым префиксом «Тип Имя:» + приписка импорта; стало: editorial-pass-20261010, family greenwich-nightstand, источники - evidence","в названии «с 2 ящиками», на фото 1 ящик и открытая ниша; число ящиков в тексте не называем до решения владельца"
"prod_01KM1QHNHX9FDMX9RHBZAB7K1K","greenwich-gr-08-2","GR-08-2","Прикроватная тумба с 1 ящиком Стоун","greenwich-nightstand","Гринвич","Тумба","Stone повторяет формат тумбы Hole - 66 × 46 см при высоте 53 см, - но обходится одним ящиком и поэтому выглядит проще и легче. Это вариант для тех, кто держит у кровати минимум вещей: ящик закрывает мелочи, остальное остаётся под рукой.

Габариты позволяют использовать Stone и вне спальни - как приставной столик у кресла или дивана. Палитра - те же двенадцать отделок Greenwich.

Есть варианты исполнения - уточним в заявке","Широкая прикроватная тумба в деревянной раме на тонких сужающихся ножках. Корпус окрашивается в один из 12 цветов палитры Гринвича, рама - в светлом или тёмном тоне дерева.

На столешнице хватает места для лампы, книги и телефона. Пара тумб по сторонам кровати Гринвича собирает изголовье в одну композицию.","REWRITE","finish_color_labels: 12 цветов; frame_material_labels: светлое / тёмное дерево; фото обеих: рама на тонких ножках. Число ящиков в названии и на фото противоречит друг другу - в тексте не упоминаем","STRONG","было: текст июльского прохода агента + общая приписка импорта; стало: editorial-pass-20261010, family greenwich-nightstand, источники - evidence","в названии «с 1 ящиком», на фото 2 ящика; число ящиков в тексте не называем до решения владельца"
"prod_01KM1QHNHZXXSRPFEKAZRSFPDE","greenwich-gr-09-1-bed-90","GR-09-1","Односпальная кровать Гринвич (90 × 200)","greenwich-bed","Гринвич","Кровать","Односпальный формат кровати Greenwich: матрас 90 × 200 см, корпус длиной 221 см, изголовье высотой 105 см. Изголовье мягкое и выпускается в трёх моделях - Cloud, Frame и Plane - с обивкой светло-серой или сине-зелёной тканью, поэтому даже узкая кровать не выглядит служебной.

Подходит для детской, гостевой или небольшой спальни, где важно сохранить проход.

Есть варианты исполнения - уточним в заявке","Кровать с мягким изголовьем в деревянной раме. Рама обводит изголовье по контуру и переходит в тонкие ножки, а мягкие царги делают кровать цельной по всему периметру.

Модель изголовья выбирается из 3 вариантов: Фрейм, Клауд или Плейн. Обивка - светло-серая или сине-зелёная, рама - в светлом или тёмном тоне дерева. По бокам хорошо встают прикроватные тумбы Гринвича.","REWRITE","metadata.display_group=greenwich-bed у всех 5; одинаковые фото; одинаковые headboard_model_labels / fabric_upholstery_labels / frame_material_labels; одинаковая длина и высота","EXACT","было: текст июльского прохода агента + общая приписка импорта; стало: editorial-pass-20261010, family greenwich-bed, источники - evidence",""
"prod_01KM1QHNHMVXN3YQ3JDZCYQTM5","greenwich-gr-09-1-mirror","GR-09-1-M","Навесное зеркало Гринвич","greenwich-mirror-wall","Гринвич","Зеркало","Вертикальное навесное зеркало из коллекции Greenwich. Полотно 65 × 100 см при глубине всего 3 см - зеркало почти не выступает из стены и не съедает пространство даже в узкой прихожей.

Пропорции подобраны под корпусную мебель коллекции: оно естественно встаёт над комодом или консолью, задавая вертикаль над длинным низким силуэтом. Работает и само по себе - как спокойное зеркало в спальню или коридор.

Есть варианты исполнения - уточним в заявке","Вертикальное прямоугольное зеркало для стены. Оно почти не выступает из плоскости стены, поэтому подходит и для узкой прихожей.

Над комодом Скейл или консолью Степ зеркало добавляет вертикаль к их вытянутым горизонтальным силуэтам.","REWRITE","название; габариты: вертикальный прямоугольник, глубина 3 см. Фото - интерьер, рама зеркала не видна, поэтому о раме не пишем","STRONG","было: текст июльского прохода агента + общая приписка импорта; стало: editorial-pass-20261010, family greenwich-mirror-wall, источники - evidence",""
"prod_01KM1QHNHZ1A4J48K4CV10F4FM","greenwich-gr-12-1","GR-12-1","Полутораспальная кровать Гринвич (120 × 200)","greenwich-bed","Гринвич","Кровать","Полутораспальная кровать Greenwich под матрас 120 × 200 см - формат для одного человека, которому тесно на 90-сантиметровом матрасе. Корпус длиной 221 см, мягкое изголовье высотой 105 см; модель изголовья выбирается из трёх - Cloud, Frame или Plane - в светло-серой либо сине-зелёной обивке.

Хорошо встаёт в подростковую комнату и компактную спальню.

Есть варианты исполнения - уточним в заявке","Кровать с мягким изголовьем в деревянной раме. Рама обводит изголовье по контуру и переходит в тонкие ножки, а мягкие царги делают кровать цельной по всему периметру.

Модель изголовья выбирается из 3 вариантов: Фрейм, Клауд или Плейн. Обивка - светло-серая или сине-зелёная, рама - в светлом или тёмном тоне дерева. По бокам хорошо встают прикроватные тумбы Гринвича.","REWRITE","metadata.display_group=greenwich-bed у всех 5; одинаковые фото; одинаковые headboard_model_labels / fabric_upholstery_labels / frame_material_labels; одинаковая длина и высота","EXACT","было: текст июльского прохода агента + общая приписка импорта; стало: editorial-pass-20261010, family greenwich-bed, источники - evidence",""
"prod_01KM1QHNJ0F34R2A8FQ1CN4V1Y","greenwich-gr-14-1","GR-14-1","Полутораспальная кровать Гринвич (140 × 200)","greenwich-bed","Гринвич","Кровать","Кровать Greenwich под матрас 140 × 200 см занимает промежуточное положение: для двоих это самый компактный разумный формат, для одного - максимум свободы. Габариты корпуса - 153 см в ширину и 221 см в длину, высота мягкого изголовья 105 см.

Три модели изголовья - Cloud, Frame и Plane - и два цвета обивки, светло-серый и сине-зелёный, позволяют настроить характер кровати под комнату.

Есть варианты исполнения - уточним в заявке","Кровать с мягким изголовьем в деревянной раме. Рама обводит изголовье по контуру и переходит в тонкие ножки, а мягкие царги делают кровать цельной по всему периметру.

Модель изголовья выбирается из 3 вариантов: Фрейм, Клауд или Плейн. Обивка - светло-серая или сине-зелёная, рама - в светлом или тёмном тоне дерева. По бокам хорошо встают прикроватные тумбы Гринвича.","REWRITE","metadata.display_group=greenwich-bed у всех 5; одинаковые фото; одинаковые headboard_model_labels / fabric_upholstery_labels / frame_material_labels; одинаковая длина и высота","EXACT","было: текст июльского прохода агента + общая приписка импорта; стало: editorial-pass-20261010, family greenwich-bed, источники - evidence",""
"prod_01KM1QHNJ1E92BMJQ8CE2RX7TK","greenwich-gr-16-1","GR-16-1","Двуспальная кровать Гринвич (160 × 200)","greenwich-bed","Гринвич","Кровать","Основная двуспальная кровать коллекции: матрас 160 × 200 см, корпус 173 × 221 см, мягкое изголовье высотой 105 см. Высокое мягкое изголовье держит композицию спальни и делает удобной посадку с книгой или ноутбуком.

Модель изголовья выбирается из трёх - Cloud, Frame или Plane, обивка - светло-серая или сине-зелёная ткань; в пару подбираются прикроватные тумбы Hole и Stone.

Есть варианты исполнения - уточним в заявке","Кровать с мягким изголовьем в деревянной раме. Рама обводит изголовье по контуру и переходит в тонкие ножки, а мягкие царги делают кровать цельной по всему периметру.

Модель изголовья выбирается из 3 вариантов: Фрейм, Клауд или Плейн. Обивка - светло-серая или сине-зелёная, рама - в светлом или тёмном тоне дерева. По бокам хорошо встают прикроватные тумбы Гринвича.","REWRITE","metadata.display_group=greenwich-bed у всех 5; одинаковые фото; одинаковые headboard_model_labels / fabric_upholstery_labels / frame_material_labels; одинаковая длина и высота","EXACT","было: текст июльского прохода агента + общая приписка импорта; стало: editorial-pass-20261010, family greenwich-bed, источники - evidence",""
"prod_01KM1QHNJ1YTE9EW5NJZ8YRF62","greenwich-gr-18-1","GR-18-1","Двуспальная кровать Гринвич (180 × 200)","greenwich-bed","Гринвич","Кровать","Самая широкая кровать Greenwich: матрас 180 × 200 см, корпус 193 см в ширину и 221 см в длину. Формат рассчитан на просторную комнату - вместе с прикроватными тумбами кровать собирает стену длиной под три метра, и мягкое изголовье высотой 105 см удерживает эту композицию.

Изголовье выпускается в вариантах Cloud, Frame и Plane, обивка - светло-серая или сине-зелёная ткань.

Есть варианты исполнения - уточним в заявке","Кровать с мягким изголовьем в деревянной раме. Рама обводит изголовье по контуру и переходит в тонкие ножки, а мягкие царги делают кровать цельной по всему периметру.

Модель изголовья выбирается из 3 вариантов: Фрейм, Клауд или Плейн. Обивка - светло-серая или сине-зелёная, рама - в светлом или тёмном тоне дерева. По бокам хорошо встают прикроватные тумбы Гринвича.","REWRITE","metadata.display_group=greenwich-bed у всех 5; одинаковые фото; одинаковые headboard_model_labels / fabric_upholstery_labels / frame_material_labels; одинаковая длина и высота","EXACT","было: текст июльского прохода агента + общая приписка импорта; стало: editorial-pass-20261010, family greenwich-bed, источники - evidence",""
"prod_01KM1QHNHY2EE4PEMPKZ8YM3QZ","greenwich-gr-26-1","GR-26-1","Шкаф-витрина Кристалл","greenwich-vitrine-crystal","Гринвич","Шкаф","Шкаф-витрина Cristal - витрина Greenwich в рост человека: 99 см в ширину, 43 см в глубину, 210 см в высоту. Застеклённая часть показывает содержимое - посуду, стекло, книги.

Вертикальный корпус собирает высоту комнаты и хорошо работает в паре с низкими предметами коллекции: комодом Scale или тумбой Wide. Отделки - двенадцать вариантов: тёмные делают витрину строже, светлые - незаметнее.

Есть варианты исполнения - уточним в заявке","Высокая витрина: верхняя часть закрыта стеклянными дверцами с полками за ними, нижняя - глухими фасадами. Деревянная рама обводит корпус и опускается в ножки, как у остальной корпусной мебели Гринвича.

Посуда, стекло или книги остаются на виду, а то, что не нужно показывать, уходит вниз. Рядом с низким комодом Скейл или тумбой Уайд витрина добавляет комнате вертикаль.

Корпус окрашивается в любой из 12 цветов Гринвича, рама остаётся деревом светлого или тёмного тона.","REWRITE","фото: 2 стеклянные дверцы с полками, 2 глухие дверцы внизу, рама и ножки; finish_color_labels: 12 цветов; frame_material_labels: светлое / тёмное дерево","EXACT","было: текст июльского прохода агента + общая приписка импорта; стало: editorial-pass-20261010, family greenwich-vitrine-crystal, источники - evidence",""
"prod_01KM1QHNHRHYFRQWV6H2B0YV2R","greenwich-gr-42-1","GR-42-1","Тумба ТВ Уайд","greenwich-tv-wide","Гринвич","Тумба","Тумба Wide - самая длинная тумба Greenwich: 160 см при высоте и глубине по 46 см. Низкая посадка оставляет экран на комфортной высоте без кронштейна, а длинная столешница вмещает не только технику - часть её обычно остаётся под книги, колонки или вазу.

Как и вся корпусная мебель коллекции, тумба выпускается в двенадцати отделках, от белого и серо-голубого до графита и изумруда, так что её несложно вписать в уже сложившуюся гостиную.

Есть варианты исполнения - уточним в заявке","Длинная низкая тумба: по краям - закрытые секции с рифлёными фасадами, в центре - открытая ниша. Корпус приподнят на коротких ножках и обрамлён деревянной рамой.

Ниша удобна для приставки и колонок, а закрытые секции - для дисков, проводов и пультов. Уайд - самая длинная тумба Гринвича.

Палитра корпуса - 12 цветов, рама - в светлом или тёмном тоне дерева.","REWRITE","фото: 2 закрытые рифлёные секции по краям и открытая ниша; габариты: самая длинная тумба коллекции; finish_color_labels: 12 цветов; frame_material_labels: светлое / тёмное дерево","EXACT","было: текст июльского прохода агента + общая приписка импорта; стало: editorial-pass-20261010, family greenwich-tv-wide, источники - evidence",""
"prod_01KM1QHNHNR5R4YZKQERDE8EZ6","greenwich-gr-44-1","GR-44-1","Консоль Степ","greenwich-console-step","Гринвич","Консоль","Консоль Step - узкая консоль из коллекции Greenwich: 119 см в длину и 32 см в глубину при высоте 90 см. Её место - проходные зоны: прихожая, простенок, зона у окна, - где нужна поверхность для ключей, цветов или зарядки, но нет глубины под полноценный стол.

Высота 90 см удобна для пользования стоя. Выпускается в двенадцати отделках Greenwich - от спокойных светлых до глубоких тёмных.

Есть варианты исполнения - уточним в заявке","Узкая консоль на высоких ножках с одним длинным ящиком под столешницей. Рифлёный фасад ящика и деревянная рама - те же, что у комодов и тумб Гринвича.

Небольшая глубина позволяет поставить консоль там, где стол не помещается: в прихожей, в простенке или у окна.

Цвет корпуса выбирается из 12 вариантов, тон деревянной рамы - светлый или тёмный.","REWRITE","фото: один длинный ящик с рифлением, высокие тонкие ножки; габариты: малая глубина; finish_color_labels: 12 цветов; frame_material_labels: светлое / тёмное дерево","EXACT","было: текст июльского прохода агента + общая приписка импорта; стало: editorial-pass-20261010, family greenwich-console-step, источники - evidence",""
"prod_01KM1QHNHPTNKR0E7T538427YJ","greenwich-gr-67-1","GR-67-1","Рабочий стол Бейс","greenwich-desk-base","Гринвич","Стол","Рабочий Base: рабочий стол Greenwich для дома, а не для офиса: столешницы 120 × 62 см достаточно для ноутбука, лампы и бумаг, но стол не превращает комнату в кабинет. Высота - стандартные 78 см.

Модель держит общий характер коллекции и выпускается в той же палитре из двенадцати отделок, поэтому её легко точно свести с комодом, тумбами или кроватью Greenwich - либо намеренно выделить цветом.

Есть варианты исполнения - уточним в заявке","Рабочий стол на тонких ножках с ящиками в подстолье. Рифлёные фасады ящиков и деревянная рама продолжают линию комода Скейл и консоли Степ.

Под столешницей нет тумб, поэтому стол не утяжеляет комнату. Его легко поставить в спальне или гостиной, не превращая их в кабинет.

Корпус - в одном из 12 цветов, рама светлая или тёмная, поэтому стол легко повторить в цвет комода или тумбы.","REWRITE","фото: рифлёное подстолье с ящиками, открытое пространство под столешницей, тонкие ножки; finish_color_labels: 12 цветов; frame_material_labels: светлое / тёмное дерево","EXACT","было: текст июльского прохода агента с битым префиксом «Тип Имя:» + приписка импорта; стало: editorial-pass-20261010, family greenwich-desk-base, источники - evidence",""
"prod_01KV69A7AMA4R5CX5YG8SPTE5B","in-67-1","in-67-1","Рабочий стол Вилли Винки","ww-desk","Вилли Винки","Стол","Рабочий стол серии Infanta (Willie Winkie) - стол для уроков и рисования с росписью по мотиву Infanta. Роспись делает рабочее место частью характера комнаты, а не офисным предметом в детской.

Есть варианты исполнения - уточним в заявке","Ящики спрятаны в подстолье, стол стоит на высоких точёных ножках. Тумб нет - стул задвигается целиком.

Стол выпускается полностью из массива или с фасадами из массива и корпусом из ЛДСП.

Роспись «Инфанта» - небольшие орнаменты на фасадах ящиков.","REWRITE","фото всех 4: ящики в подстолье, высокие точёные ножки, открытое место для ног; metadata.motif; material_tier_labels","EXACT","было: текст июльского прохода агента + общая приписка импорта; стало: editorial-pass-20261010, family ww-desk, источники - evidence",""
"prod_01M3VREH5MR9P96VDC4H4Y96XS","mnm-02-1","MNM-02-1","Двухдверный шкаф для одежды Мончелси (модуль/Ш)","monchelsea-wardrobe-full","Мончелси","Шкаф","Шкаф для одежды 2-дв. (модуль/Ш)
2400 × 1206 × 645 мм
Порядок: высота, ширина, глубина. Источник - ячейка прайса","Обе дверцы идут во всю высоту корпуса. Филёнки на дверцах обведены фигурной раскладкой, ручки - вертикальные скобы.

По габаритам шкаф совпадает с двухдверным модулем с ящиками, поэтому их можно поставить в один ряд.","ADD","название: модуль/Ш; фото: 2 высокие филёнчатые дверцы во всю высоту, ручки-скобы, фигурный цоколь; габариты совпадают с mnm-02-2","STRONG","было: строки прайса при импорте (на PDP скрыты санитайзером #301); стало: editorial-pass-20261010, family monchelsea-wardrobe-full, источники - evidence",""
"prod_01KY5SGS08BRVCY6JC293VGR3A","mnm-02-2","MNM-02-2","Двухдверный шкаф для одежды Мончелси (модуль/ЯШ)","monchelsea-wardrobe-drawers","Мончелси","Шкаф","","Наверху - отделение за 2 филёнчатыми дверцами, под ним - 6 ящиков в 2 ряда. Ручки-скобы, внизу фигурный цоколь.

Ящики берут на себя то, что неудобно хранить на полках и штангах, - бельё, аксессуары, сезонные мелочи.","ADD","название: модуль/ЯШ (код не расшифровываем); фото: 2 филёнчатые дверцы, под ними 6 ящиков в 2 ряда, ручки-скобы, фигурный цоколь","STRONG","было: нет описания; стало: editorial-pass-20261010, family monchelsea-wardrobe-drawers, источники - evidence",""
"prod_01M3VREH9X5ARMTF4TAC06MCJN","mnm-03-1","MNM-03-1","Трёхдверный шкаф для одежды Мончелси (модуль/П+ЯШ+Ш)","monchelsea-wardrobe-3d","Мончелси","Шкаф","Шкаф для одежды 3-дв. (модуль/П+ЯШ+Ш)
2400 × 1862 × 645 мм
Порядок: высота, ширина, глубина. Источник - ячейка прайса","Крайние дверцы идут во всю высоту, а под средней спрятаны 3 выдвижных ящика.

Это самый широкий шкаф Мончелси: в нём есть и высокие отделения, и ящики для мелочей.","ADD","название: модуль/П+ЯШ+Ш; фото: 3 филёнчатые дверцы, под средней - 3 ящика","STRONG","было: строки прайса при импорте (на PDP скрыты санитайзером #301); стало: editorial-pass-20261010, family monchelsea-wardrobe-3d, источники - evidence",""
"prod_01M3VREH70QZ9YYSYAFHB2YRDH","mnm-05-2","MNM-05-2","Широкий комод Мончелси","monchelsea-chest-wide","Мончелси","Комод","Комод широкий
828 × 1154 × 574 мм
Порядок: высота, ширина, глубина. Источник - ячейка прайса","Широкий комод с 6 ящиками в 2 ряда. Каждый фасад обведён филёнкой, ручки - скобы, внизу - фигурный цоколь с вырезом.

Широкая столешница подходит для зеркала, лампы и пары рамок.","ADD","фото: 6 ящиков в 2 ряда, ручки-скобы, фигурный цоколь","EXACT","было: строки прайса при импорте (на PDP скрыты санитайзером #301); стало: editorial-pass-20261010, family monchelsea-chest-wide, источники - evidence",""
"prod_01M3VREHD7SYCQG71NBCAE4GTM","mnm-05-3","MNM-05-3","Высокий комод Мончелси","monchelsea-chest-high","Мончелси","Комод","Комод высокий
1494 × 602 × 574 мм
Порядок: высота, ширина, глубина. Источник - ячейка прайса","Здесь 6 ящиков один над другим, ручки-скобы и фигурный цоколь. Комод занимает мало места у стены и подходит для простенка или угла спальни.

Ящики одинаковой высоты, поэтому бельё и мелочи легко разложить по отдельным ящикам.","ADD","фото: высокий узкий корпус, 6 ящиков в столбик, ручки-скобы, фигурный цоколь","EXACT","было: строки прайса при импорте (на PDP скрыты санитайзером #301); стало: editorial-pass-20261010, family monchelsea-chest-high, источники - evidence",""
"prod_01M3VREHE2D996AFVB35AFXAMV","mnm-06-1","MNM-06-1","Туалетный столик Мончелси с зеркалом","monchelsea-vanity-mirror","Мончелси","Стол","","Зеркало стоит прямо на столешнице, в подстолье - 3 ящика. Ножки точёные, середина свободна для ног.

В пару к столику подходит малая банкетка Мончелси.","ADD","название: с зеркалом; фото: зеркало на столешнице, 3 ящика в подстолье, точёные ножки; банкетка на фото - отдельный товар mnm-55-1","EXACT","было: нет описания; стало: editorial-pass-20261010, family monchelsea-vanity-mirror, источники - evidence",""
"prod_01M3VREHGSTHBMJ7W20W9NN583","mnm-06-2","MNM-06-2","Туалетный столик Мончелси без зеркала","monchelsea-vanity-plain","Мончелси","Стол","Столик туалетный без зеркала
780 × 520 × 1268 мм
Порядок: высота, ширина, глубина. Источник - ячейка прайса","Под столешницей - один длинный ящик, ножки высокие и точёные. Зеркало можно повесить на стену над столиком или поставить настольное зеркало Мончелси.","ADD","название: без зеркала; фото: один длинный ящик, высокие точёные ножки. Габариты в данных противоречивы (глубина больше ширины) - размеры не упоминаем","STRONG","было: строки прайса при импорте (на PDP скрыты санитайзером #301); стало: editorial-pass-20261010, family monchelsea-vanity-plain, источники - evidence","фото в тоне тёмного дерева; в габаритах глубина 1268 мм больше ширины 520 мм - вероятно перепутаны оси"
"prod_01M3VREH8HRC18NX2E18S6ZW95","mnm-08-1","MNM-08-1","Прикроватная тумба Мончелси","monchelsea-nightstand","Мончелси","Тумба","Тумбочка прикроватная
566 × 468 × 449 мм
Порядок: высота, ширина, глубина. Источник - ячейка прайса","Прикроватная тумба с 2 ящиками в филёнчатых рамках и ручками-скобами. Корпус стоит на фигурном цоколе, как комоды и шкафы Мончелси.

Пару тумб ставят по сторонам двуспальной кровати Мончелси с филёнчатым изголовьем.","ADD","фото: 2 ящика с филёнками, ручки-скобы, фигурный цоколь","EXACT","было: строки прайса при импорте (на PDP скрыты санитайзером #301); стало: editorial-pass-20261010, family monchelsea-nightstand, источники - evidence",""
"prod_01M3VREHPD6694E36J261GTXNT","mnm-09-1","MNM-09-1","Навесное зеркало Мончелси","monchelsea-mirror-wall","Мончелси","Зеркало","Зеркало навесное
700 × 1136 × 22 мм
Порядок: высота, ширина, глубина. Источник - ячейка прайса","Прямоугольное зеркало в широкой раме, вытянутое по горизонтали. Его вешают над широким комодом или тумбой под телевизор.","ADD","фото: прямоугольное зеркало, широкая рама; габариты: ширина больше высоты","EXACT","было: строки прайса при импорте (на PDP скрыты санитайзером #301); стало: editorial-pass-20261010, family monchelsea-mirror-wall, источники - evidence",""
"prod_01M3VREHHHN3DGVVD73VC5J251","mnm-09-2","MNM-09-2","Напольное зеркало Мончелси","monchelsea-mirror-floor","Мончелси","Зеркало","Зеркало напольное
1750 × 600 × 450 мм
Порядок: высота, ширина, глубина. Источник - ячейка прайса","Высокое напольное зеркало в раме между 2 стойками. Основание - небольшая тумба с выдвижным ящиком для мелочей.

Ему находят место в углу спальни или рядом с платяным шкафом.","ADD","фото: зеркало в раме между 2 стойками, основание с выдвижным ящиком","EXACT","было: строки прайса при импорте (на PDP скрыты санитайзером #301); стало: editorial-pass-20261010, family monchelsea-mirror-floor, источники - evidence",""
"prod_01M3VREHJD1HSMMKB9J0PFS3W3","mnm-09-3","MNM-09-3","Настольное зеркало Мончелси","monchelsea-mirror-table","Мончелси","Зеркало","Зеркало настольное
756 × 556 × 340 мм
Порядок: высота, ширина, глубина. Источник - ячейка прайса","Настольное зеркало в прямоугольной раме, закреплённое между точёными стойками на подставке. Его ставят на туалетный столик, комод или письменный стол.","ADD","фото: прямоугольное зеркало в раме между точёными стойками на подставке","EXACT","было: строки прайса при импорте (на PDP скрыты санитайзером #301); стало: editorial-pass-20261010, family monchelsea-mirror-table, источники - evidence","на фото рама в тоне тёмного дерева"
"prod_01KY5SGS08JN8T4F8M43XD5ZTE","mnm-14-2","MNM-14-2","Односпальная кровать Мончелси (90 × 190) без изножья","monchelsea-bed-no-footboard","Мончелси","Кровать","","В ногах у этой кровати нет спинки, и спальное место остаётся открытым. Такая кровать не перегораживает комнату и проще встаёт в небольшую спальню.","ADD","название: без изножья. Фото не подтверждает форму: у mnm-14-2 на фото шкаф, у mnm-16-2 - кровать с мягким изголовьем в интерьере. О форме изголовья не пишем","STRONG","было: нет описания; стало: editorial-pass-20261010, family monchelsea-bed-no-footboard, источники - evidence","главное фото - шкаф, не кровать; проверить медиа"
"prod_01KY5SGS08EMJPXZWFNYH92EMD","mnm-16-2","MNM-16-2","Полутораспальная кровать Мончелси (140 × 190) без изножья","monchelsea-bed-no-footboard","Мончелси","Кровать","","В ногах у этой кровати нет спинки, и спальное место остаётся открытым. Такая кровать не перегораживает комнату и проще встаёт в небольшую спальню.","ADD","название: без изножья. Фото не подтверждает форму: у mnm-14-2 на фото шкаф, у mnm-16-2 - кровать с мягким изголовьем в интерьере. О форме изголовья не пишем","STRONG","было: нет описания; стало: editorial-pass-20261010, family monchelsea-bed-no-footboard, источники - evidence","фото - интерьер с мягким изголовьем, не похоже на остальные предметы серии; проверить медиа"
"prod_01M3VREHQ53H0413K8H6GZZSK3","mnm-18-1","MNM-18-1","Двуспальная кровать Мончелси (180 × 200)","monchelsea-bed-footboard","Мончелси","Кровать","Кровать 2-сп. (180*200)
1060 × 2010 × 2130 мм
Порядок: высота, ширина, глубина. Источник - ячейка прайса","У кровати филёнчатые изголовье и изножье, раскладка на них повторяет фасады шкафов и комодов Мончелси. Поэтому кровать собирает спальню в одну линию.

Изголовье выше изножья: к нему удобно прислониться, а изножье не закрывает вид на комнату.","ADD","фото: изголовье и изножье с филёнками в фигурной раскладке","EXACT","было: строки прайса при импорте (на PDP скрыты санитайзером #301); стало: editorial-pass-20261010, family monchelsea-bed-footboard, источники - evidence",""
"prod_01M3VREHC86DYRZ67HBKJM5VRR","mnm-23-1","MNM-23-1","Стул Мончелси","monchelsea-chair","Мончелси","Стул","Стул
905 × 480 × 460 мм
Порядок: высота, ширина, глубина. Источник - ячейка прайса","У стула мягкие сиденье и спинка, передние ножки точёные, а задние слегка отогнуты назад.

Стул подходит к письменным столам и туалетному столику Мончелси.","ADD","фото: мягкое сиденье и вставка в спинке, точёные передние ножки","EXACT","было: строки прайса при импорте (на PDP скрыты санитайзером #301); стало: editorial-pass-20261010, family monchelsea-chair, источники - evidence",""
"prod_01M3VREHK9R85YVPXQE82DA9NP","mnm-42-1","MNM-42-1","Тумба для телевизора Мончелси","monchelsea-tv-stand","Мончелси","Тумба","Тумба для телевизора
600 × 1454 × 416 мм
Порядок: высота, ширина, глубина. Источник - ячейка прайса","Открытая ниша здесь идёт во всю ширину, под ней - 2 ящика. Низ корпуса - фигурный цоколь с вырезом.

В нише остаётся место для приставки или книг, а провода и пульты уходят в ящики.","ADD","фото: открытая ниша во всю ширину, 2 ящика под ней, фигурный цоколь","EXACT","было: строки прайса при импорте (на PDP скрыты санитайзером #301); стало: editorial-pass-20261010, family monchelsea-tv-stand, источники - evidence",""
"prod_01M3VREHB4V261GDWSYMVBYEP1","mnm-55-1","MNM-55-1","Малая банкетка Мончелси","monchelsea-bench","Мончелси","Банкетка","Банкетка малая
460 × 470 × 390 мм
Порядок: высота, ширина, глубина. Источник - ячейка прайса","Небольшая банкетка с мягким сиденьем на точёных ножках, под сиденьем - царга с фигурным вырезом.

Её ставят к туалетному столику Мончелси, у зеркала или в прихожей.","ADD","фото: мягкое сиденье, фигурная царга, точёные ножки","EXACT","было: строки прайса при импорте (на PDP скрыты санитайзером #301); стало: editorial-pass-20261010, family monchelsea-bench, источники - evidence",""
"prod_01M3VREHEY0RJA9E95870AHHH7","mnm-57-3","MNM-57-3","Диван Мончелси с выкатной кроватью","monchelsea-sofa-trundle","Мончелси","Диван","Диван с выкатной кроватью
1060 × 2110 × 982 мм
Порядок: высота, ширина, глубина. Источник - ячейка прайса","Спинка высокая, боковины - в филёнках. Внизу спрятана выкатная кровать: днём это место для сидения, ночью - второе спальное место.

Такой диван уместен в детской, кабинете или гостевой комнате, где кровать нужна не каждый день.","ADD","название: с выкатной кроватью; фото: филёнчатые спинка и боковины, внизу выдвижной блок с 2 фасадами","EXACT","было: строки прайса при импорте (на PDP скрыты санитайзером #301); стало: editorial-pass-20261010, family monchelsea-sofa-trundle, источники - evidence",""
"prod_01M3VREHFW9W1EQ4GQKP678ACW","mnm-61-1","MNM-61-1","Двухдверный книжный шкаф Мончелси (модуль)","monchelsea-bookcase-2d","Мончелси","Шкаф","Шкаф книжный 2-дв. (модуль)
2400 × 1206 × 453 мм
Порядок: высота, ширина, глубина. Источник - ячейка прайса","Наверху дверцы застеклены, внизу - глухие, с филёнками. Книги стоят за стеклом, коробки и папки уходят вниз.

Модуль высотой со шкафы для одежды Мончелси, поэтому их можно собрать в одну стену.","ADD","название: модуль; фото: 2 застеклённые дверцы наверху, 2 филёнчатые внизу","EXACT","было: строки прайса при импорте (на PDP скрыты санитайзером #301); стало: editorial-pass-20261010, family monchelsea-bookcase-2d, источники - evidence",""
"prod_01M3VREHQVNPX2YDE2G9Y90V7J","mnm-61-3","MNM-61-3","Однодверный книжный шкаф Мончелси (модуль/ручка справа)","monchelsea-bookcase-1d","Мончелси","Шкаф","Шкаф книжный 1-дв. (модуль/ручка справа)
2400 × 654 × 453 мм
Порядок: высота, ширина, глубина. Источник - ячейка прайса","Узкий однодверный модуль книжного шкафа с ручкой справа. Им завершают ряд шкафов или ставят по бокам от проёма под телевизор.

На фото модуль показан в композиции с другими шкафами и полками Мончелси.","ADD","название: модуль/ручка справа; фото - композиция из нескольких модулей, сам модуль отдельно не показан","STRONG","было: строки прайса при импорте (на PDP скрыты санитайзером #301); стало: editorial-pass-20261010, family monchelsea-bookcase-1d, источники - evidence","фото - композиция; в тексте не описываем стекло и наполнение"
"prod_01M3VREHRK86YR9BP37EFAM9EM","mnm-62-1","MNM-62-1","Открытая угловая секция Мончелси (модуль)","monchelsea-corner-open","Мончелси","Стеллаж","Секция угловая открытая (модуль)
2400 × 453 × 453 мм
Порядок: высота, ширина, глубина. Источник - ячейка прайса","Высокая открытая угловая секция с полками без дверец. Ею завершают ряд шкафов, а на полках держат книги и мелочи на виду.

На фото секция показана на краю композиции из шкафов Мончелси.","ADD","название: секция угловая открытая (модуль); фото: композиция, секция с открытыми полками на краю","STRONG","было: строки прайса при импорте (на PDP скрыты санитайзером #301); стало: editorial-pass-20261010, family monchelsea-corner-open, источники - evidence","фото - композиция"
"prod_01M3VREHM1NKKATPA52EX577H0","mnm-65-4","MNM-65-4","Однотумбовый письменный стол Мончелси (тумба с ящиками слева)","monchelsea-desk-1ped","Мончелси","Стол","Стол письменный 1-тумб. Я0
780 × 1200 × 600 мм
Порядок: высота, ширина, глубина. Источник - ячейка прайса","Письменный стол с тумбой ящиков слева и ещё одним ящиком в подстолье. Справа столешница опирается на панель с фигурным цоколем, и места для ног достаточно.

Филёнки на ящиках и ручки-скобы - как у комодов Мончелси.","ADD","pedestal_filling Я0 (в названии: тумба с ящиками слева); фото: тумба с ящиками слева, ящик в подстолье, опорная панель справа, фигурный цоколь","EXACT","было: строки прайса при импорте (на PDP скрыты санитайзером #301); стало: editorial-pass-20261010, family monchelsea-desk-1ped, источники - evidence",""
"prod_01M3VREHMTW2F0SYSCY8MDJCHM","mnm-66-3","MNM-66-3","Двухтумбовый письменный стол Мончелси (ящики слева, полки справа)","monchelsea-desk-2ped","Мончелси","Стол","Стол письменный 2-тумб. ЯП
780 × 1680 × 700 мм
Порядок: высота, ширина, глубина. Источник - ячейка прайса","Слева - тумба с ящиками, справа - полки за филёнчатой дверцей, между ними - ящик в подстолье.

Обе тумбы стоят на фигурном цоколе, ручки - скобы, как у комодов Мончелси.","ADD","pedestal_filling ЯП; фото: левая тумба с ящиками, правая - дверца, ящик в подстолье","EXACT","было: строки прайса при импорте (на PDP скрыты санитайзером #301); стало: editorial-pass-20261010, family monchelsea-desk-2ped, источники - evidence",""
"prod_01M3VREHSB20J361750CAVRX72","mnm-69-1","MNM-69-1","Навесная полка Мончелси (модуль)","monchelsea-wall-shelf","Мончелси","Полка","Полка навесная (модуль)
417 × 1406 × 453 мм
Порядок: высота, ширина, глубина. Источник - ячейка прайса","Полка разделена на открытые ниши. В композициях её вешают над проёмом между высокими шкафами, и ряд модулей замыкается сверху.","ADD","название: полка навесная (модуль); фото: композиция, полка с нишами перекрывает проём между высокими шкафами","STRONG","было: строки прайса при импорте (на PDP скрыты санитайзером #301); стало: editorial-pass-20261010, family monchelsea-wall-shelf, источники - evidence","фото - композиция"
"prod_01M3VREHNM2MF3H8BT7HTQJRRA","mnm-69-2","MNM-69-2","Навесная полка Мончелси с дверкой (модуль)","monchelsea-wall-shelf-door","Мончелси","Полка","Полка навесная с дверкой (модуль)
515 × 2138 × 373 мм
Порядок: высота, ширина, глубина. Источник - ячейка прайса","Длинная навесная полка-модуль: середина открыта, а часть полки закрыта филёнчатой дверкой. На открытой части - книги и декор, за дверкой - то, что хочется спрятать.","ADD","название: с дверкой; фото: длинная полка с открытой серединой и филёнчатыми дверками по краям","STRONG","было: строки прайса при импорте (на PDP скрыты санитайзером #301); стало: editorial-pass-20261010, family monchelsea-wall-shelf-door, источники - evidence","в названии «с дверкой», на фото дверки с обоих краёв; число дверок не называем"
"prod_01KV69A7AMXJPFM3MR6GX0YJP8","mo-02-1","mo-02-1","Высокий двухдверный шкаф для одежды Вилли Винки","ww-wardrobe-tall","Вилли Винки","Шкаф","Двухдверный шкаф для одежды серии Molly (Willie Winkie) в высокой версии - основное хранение детской комнаты. Высокая версия корпуса - вертикальное хранение, которое не требует дополнительной ширины стены.

Роспись Molly объединяет шкаф с детским столиком той же серии.

Есть варианты исполнения - уточним в заявке","Наверху - фронтон, в основании - 2 ящика, между ними - 2 дверцы. Дверцы - главное поле для росписи.

Роспись «Молли» спускается по гладким дверцам и продолжается на ящиках.

Исполнение - полностью массив или фасады из массива с корпусом из ЛДСП.","REWRITE","фото обоих: фронтон, 2 дверцы, 2 ящика внизу, шарообразные ножки; te-02-2 - арочные филёнки","STRONG","было: текст июльского прохода агента + общая приписка импорта; стало: editorial-pass-20261010, family ww-wardrobe-tall, источники - evidence",""
"prod_01KV69A7AMTWYR1CTV1G1RFFBC","mo-81-1","mo-81-1","Детский столик Вилли Винки","ww-kids-table","Вилли Винки","Стол","Детский столик серии Molly (Willie Winkie) - стол детского масштаба для рисования, лепки и настольных игр. Роспись Molly задаёт столику собственный сюжет; в серии есть высокий шкаф с тем же мотивом.

Есть варианты исполнения - уточним в заявке","Небольшой детский стол на точёных ножках, с ящиком в подстолье. Роспись вынесена на столешницу - на неё смотрят каждый раз, когда садятся рисовать или играть.

Роспись «Молли» - в центре столешницы и на ручке ящика.","REWRITE","фото обоих: ящик в подстолье, точёные ножки, роспись на столешнице; sh-81-1 - контрастное основание; стул на фото sh-81-1 в товар не входит","STRONG","было: текст июльского прохода агента + общая приписка импорта; стало: editorial-pass-20261010, family ww-kids-table, источники - evidence",""
"prod_01KNTBXADCXPESM7CPF6NQGBDK","ol-00-1","OL-00-1","Угловой шкаф Оливер","oliver-wardrobe-corner","Оливер","Шкаф","Угловой шкаф Oliver занимает 67 × 67 см в плане при высоте 206 см - он забирает под хранение угол, который в спальне или детской чаще всего простаивает. Сторону навески двери выбирают при заказе - левую или правую, под конкретную расстановку.

Хорошо работает в связке с одно- и двухдверными шкафами линейки, продолжая их фронт за угол.

Есть варианты исполнения - уточним в заявке","Угловой шкаф с одной дверцей и 2 ящиками снизу. Арочный карниз и точёные ножки - те же, что у прямых шкафов Оливера, поэтому их можно поставить рядом.

Угол, который обычно пустует, превращается в место для одежды и белья.","REWRITE","название: угловой; фото: 1 дверца, 2 ящика, арочный карниз; габариты: квадратный план","EXACT","было: текст июльского прохода агента + общая приписка импорта; стало: editorial-pass-20261010, family oliver-wardrobe-corner, источники - evidence",""
"prod_01KNTBXADCVVSRFRFK60X78V93","ol-01-2","OL-01-2","Однодверный шкаф для одежды Оливер с зеркалом","oliver-wardrobe-1d-mirror","Оливер","Шкаф","Однодверный шкаф Oliver шириной 81 см с зеркалом в дверце - формат для комнаты, где полноценный гардероб не встаёт, а зеркало в рост нужно. Высота 211 см, глубина 54 см - стандартная под плечики.

Сторона навески двери выбирается при заказе, поэтому шкаф одинаково удобно ставить по любую сторону от окна или кровати. Может дополнять двух- и трёхдверные шкафы линейки.

Есть варианты исполнения - уточним в заявке","Узкий шкаф с одной дверцей, в которую встроено высокое арочное зеркало, и 2 ящиками внизу.

Шкаф подходит для спальни или прихожей, где широкий гардероб не помещается, а для отдельного зеркала нет места на стене.","REWRITE","название: с зеркалом; фото: высокое арочное зеркало в дверце, 2 ящика внизу","EXACT","было: текст июльского прохода агента + общая приписка импорта; стало: editorial-pass-20261010, family oliver-wardrobe-1d-mirror, источники - evidence",""
"prod_01KNTBXADCQ78KTFDG2CFXRDER","ol-02-1","OL-02-1","Двухдверный шкаф для одежды Оливер","oliver-wardrobe-2d","Оливер","Шкаф","Основной платяной шкаф коллекции Oliver: две дверцы, фронт 123 см, высота 211 см, глубина 54 см. Это средний формат линейки - шире узкого однодверного, но не требующий отдельной стены, как трёхдверный.

Спокойный корпус в характере коллекции легко объединяется с комодами и тумбами Oliver в одну спальню.

Есть варианты исполнения - уточним в заявке","Под дверцами - 2 ящика. Верх корпуса завершает арочный карниз, дверцы собраны из филёнок, внизу - фигурный подзор и точёные ножки.

По ширине это средний шкаф Оливера: шире однодверного с зеркалом и заметно компактнее трёхдверного.","REWRITE","фото: 2 филёнчатые дверцы, 2 ящика, арочный карниз, точёные ножки; габариты: средний по ширине среди шкафов","EXACT","было: текст июльского прохода агента + общая приписка импорта; стало: editorial-pass-20261010, family oliver-wardrobe-2d, источники - evidence",""
"prod_01KNTBXADCYJKGNAPE1WGQJBQZ","ol-03-1","OL-03-1","Трёхдверный шкаф для одежды Оливер","oliver-wardrobe-3d","Оливер","Шкаф","Самый большой платяной шкаф Oliver: три дверцы, фронт 179 см, глубина 64 см, высота 235 см. Это уже не отдельный предмет, а полноценная система хранения на всю стену - для семейной спальни или комнаты, где шкаф заменяет гардеробную.

Увеличенная относительно остальных шкафов линейки глубина оставляет запас под объёмные вещи.

Есть варианты исполнения - уточним в заявке","Самый вместительный шкаф Оливера: 3 дверцы и ряд ящиков под ними. Арочный карниз, филёнки и точёные ножки - как у двухдверной модели, только в большем масштабе.

Такой шкаф может заменить гардеробную в спальне: одежда - за дверцами, мелочи - в ящиках.","REWRITE","название: 3-дв.; фото: 3 дверцы, ряд ящиков, арочный карниз; габариты: самый большой шкаф коллекции","EXACT","было: текст июльского прохода агента + общая приписка импорта; стало: editorial-pass-20261010, family oliver-wardrobe-3d, источники - evidence",""
"prod_01KNTBXADDACBVH2BM1JSB2MWH","ol-05-1","OL-05-1","Стандартный комод Оливер","oliver-chest-standard","Оливер","Комод","Базовый комод коллекции Oliver: 90 см в ширину, 55,5 см в глубину, 81 см в высоту. Формат, который встаёт почти в любую спальню - у стены, под окном или напротив кровати, - а столешница на удобной высоте остаётся рабочей поверхностью для мелочей.

В линейке есть широкая и высокая версии с теми же пропорциями фасадов, так что комоды можно комбинировать между собой.

Есть варианты исполнения - уточним в заявке","Комод с 2 небольшими ящиками в верхнем ряду и 2 крупными под ними. Круглые ручки, фигурный подзор и точёные ножки - общие для всех комодов Оливера.

Это базовый формат серии. На столешнице хватает места для лампы или зеркала, а рядом можно поставить высокий комод той же линии.","REWRITE","фото: 2 небольших + 2 крупных ящика, круглые ручки, подзор, точёные ножки","EXACT","было: текст июльского прохода агента + общая приписка импорта; стало: editorial-pass-20261010, family oliver-chest-standard, источники - evidence",""
"prod_01KNTBXADD48JACA24PC4TXVCC","ol-05-2","OL-05-2","Широкий комод Оливер","oliver-chest-wide","Оливер","Комод","Широкая версия комода Oliver: 130 см по фронту при стандартных для линейки высоте 81 см и глубине 55,5 см. Дополнительные 40 см ширины относительно базовой модели дают заметно больше места в каждом ящике, а длинная столешница работает как низкая консоль - под зеркало, лампу или те вещи, которым не нашлось ящика.

Есть варианты исполнения - уточним в заявке","Широкий комод с 3 небольшими ящиками сверху и 2 рядами крупных под ними. Длинная столешница остаётся свободной поверхностью для лампы, зеркала или шкатулок.

По высоте он совпадает со стандартным комодом Оливера, поэтому оба можно поставить в одной комнате на одной линии.","REWRITE","фото: 3 небольших ящика сверху, 2 ряда по 2 крупных; габариты: та же высота, что у стандартного комода","EXACT","было: текст июльского прохода агента + общая приписка импорта; стало: editorial-pass-20261010, family oliver-chest-wide, источники - evidence",""
"prod_01KNTBXADDP2V5W6AKD074YRVF","ol-05-3","OL-05-3","Высокий комод Оливер","oliver-chest-high","Оливер","Комод","Высокий комод Oliver разворачивает хранение по вертикали: при фронте всего 76 см он поднимается на 132 см - это те же объёмы, что у широкой модели, но на вдвое меньшей площади стены. Вариант для комнат, где каждый погонный сантиметр на счету.

В линейке есть версия ниже на один ярус ящиков - если подоконник или навесная полка ограничивают высоту.

Есть варианты исполнения - уточним в заявке","Ящики идут столбцом: 2 небольших наверху, ниже - крупные. Хранение развёрнуто по вертикали, поэтому вдоль стены комод занимает немного места.

Круглые ручки, фигурный подзор и точёные ножки - как у остальных комодов Оливера.","REWRITE","фото обоих: одинаковая компоновка ящиков; название ol-05-n: «ниже на 1 ярус ящиков»; габариты: одинаковые ширина и глубина","EXACT","было: текст июльского прохода агента + общая приписка импорта; стало: editorial-pass-20261010, family oliver-chest-high, источники - evidence",""
"prod_01KNTBXADDBV29TSGTAFZN9W5J","ol-05-n","OL-05-Н","Высокий комод Оливер (ниже на 1 ярус ящиков)","oliver-chest-high","Оливер","Комод","Та же вертикальная компоновка, что у высокого комода Oliver, но на один ярус ящиков ниже: 114 см вместо 132 см при том же фронте 76 см. Формат под ситуации, где полной высоте что-то мешает - окно, картина, скошенный потолок мансарды.

Столешница при этом остаётся в зоне досягаемости, ей удобно пользоваться как полкой.

Есть варианты исполнения - уточним в заявке","Ящики идут столбцом: 2 небольших наверху, ниже - крупные. Хранение развёрнуто по вертикали, поэтому вдоль стены комод занимает немного места.

Круглые ручки, фигурный подзор и точёные ножки - как у остальных комодов Оливера.

От основной модели эта версия отличается одним ярусом ящиков: она ниже, а ширина и глубина те же.","REWRITE","фото обоих: одинаковая компоновка ящиков; название ol-05-n: «ниже на 1 ярус ящиков»; габариты: одинаковые ширина и глубина","EXACT","было: текст июльского прохода агента + общая приписка импорта; стало: editorial-pass-20261010, family oliver-chest-high, источники - evidence",""
"prod_01KNTBXADD0VJ53P78YSGNCRDG","ol-06-1","OL-06-1","Туалетный столик Оливер с зеркалом","oliver-vanity","Оливер","Стол","Туалетный столик Oliver с надстроенным зеркалом: ширина 113 см, глубина 44 см, общая высота с зеркалом 143 см. Это отдельное, своё место в спальне - для косметики, украшений и утренних сборов, которое избавляет от очереди к зеркалу в ванной.

Небольшая глубина позволяет поставить столик даже в узком простенке. В пару подойдёт банкетка Oliver.

Есть варианты исполнения - уточним в заявке","Овальное зеркало стоит на 2 точёных стойках. Под столешницей - выдвижной ящик для расчёсок и косметики, ножки тоже точёные.

Зеркало установлено на самом столике, поэтому отдельное зеркало на стене не понадобится. В пару подходит малая банкетка Оливера.","REWRITE","название: с зеркалом; фото: овальное зеркало на 2 стойках, ящик под столешницей, точёные ножки","EXACT","было: текст июльского прохода агента + общая приписка импорта; стало: editorial-pass-20261010, family oliver-vanity, источники - evidence",""
"prod_01KNTBXADDKNMB17WD6NVSNRCY","ol-07-1","OL-07-1","Сундук Оливер","oliver-trunk","Оливер","Сундук","Сундук Oliver - 82 см в длину, 45 см в глубину и 55 см в высоту, корпус с тканевой обивкой. Классическое место - у изножья кровати, где сундук завершает её силуэт.

Обивка выбирается при заказе из четырёх тканей: Leona, Linda, Lorna или Lillian - можно поддержать ткань изголовья кровати Oliver или взять контраст.

Есть варианты исполнения - уточним в заявке","Сундук с мягкой вставкой в крышке на точёных ножках с фигурным подзором. Внутри помещаются пледы, подушки или сезонные вещи.

У изножья кровати сундук работает как банкетка: на него можно присесть или положить одежду. Ткань обивки выбирается из 4 вариантов.","REWRITE","фото: мягкая вставка в крышке, подзор, точёные ножки; fabric_upholstery_labels: 4 ткани","EXACT","было: текст июльского прохода агента + общая приписка импорта; стало: editorial-pass-20261010, family oliver-trunk, источники - evidence",""
"prod_01KNTBXADE04TT9T88M1SRC2T7","ol-08-1","OL-08-1","Прикроватная тумба Оливер","oliver-nightstand-niche","Оливер","Тумба","Тумбочка прикроватная.

Есть варианты исполнения - уточним в заявке","Прикроватная тумба с выдвижным ящиком и открытой нишей под ним. В нише удобно держать книги или зарядку, в ящике - то, что не должно быть на виду.

Точёные ножки, фигурный подзор и круглая ручка - те же, что у комодов Оливера.","REWRITE","название и фото совпадают: ящик и открытая ниша с полкой. В metadata canonical_name ошибочно «Зеркало навесное овальное» - текст на него не опирается","STRONG","было: текст июльского прохода агента + общая приписка импорта; стало: editorial-pass-20261010, family oliver-nightstand-niche, источники - evidence","identity_conflict в metadata (canonical_name и габариты перепутаны с ol-08-1-mirror); текст опирается на название и фото"
"prod_01KNTBXADE4BY5ASV1EEQ9SQHZ","ol-08-1-mirror","OL-08-1-MIR","Овальное навесное зеркало Оливер","oliver-mirror-oval-wall","Оливер","Зеркало","Зеркало навесное овальное.

Есть варианты исполнения - уточним в заявке","Рама у зеркала широкая и гладкая. Мягкий контур без углов хорошо смотрится над комодом, тумбой или туалетным столиком Оливера.","REWRITE","название и фото: овальное зеркало в раме. Габариты в metadata - от тумбы ol-08-1, в тексте не используются","STRONG","было: текст июльского прохода агента + общая приписка импорта; стало: editorial-pass-20261010, family oliver-mirror-oval-wall, источники - evidence","identity_conflict в metadata: габариты и категория от тумбы; спецификацию нужно исправить отдельно"
"prod_01KNTBXADECY5WKNET16F2ET5W","ol-08-2","OL-08-2","Прикроватная тумба Оливер с дверкой","oliver-nightstand-door","Оливер","Тумба","Версия прикроватной тумбочки Oliver с дверкой вместо открытой ниши: те же 50 × 45,5 см при высоте 65 см, но всё содержимое скрыто за фасадом. Сторона навески дверки выбирается при заказе - левая или правая, - поэтому пара тумбочек по обе стороны кровати открывается зеркально, «от кровати».

Есть варианты исполнения - уточним в заявке","Закрытая версия прикроватной тумбы Оливера: вместо открытой ниши - дверка, и всё содержимое убрано за фасад.

Ручку ставят слева или справа, поэтому пару тумб по сторонам кровати можно сделать зеркальной.","REWRITE","название: с дверкой; canonical_name: «с дверкой (руч.лев/пр)». Фото показывает версию с нишей (как ol-08-1), поэтому внешний вид по фото не описываем","STRONG","было: текст июльского прохода агента + общая приписка импорта; стало: editorial-pass-20261010, family oliver-nightstand-door, источники - evidence","фото - версия с открытой нишей (как ol-08-1); нужно фото версии с дверкой"
"prod_01KNTBXADFZ5RFACJQDNSGM6D2","ol-09-2","OL-09-2","Напольное зеркало Оливер","oliver-mirror-floor","Оливер","Зеркало","Напольное зеркало Oliver высотой 159 см показывает отражение в полный рост и при этом не привязано к стене - его можно переставлять по комнате вслед за светом или перестановкой. Основание глубиной 48 см держит зеркало устойчиво.

Логичное дополнение к шкафам линейки без зеркальных дверец.

Есть варианты исполнения - уточним в заявке","Овальное зеркало на напольной подставке: полотно закреплено между 2 точёными стойками, внизу - изогнутые опоры.

Его ставят там, где удобно собираться: в спальне, у шкафа или в гардеробной.","REWRITE","фото: овальное зеркало между 2 точёными стойками, изогнутые опоры; габариты: высота почти в рост","EXACT","было: текст июльского прохода агента + общая приписка импорта; стало: editorial-pass-20261010, family oliver-mirror-floor, источники - evidence",""
"prod_01KNTBXADFFPGAVHK024D20MEQ","ol-14-1","OL-14-1","Односпальная кровать Оливер (90 × 190)","oliver-bed","Оливер","Кровать","Односпальная кровать Oliver под матрас 90 × 190 см: ширина корпуса 99 см, длина 203 см, высокое изголовье 115 см. Обивка выбирается из двух тканей - Lorna или Lillian, - за счёт чего даже компактная кровать выглядит законченным предметом, а не времянкой.

Формат для детской, подростковой или гостевой комнаты; есть версия без изножья, если проход вдоль кровати совсем узкий.

Есть варианты исполнения - уточним в заявке","Кровать с высоким арочным изголовьем и мягкой панелью в раме. По центру панели - овальный медальон, по краям поднимаются точёные стойки с шарами-навершиями.

В изножье - такая же мягкая панель между стойками, поэтому кровать выглядит законченной с любой стороны. Ткань обивки выбирается из 2 вариантов.","REWRITE","фото всех 10: одинаковое изголовье; изножье с мягкой панелью у -1, низкая царга у -2; fabric_upholstery_labels (2 ткани) у 14-1, 14-2, 16-*, 17-*, 18-*; у 15-1 и 15-2 выбора ткани в данных нет","EXACT","было: текст июльского прохода агента + общая приписка импорта; стало: editorial-pass-20261010, family oliver-bed, источники - evidence",""
"prod_01KNTBXADFNYAQGPEQKCM4NPZE","ol-14-2","OL-14-2","Односпальная кровать Оливер (90 × 190) без изножья","oliver-bed","Оливер","Кровать","Та же односпальная кровать Oliver под матрас 90 × 190 см, но без изножья: открытый нижний край упрощает уборку, не бьёт по ногам в тесном проходе и зрительно укорачивает кровать. Корпус 99 × 203 см, изголовье высотой 115 см с обивкой на выбор - ткань Lorna или Lillian.

Есть варианты исполнения - уточним в заявке","Кровать с высоким арочным изголовьем и мягкой панелью в раме. По центру панели - овальный медальон, по краям поднимаются точёные стойки с шарами-навершиями.

Изножья нет: спальное место заканчивается низкой царгой, и в небольшой комнате кровать выглядит свободнее. Ткань обивки выбирается из 2 вариантов.","REWRITE","фото всех 10: одинаковое изголовье; изножье с мягкой панелью у -1, низкая царга у -2; fabric_upholstery_labels (2 ткани) у 14-1, 14-2, 16-*, 17-*, 18-*; у 15-1 и 15-2 выбора ткани в данных нет","EXACT","было: текст июльского прохода агента + общая приписка импорта; стало: editorial-pass-20261010, family oliver-bed, источники - evidence",""
"prod_01KNTBXADF36E724RQTW6Z73B0","ol-15-1","OL-15-1","Полутораспальная кровать Оливер (120 × 190)","oliver-bed","Оливер","Кровать","Полуторная кровать Oliver под матрас 120 × 190 см - формат для одного человека, которому нужен запас ширины. Корпус 129 см в ширину и 203 см в длину, изголовье поднято на 115 см и держит кровать главным предметом комнаты.

Промежуточное звено линейки между односпальной и двуспальными моделями; есть парная версия без изножья.

Есть варианты исполнения - уточним в заявке","Кровать с высоким арочным изголовьем и мягкой панелью в раме. По центру панели - овальный медальон, по краям поднимаются точёные стойки с шарами-навершиями.

В изножье - такая же мягкая панель между стойками, поэтому кровать выглядит законченной с любой стороны.","REWRITE","фото всех 10: одинаковое изголовье; изножье с мягкой панелью у -1, низкая царга у -2; fabric_upholstery_labels (2 ткани) у 14-1, 14-2, 16-*, 17-*, 18-*; у 15-1 и 15-2 выбора ткани в данных нет","EXACT","было: текст июльского прохода агента + общая приписка импорта; стало: editorial-pass-20261010, family oliver-bed, источники - evidence",""
"prod_01KNTBXADG6TFW8WB9SPQ4JTGD","ol-15-2","OL-15-2","Полутораспальная кровать Оливер (120 × 190) без изножья","oliver-bed","Оливер","Кровать","Версия полуторной кровати Oliver без изножья: матрас 120 × 190 см, корпус 129 × 203 см, изголовье 115 см. Открытый нижний край делает силуэт легче и освобождает проход - в комнате, где кровать стоит изножьем к двери или шкафу, это ощутимая разница.

Есть варианты исполнения - уточним в заявке","Кровать с высоким арочным изголовьем и мягкой панелью в раме. По центру панели - овальный медальон, по краям поднимаются точёные стойки с шарами-навершиями.

Изножья нет: спальное место заканчивается низкой царгой, и в небольшой комнате кровать выглядит свободнее.","REWRITE","фото всех 10: одинаковое изголовье; изножье с мягкой панелью у -1, низкая царга у -2; fabric_upholstery_labels (2 ткани) у 14-1, 14-2, 16-*, 17-*, 18-*; у 15-1 и 15-2 выбора ткани в данных нет","EXACT","было: текст июльского прохода агента + общая приписка импорта; стало: editorial-pass-20261010, family oliver-bed, источники - evidence",""
"prod_01KNTBXADGPHKZEWKKT477WNR7","ol-16-1","OL-16-1","Полутораспальная кровать Оливер (140 × 190)","oliver-bed","Оливер","Кровать","Кровать Oliver под матрас 140 × 190 см - самый компактный формат, на котором уже спят вдвоём. Корпус 149 × 203 см, высокое изголовье 115 см с тканевой обивкой - Lorna или Lillian на выбор.

Подходит для спальни, где полноразмерная двуспальная кровать съела бы весь проход.

Есть варианты исполнения - уточним в заявке","Кровать с высоким арочным изголовьем и мягкой панелью в раме. По центру панели - овальный медальон, по краям поднимаются точёные стойки с шарами-навершиями.

В изножье - такая же мягкая панель между стойками, поэтому кровать выглядит законченной с любой стороны. Ткань обивки выбирается из 2 вариантов.","REWRITE","фото всех 10: одинаковое изголовье; изножье с мягкой панелью у -1, низкая царга у -2; fabric_upholstery_labels (2 ткани) у 14-1, 14-2, 16-*, 17-*, 18-*; у 15-1 и 15-2 выбора ткани в данных нет","EXACT","было: текст июльского прохода агента + общая приписка импорта; стало: editorial-pass-20261010, family oliver-bed, источники - evidence",""
"prod_01KNTBXADGH3EK5BM3RAZ2Z7KT","ol-16-2","OL-16-2","Полутораспальная кровать Оливер (140 × 190) без изножья","oliver-bed","Оливер","Кровать","Кровать Oliver под матрас 140 × 190 см в версии без изножья. Открытый край убирает визуальную границу в ногах и оставляет свободным проход - для небольшой спальни это способ получить двуспальный формат без ощущения тесноты.

Изголовье высотой 115 см обивается тканью Lorna или Lillian.

Есть варианты исполнения - уточним в заявке","Кровать с высоким арочным изголовьем и мягкой панелью в раме. По центру панели - овальный медальон, по краям поднимаются точёные стойки с шарами-навершиями.

Изножья нет: спальное место заканчивается низкой царгой, и в небольшой комнате кровать выглядит свободнее. Ткань обивки выбирается из 2 вариантов.","REWRITE","фото всех 10: одинаковое изголовье; изножье с мягкой панелью у -1, низкая царга у -2; fabric_upholstery_labels (2 ткани) у 14-1, 14-2, 16-*, 17-*, 18-*; у 15-1 и 15-2 выбора ткани в данных нет","EXACT","было: текст июльского прохода агента + общая приписка импорта; стало: editorial-pass-20261010, family oliver-bed, источники - evidence",""
"prod_01KNTBXADHWB8K6BN1ZBM7WEWG","ol-17-1","OL-17-1","Двуспальная кровать Оливер (160 × 200)","oliver-bed","Оливер","Кровать","Основная двуспальная кровать Oliver: матрас 160 × 200 см, корпус 169 × 213 см, изголовье высотой 118 см. Высокое тканевое изголовье - Lorna или Lillian на выбор - собирает спальню вокруг кровати и делает удобной посадку с книгой.

Вокруг этого формата строится остальная линейка: версия без изножья, версия с подъёмным механизмом и широкая 180 × 200 см.

Есть варианты исполнения - уточним в заявке","Кровать с высоким арочным изголовьем и мягкой панелью в раме. По центру панели - овальный медальон, по краям поднимаются точёные стойки с шарами-навершиями.

В изножье - такая же мягкая панель между стойками, поэтому кровать выглядит законченной с любой стороны. Ткань обивки выбирается из 2 вариантов.","REWRITE","фото всех 10: одинаковое изголовье; изножье с мягкой панелью у -1, низкая царга у -2; fabric_upholstery_labels (2 ткани) у 14-1, 14-2, 16-*, 17-*, 18-*; у 15-1 и 15-2 выбора ткани в данных нет","EXACT","было: текст июльского прохода агента + общая приписка импорта; стало: editorial-pass-20261010, family oliver-bed, источники - evidence",""
"prod_01KNTBXADHZ2MG5CDS4EAVG1RJ","ol-17-2","OL-17-2","Двуспальная кровать Оливер (160 × 200) без изножья","oliver-bed","Оливер","Кровать","Двуспальная кровать Oliver 160 × 200 см без изножья: корпус 169 × 213 см, изголовье 118 см с обивкой Lorna или Lillian. Вариант для спальни, где в ногах кровати проходит основной маршрут - открытый край не цепляет и зрительно освобождает центр комнаты.

Есть варианты исполнения - уточним в заявке","Кровать с высоким арочным изголовьем и мягкой панелью в раме. По центру панели - овальный медальон, по краям поднимаются точёные стойки с шарами-навершиями.

Изножья нет: спальное место заканчивается низкой царгой, и в небольшой комнате кровать выглядит свободнее. Ткань обивки выбирается из 2 вариантов.","REWRITE","фото всех 10: одинаковое изголовье; изножье с мягкой панелью у -1, низкая царга у -2; fabric_upholstery_labels (2 ткани) у 14-1, 14-2, 16-*, 17-*, 18-*; у 15-1 и 15-2 выбора ткани в данных нет","EXACT","было: текст июльского прохода агента + общая приписка импорта; стало: editorial-pass-20261010, family oliver-bed, источники - evidence",""
"prod_01KNTBXADH2J4J6TDA5AHYNVV7","ol-17-3","OL-17-3","Двуспальная кровать Оливер (160 × 200) с подъёмным механизмом","oliver-bed-lift","Оливер","Кровать","Двуспальная кровать Oliver 160 × 200 см с подъёмным механизмом: основание с матрасом поднимается, открывая место для хранения под матрасом. Габариты корпуса - 169 × 213 см.

Изголовье высотой 118 см, обивка - Lorna или Lillian.

Есть варианты исполнения - уточним в заявке","Основание кровати поднимается вместе с матрасом, а под ним открывается место для хранения. Короб опущен почти до пола, поэтому кровать стоит на сплошном цоколе, а не на ножках.

Изголовье - то же, что у других кроватей Оливера: арочная рама, мягкая панель и медальон по центру. Ткань обивки выбирается из 2 вариантов.","REWRITE","название: с подъёмным механизмом; фото: сплошной короб до пола, арочное изголовье с медальоном; fabric_upholstery_labels: 2 ткани","EXACT","было: текст июльского прохода агента + общая приписка импорта; стало: editorial-pass-20261010, family oliver-bed-lift, источники - evidence",""
"prod_01KNTBXADHE1YFJS2VEPCRJJBN","ol-18-1","OL-18-1","Двуспальная кровать Оливер (180 × 200)","oliver-bed","Оливер","Кровать","Самая широкая кровать Oliver: матрас 180 × 200 см, корпус 189 × 213 см. Формат для просторной спальни - вдвоём на таком матрасе не делят территорию.

Изголовье высотой 118 см с тканевой обивкой Lorna или Lillian удерживает пропорции даже при такой ширине; в пару подойдут прикроватные тумбочки линейки.

Есть варианты исполнения - уточним в заявке","Кровать с высоким арочным изголовьем и мягкой панелью в раме. По центру панели - овальный медальон, по краям поднимаются точёные стойки с шарами-навершиями.

В изножье - такая же мягкая панель между стойками, поэтому кровать выглядит законченной с любой стороны. Ткань обивки выбирается из 2 вариантов.","REWRITE","фото всех 10: одинаковое изголовье; изножье с мягкой панелью у -1, низкая царга у -2; fabric_upholstery_labels (2 ткани) у 14-1, 14-2, 16-*, 17-*, 18-*; у 15-1 и 15-2 выбора ткани в данных нет","EXACT","было: текст июльского прохода агента + общая приписка импорта; стало: editorial-pass-20261010, family oliver-bed, источники - evidence",""
"prod_01KNTBXADJ9A2N7GQFHZ4JTGD8","ol-18-2","OL-18-2","Двуспальная кровать Оливер (180 × 200) без изножья","oliver-bed","Оливер","Кровать","Широкая двуспальная кровать Oliver 180 × 200 см в версии без изножья. При корпусе почти два метра шириной открытый нижний край важен вдвойне: он не даёт кровати превратиться в закрытый «короб» и сохраняет проход.

Изголовье 118 см, обивка на выбор - Lorna или Lillian.

Есть варианты исполнения - уточним в заявке","Кровать с высоким арочным изголовьем и мягкой панелью в раме. По центру панели - овальный медальон, по краям поднимаются точёные стойки с шарами-навершиями.

Изножья нет: спальное место заканчивается низкой царгой, и в небольшой комнате кровать выглядит свободнее. Ткань обивки выбирается из 2 вариантов.","REWRITE","фото всех 10: одинаковое изголовье; изножье с мягкой панелью у -1, низкая царга у -2; fabric_upholstery_labels (2 ткани) у 14-1, 14-2, 16-*, 17-*, 18-*; у 15-1 и 15-2 выбора ткани в данных нет","EXACT","было: текст июльского прохода агента + общая приписка импорта; стало: editorial-pass-20261010, family oliver-bed, источники - evidence",""
"prod_01KNTBXADJNM2C7N1WJDACRGR2","ol-21-1","OL-21-1","Раздвижной обеденный стол Оливер","oliver-dining-table","Оливер","Стол","Обеденный стол Oliver с раздвижной столешницей: в разложенном виде 194 × 100 см - за таким столом свободно рассаживается большая семья с гостями. Механизм раскладки позволяет держать стол компактнее в будни и раскрывать его по случаю.

Высота - стандартные 78 см; стулья Oliver с обивкой на выбор продолжают комплект.

Есть варианты исполнения - уточним в заявке","Обеденный стол с овальной столешницей на 2 точёных опорах, соединённых перемычкой. Опоры стоят ближе к центру, поэтому стулья свободно встают вдоль всего стола.

Столешница раздвигается: в обычные дни стол остаётся компактным, а к приходу гостей становится больше.","REWRITE","название: раздвижной; фото: овальная столешница, 2 точёные опоры на перемычке","EXACT","было: текст июльского прохода агента + общая приписка импорта; стало: editorial-pass-20261010, family oliver-dining-table, источники - evidence",""
"prod_01KNTBXADJHD78QK7PQ1FM260H","ol-23-1","OL-23-1","Стул Оливер","oliver-chair","Оливер","Стул","Стул Oliver - 48 × 46 см в плане, высота по спинке 90,5 см. Обивка выбирается из пяти тканей: Leona, Linda, Lorna, Torno или Lillian, поэтому комплект стульев можно собрать и строго в тон, и с намеренным разнобоем.

Естественная пара - раздвижной обеденный стол коллекции.

Есть варианты исполнения - уточним в заявке","Стул с мягким сиденьем и мягкой вставкой в спинке. Передние ножки изогнуты, спинка обрамлена тонкой рамой.

Ткань обивки выбирается из 5 вариантов. Стул ставят к раздвижному обеденному столу Оливера или к туалетному столику.","REWRITE","фото: мягкое сиденье и вставка в спинке, изогнутые передние ножки; fabric_upholstery_labels: 5 тканей","EXACT","было: текст июльского прохода агента + общая приписка импорта; стало: editorial-pass-20261010, family oliver-chair, источники - evidence",""
"prod_01KNTBXADK9SGFKMJV82MA9F4S","ol-25-1","OL-25-1","Столовый комод Оливер","oliver-sideboard-low","Оливер","Комод","Столовый комод Oliver - низкий и длинный: 169 см по фронту при высоте 94 см. В столовой он работает буфетной базой: внутри - посуда и скатерти, столешница - место сервировки и подачи.

Формат перекликается с широким спальным комодом линейки, но рассчитан на столовую зону; над ним хорошо встают часы или зеркало Oliver.

Есть варианты исполнения - уточним в заявке","Низкий длинный комод для столовой: 3 ящика в верхнем ряду и распашные дверцы под ними. За дверцами помещаются посуда и скатерти, в ящиках - приборы и салфетки.

Столешница на удобной высоте подходит для сервировки. Вместе с буфетным шкафом или витриной Оливера комод собирает столовую в одной линии.","REWRITE","фото: 3 ящика сверху, распашные дверцы под ними; габариты: длинный и низкий","EXACT","было: текст июльского прохода агента + общая приписка импорта; стало: editorial-pass-20261010, family oliver-sideboard-low, источники - evidence",""
"prod_01KNTBXADM9PT13B1VAYEPXEHE","ol-26-1","OL-26-1","Буфетный шкаф Оливер со стеклом и филенками","oliver-buffet","Оливер","Шкаф","Буфетный шкаф Oliver высотой 211 см сочетает два режима хранения: застеклённая часть показывает посуду и стекло, глухие филёнчатые фасады скрывают всё остальное. Корпус 100 × 52 см достаточно глубок для крупной посуды.

Филёнки - рельеф фасадов коллекции: фасад получает рельеф и тень - высокий шкаф не выглядит плоским.

Есть варианты исполнения - уточним в заявке","Корпус разделён на 2 части: наверху - застеклённые дверцы с полками, внизу - глухие филёнчатые. Между ними остаётся открытая ниша для того, что нужно под рукой.

Арочный карниз и точёные ножки связывают буфет со столовым комодом и витриной Оливера.","REWRITE","название: со стеклом и филёнками; фото: стеклянные дверцы, ниша, глухие дверцы","EXACT","было: текст июльского прохода агента + общая приписка импорта; стало: editorial-pass-20261010, family oliver-buffet, источники - evidence",""
"prod_01KNTBXADN9KCCPKCH27V1RRBF","ol-26-2","OL-26-2","Шкаф-витрина Оливер","oliver-vitrine","Оливер","Шкаф","Шкаф-витрина Oliver: 103 см по фронту, 43 см в глубину, 211 см в высоту. В отличие от буфетного шкафа линейки, витрина отдаёт стеклу практически весь фронт - это предмет для того, что хочется показывать: сервизов, стекла, коллекций.

Сравнительно небольшая глубина не даёт высокому корпусу давить на комнату.

Есть варианты исполнения - уточним в заявке","Витрина с 2 застеклёнными дверцами почти на всю высоту и ящиком внизу. Стекло открывает полки целиком, поэтому посуда или коллекция видны с любого места в комнате.

В отличие от буфетного шкафа, глухих фасадов здесь нет: витрина целиком работает на показ.","REWRITE","фото: 2 стеклянные дверцы почти на всю высоту, ящик внизу","EXACT","было: текст июльского прохода агента + общая приписка импорта; стало: editorial-pass-20261010, family oliver-vitrine, источники - evidence",""
"prod_01KNTBXADP6726CTE85A445K6N","ol-30-1","OL-30-1","Часы Оливер","oliver-clock","Оливер","Часы","Часы Oliver в деревянном корпусе 30 × 42 см при глубине всего 3,6 см. Это готовый предмет без вариантов исполнения - та деталь, которая связывает большую мебель коллекции в цельную комнату: над столовым комодом, письменным столом или консолью.

Вертикальный формат корпуса повторяет пропорции фасадов Oliver.

Есть варианты исполнения - уточним в заявке","Настенные часы в корпусе с арочным верхом и точёными столбиками по бокам. Под циферблатом - цветочный рисунок.

Часы повторяют силуэт шкафов Оливера в малом масштабе и подходят для спальни, гостиной или детской.","REWRITE","фото: арочный верх, точёные столбики с навершиями, цветочный рисунок под циферблатом","EXACT","было: текст июльского прохода агента + общая приписка импорта; стало: editorial-pass-20261010, family oliver-clock, источники - evidence",""
"prod_01KNTBXADQK0E63VFJ0KQPKRVX","ol-42-1","OL-42-1","Тумба для телевизора Оливер","oliver-tv-stand","Оливер","Тумба","Тумба Oliver под телевизор: 122 см в ширину, 47 см в глубину, 53 см в высоту. Низкая посадка оставляет экран на правильной высоте для просмотра с дивана, а корпус вмещает приставки и всё сопутствующее.

Выдержана в общем характере коллекции, поэтому гостиная с диваном и креслом Oliver собирается в цельную комнату.

Есть варианты исполнения - уточним в заявке","По краям - закрытые отделения с дверцами, в центре - открытая ниша с полкой. Нижний край оформлен фигурным подзором, ножки точёные.

В нише удобно держать приставку и колонки, за дверцами - провода, диски и пульты.","REWRITE","фото: 2 дверцы по краям, открытая ниша с полкой, подзор, точёные ножки","EXACT","было: текст июльского прохода агента + общая приписка импорта; стало: editorial-pass-20261010, family oliver-tv-stand, источники - evidence",""
"prod_01KNTBXADQK9VZ1N1X6CVH02J8","ol-43-1","OL-43-1","Круглый чайный столик Оливер","oliver-tea-table-round","Оливер","Стол","Круглый чайный столик Oliver диаметром 60 см и высотой 75 см. Круглая столешница без углов удобна в центре мягкой зоны - вокруг неё свободно двигаются, а чашке и книге места достаточно.

Лёгкий предмет, который не требует планировки: его просто подвигают туда, где сейчас сидят.

Есть варианты исполнения - уточним в заявке","Столешница опирается на одну точёную ножку с 3 изогнутыми опорами. Без углов и лишних ножек столик удобно поставить у кресла или между креслами.

В пару к нему подходят кресло или малый диван Оливера.","REWRITE","название: круглый; фото: точёная центральная ножка, 3 изогнутые опоры","EXACT","было: текст июльского прохода агента + общая приписка импорта; стало: editorial-pass-20261010, family oliver-tea-table-round, источники - evidence",""
"prod_01KNTBXADR7DXSVHCM6Q99129G","ol-44-1","OL-44-1","Консоль Оливер","oliver-console","Оливер","Консоль","Консоль Oliver: 100 см в длину при глубине всего 35 см и высоте 80 см. Предмет для мест, куда стол не встаёт, - прихожей, простенка, стены коридора: ключи, почта, лампа, цветы.

Узкий корпус не мешает проходу, а высота 80 см удобна для пользования стоя.

Есть варианты исполнения - уточним в заявке","Неглубокая консоль на высоких точёных ножках с одним ящиком в подстолье. Ей хватает узкой полосы у стены - в прихожей, в простенке или за диваном.

Над консолью хорошо смотрится овальное навесное зеркало Оливера.","REWRITE","фото: один ящик, высокие точёные ножки; габариты: малая глубина","EXACT","было: текст июльского прохода агента с битым префиксом «Тип Имя:» + приписка импорта; стало: editorial-pass-20261010, family oliver-console, источники - evidence",""
"prod_01KNTBXADRDXMGB8JRMAB1JHPS","ol-44-2","OL-44-2","Консоль Оливер с полками","oliver-console-shelves","Оливер","Консоль","Расширенная версия консоли Oliver: 126 см в длину, глубина 35,5 см, высота 94 см - с открытыми полками под столешницей. Полки превращают консоль из «поверхности для ключей» в маленькую библиотеку или витрину прихожей, не прибавляя глубины.

Хороший способ занять узкую стену осмысленно.

Есть варианты исполнения - уточним в заявке","Под столешницей - 2 ящика, ниже - открытые полки. Полки превращают консоль в небольшой стеллаж для книг, корзин или посуды.

Она шире и выше простой консоли Оливера, но остаётся такой же неглубокой.","REWRITE","название: с полками; фото: 2 ящика, 2 открытые полки; габариты: шире и выше ol-44-1 при той же глубине","EXACT","было: текст июльского прохода агента + общая приписка импорта; стало: editorial-pass-20261010, family oliver-console-shelves, источники - evidence",""
"prod_01KNTBXADSNY1JKR33SC2FRJX5","ol-55-1","OL-55-1","Малая банкетка Оливер","oliver-bench-small","Оливер","Банкетка","Малая банкетка Oliver - 42 × 35 см при высоте 44 см: компактное мягкое сиденье к туалетному столику или в изголовье прихожей. Обивка выбирается из трёх тканей - Leona, Lorna или Torno, - так что банкетку легко увязать с кроватью или сундуком коллекции.

Лёгкая и переставляемая: её место там, где сейчас нужно присесть.

Есть варианты исполнения - уточним в заявке","Небольшая квадратная банкетка с мягким сиденьем на точёных ножках. Её место - у туалетного столика или в прихожей.

Ткань сиденья выбирается из 3 вариантов.","REWRITE","фото: квадратное мягкое сиденье, точёные ножки; fabric_upholstery_labels: 3 ткани","EXACT","было: текст июльского прохода агента + общая приписка импорта; стало: editorial-pass-20261010, family oliver-bench-small, источники - evidence",""
"prod_01KNTBXADSBJMRQ63HAENWJ880","ol-55-2","OL-55-2","Большая банкетка Оливер","oliver-bench-large","Оливер","Банкетка","Большая банкетка Oliver длиной 97 см при глубине 35 см и высоте сиденья 41,5 см. Классическое место - у изножья кровати: на неё кладут плед и одежду, на неё же садятся обуваться.

Узкая посадка не крадёт проход. Парная малая банкетка того же характера работает у туалетного столика.

Есть варианты исполнения - уточним в заявке","Длинная банкетка с мягким сиденьем на точёных ножках. У изножья кровати на неё удобно присесть или положить плед.

В прихожей она заменяет скамью, на которой переобуваются.","REWRITE","фото: длинное мягкое сиденье, точёные ножки","EXACT","было: текст июльского прохода агента + общая приписка импорта; стало: editorial-pass-20261010, family oliver-bench-large, источники - evidence",""
"prod_01KNTBXADV8375RHNBHRQMXQ87","ol-56-1","OL-56-1","Кресло Оливер","oliver-armchair","Оливер","Кресло","Кресло Oliver: 81 см в ширину, 71 см в глубину, спинка 85 см. Полноразмерное посадочное место - для чтения у окна или как пара к дивану линейки.

Обивка - ткань Lillian, та же, что используется на диванах Oliver, поэтому мягкая группа собирается в один ансамбль без подбора.

Есть варианты исполнения - уточним в заявке","Кресло с высокими подлокотниками и мягкой обивкой внутри рамы. Стойки с шарами-навершиями и фигурный подзор повторяют изголовья кроватей Оливера.

Его ставят для чтения у окна или в пару к малому дивану серии.","REWRITE","фото: высокие подлокотники, мягкая обивка внутри рамы, стойки с шарами","EXACT","было: текст июльского прохода агента с битым префиксом «Тип Имя:» + приписка импорта; стало: editorial-pass-20261010, family oliver-armchair, источники - evidence",""
"prod_01KNTBXADVZVCXPHMZ1K8VZAJS","ol-57-1","OL-57-1","Малый диван Оливер","oliver-sofa-small","Оливер","Диван","Малый диван Oliver: 163 см по фронту, глубина 91 см, спинка 93 см - посадка на двоих для гостиной, кабинета или спальни. Обивка - ткань Lilian, единая с креслом и большим диваном линейки, поэтому мягкую группу можно наращивать постепенно, не боясь разнобоя.

Для компактных комнат это основной, а не «дополнительный» диван.

Есть варианты исполнения - уточним в заявке","Небольшой диван с изогнутой спинкой и боковинами одной высоты, по силуэту похожий на кушетку. Мягкая обивка закреплена внутри рамы со стойками и навершиями.

Диван рассчитан на двоих и подходит для гостиной, кабинета или просторной спальни.","REWRITE","фото: изогнутая спинка, боковины одной высоты, мягкая стёжка; габариты: посадка на двоих","EXACT","было: текст июльского прохода агента + общая приписка импорта; стало: editorial-pass-20261010, family oliver-sofa-small, источники - evidence",""
"prod_01KNTBXADVKWH122FJREKPT5GD","ol-57-2","OL-57-2","Большой диван Оливер","oliver-sofa-large","Оливер","Диван","Большой диван Oliver: 201 см по фронту при глубине 91 см - полноценная посадка на троих, центр гостиной. Обивка - ткань Lilian, общая для всей мягкой линейки Oliver; вместе с малым диваном и креслом собирается классическая композиция «три плюс два плюс один».

Спинка высотой 93 см держит удобный наклон для долгого сидения.

Есть варианты исполнения - уточним в заявке","Большой диван с изогнутой спинкой и высокими боковинами. Сиденье и спинка обиты тканью, а рама со стойками и навершиями остаётся открытой.

По ширине он рассчитан на троих и может стать центром гостиной. В пару подходит малый диван той же формы.","REWRITE","фото: изогнутая спинка, высокие боковины, открытая рама; габариты: посадка на троих","EXACT","было: текст июльского прохода агента + общая приписка импорта; стало: editorial-pass-20261010, family oliver-sofa-large, источники - evidence",""
"prod_01KNTBXADVAA49T6H127BKKJK1","ol-57-3","OL-57-3","Малый диван-кровать Оливер (140 × 190)","oliver-sofa-bed-small","Оливер","Диван","Диван-кровать Oliver в малом формате: по фронту 163 см, в разложенном виде - спальное место 140 × 190 см. Это решение для комнаты с двойной жизнью: кабинет или гостиная днём, спальня для гостей ночью.

Внешне повторяет малый диван линейки, так что «спальная» функция не считывается, пока диван сложен.

Есть варианты исполнения - уточним в заявке","Небольшой диван с изогнутой спинкой и боковинами, который превращается в спальное место. Днём это диван, ночью - кровать для гостя.

Рама со стойками и навершиями роднит его с кроватями и креслом Оливера.","REWRITE","название: диван-кровать; фото: изогнутая спинка и боковины в раме со стойками","EXACT","было: текст июльского прохода агента + общая приписка импорта; стало: editorial-pass-20261010, family oliver-sofa-bed-small, источники - evidence",""
"prod_01KNTBXADVBQXBYEJC03XRAF81","ol-61-1","OL-61-1","Книжный шкаф Оливер со стеклом","oliver-bookcase-glass","Оливер","Шкаф","Книжный шкаф Oliver: 103 см по фронту, 43 см в глубину, 211 см в высоту, фасады со стеклом. Стекло здесь практично - корешки видны и остаются частью интерьера, но не пылятся.

Формат корпуса совпадает с открытым стеллажом линейки, поэтому их можно ставить рядом: открытые полки для часто используемого, стекло - для остального.

Есть варианты исполнения - уточним в заявке","Верхние дверцы застеклены, нижние - глухие. Стекло разделено переплётом на небольшие клетки, корешки книг остаются видны.

Габариты совпадают со стеллажом и витриной Оливера, поэтому вместе они собираются в библиотечную стену.","REWRITE","название: со стеклом; фото: застеклённые дверцы с переплётом, 2 глухие дверцы; габариты совпадают с ol-62-1","EXACT","было: текст июльского прохода агента + общая приписка импорта; стало: editorial-pass-20261010, family oliver-bookcase-glass, источники - evidence",""
"prod_01KNTBXADVQ5PEJPEQG5B9X3KX","ol-61-2","OL-61-2","Кабинетный шкаф Оливер","oliver-study-cabinet","Оливер","Шкаф","Кабинетный шкаф Oliver с горизонтальной компоновкой: 218 см по фронту при высоте всего 112 см и глубине 43 см. В кабинете он работает как длинная база вдоль стены - хранение бумаг и книг снизу, рабочая поверхность по всей длине сверху, место для картин или полок над ним.

Альтернатива высоким шкафам там, где стену не хочется закрывать целиком.

Есть варианты исполнения - уточним в заявке","Низкий широкий шкаф для кабинета: по краям - застеклённые отделения, в центре - открытые полки. Столешница остаётся поверхностью для папок и лампы.

Горизонтальная компоновка позволяет поставить шкаф под окном или вдоль длинной стены.","REWRITE","фото: застеклённые отделения по краям, открытые полки в центре; габариты: низкий и длинный","EXACT","было: текст июльского прохода агента + общая приписка импорта; стало: editorial-pass-20261010, family oliver-study-cabinet, источники - evidence",""
"prod_01KNTBXADV29H43B35KXJJBA18","ol-62-1","OL-62-1","Стеллаж для книг Оливер","oliver-bookcase-open","Оливер","Стеллаж","Открытый книжный стеллаж Oliver: 103 см по фронту, 43 см в глубину, 211 см в высоту. Открытые полки держат библиотеку под рукой и не утяжеляют комнату - стеллаж читается легче глухого шкафа той же высоты.

Корпус совпадает по формату с книжным шкафом со стеклом, вместе они собираются в библиотечную стену.

Есть варианты исполнения - уточним в заявке","Высокий стеллаж с открытыми полками и закрытым отделением с 2 дверцами внизу. Верх завершает арочный карниз с навершиями, как у шкафов Оливера.

Книги остаются на виду, а коробки и папки уходят за дверцы. По ширине и высоте стеллаж совпадает с книжным шкафом и витриной серии, поэтому их можно поставить в один ряд.","REWRITE","фото: открытые полки, 2 дверцы внизу, арочный карниз с навершиями; габариты совпадают с ol-61-1 и ol-26-2","EXACT","было: текст июльского прохода агента + общая приписка импорта; стало: editorial-pass-20261010, family oliver-bookcase-open, источники - evidence",""
"prod_01KNTBXADWGB0430GYR8RJR7EM","ol-62-2","OL-62-2","Широкий стеллаж Оливер","oliver-shelving-wide","Оливер","Стеллаж","Широкий стеллаж Oliver: 123 см по фронту, высота 146 см - ниже человеческого роста, поэтому он не перегораживает комнату и может стоять не только у стены, но и работать мягкой границей зоны. Верхняя плоскость на высоте 146 см остаётся полезной - для растений, ламп или коробок.

Есть варианты исполнения - уточним в заявке","Широкий стеллаж ниже человеческого роста с открытыми полками. Верх с фигурным бортиком остаётся свободной поверхностью для ламп и рамок.

Невысокий стеллаж не перегораживает комнату, его можно поставить под окном или вдоль длинной стены.","REWRITE","фото: открытые полки, фигурный верх; габариты: ниже человеческого роста","EXACT","было: текст июльского прохода агента + общая приписка импорта; стало: editorial-pass-20261010, family oliver-shelving-wide, источники - evidence",""
"prod_01KNTBXADW4RDEYGV3MPTD64ZR","ol-64-1","OL-64-1","Стол-бюро Оливер","oliver-bureau","Оливер","Стол","Стол-бюро Oliver: рабочая столешница 156 × 70 см и надстройка, поднимающая предмет до 128,5 см. Надстройка держит бумаги, книги и мелочи на уровне глаз - рабочее место собрано в одном предмете и не расползается по комнате.

Формат для домашнего кабинета, который живёт в гостиной или спальне.

Есть варианты исполнения - уточним в заявке","Письменный стол с надстройкой: над столешницей - ярус небольших ящиков и ниш под арочным верхом. Под столешницей - 2 тумбы с дверцами и ящики в подстолье.

Надстройка держит бумаги, письма и мелочи под рукой, а рабочая поверхность остаётся свободной.","REWRITE","фото: надстройка с небольшими ящиками и нишами под арочным верхом, 2 тумбы с дверцами, ящики в подстолье","EXACT","было: текст июльского прохода агента + общая приписка импорта; стало: editorial-pass-20261010, family oliver-bureau, источники - evidence",""
"prod_01KNTBXADW0MYZ9SEBBAYPS5V4","ol-65","OL-65-1","Однотумбовый письменный стол Оливер","oliver-desk-1ped","Оливер","Стол","Письменный стол Oliver с одной опорной тумбой: столешница 116 × 60 см, высота 78 см. Тумба закрывает хранение под правой рукой, левая сторона остаётся открытой - под стул и свободную посадку.

В линейке есть зеркальная версия с тумбой слева: выбирают по тому, какой рукой пишут и куда падает свет.

Есть варианты исполнения - уточним в заявке","Письменный стол с одной тумбой справа: за её дверцей - полки, под столешницей - ящики. Слева остаётся открытое место для ног и стула.

Тумба стоит на точёных ножках с фигурным подзором, как комоды Оливера.","REWRITE","pedestal_filling: справа полки; фото: тумба с дверцей справа, ящики в подстолье, открытое место слева","EXACT","было: текст июльского прохода агента + общая приписка импорта; стало: editorial-pass-20261010, family oliver-desk-1ped, источники - evidence",""
"prod_01KNTBXADWTF7DF2JX8E3P9YYQ","ol-66-1","OL-66-1","Двухтумбовый письменный стол Оливер (полки с обеих сторон)","oliver-desk-2ped","Оливер","Стол","Двухтумбовый письменный стол Oliver: столешница 156 × 70 см на двух опорных тумбах. Классическая кабинетная схема - хранение с обеих сторон, посадка по центру, стол способен стоять не только у стены, но и в центре кабинета.

Формат для тех, кто работает за столом ежедневно и подолгу.

Есть варианты исполнения - уточним в заявке","Письменный стол на 2 тумбах с дверцами, за которыми - полки. В подстолье - ящики, между тумбами - место для стула.

Хранение по обе руки - классическая кабинетная схема. Фигурный подзор и точёные ножки сохраняют облик Оливера.","REWRITE","pedestal_filling: полки с обеих сторон; фото: 2 тумбы с дверцами, ящики в подстолье","EXACT","было: текст июльского прохода агента + общая приписка импорта; стало: editorial-pass-20261010, family oliver-desk-2ped, источники - evidence",""
"prod_01KNTBXADWW99PZJQFM2H9X7BK","ol-66-4","OL-66-4","Двухтумбовый кабинетный стол Оливер (полки с обеих сторон)","oliver-desk-2ped-study","Оливер","Стол","Кабинетная версия двухтумбового письменного стола Oliver: та же ширина 156 см, но глубина увеличена до 72 см - больше места между краем столешницы и монитором или бумагами. Две опорные тумбы дают симметричное хранение - формат полноценного домашнего кабинета.

Есть варианты исполнения - уточним в заявке","Кабинетный стол на 2 тумбах с дверцами и полками за ними. Он глубже двухтумбового письменного стола Оливера, поэтому на столешнице больше места для работы с бумагами.

В подстолье - ящики, а подзор с фигурным вырезом в центре оставляет место для ног.","REWRITE","pedestal_filling: полки с обеих сторон; габариты: глубже ol-66-1 при той же ширине; фото: подзор с фигурным вырезом в центре","EXACT","было: текст июльского прохода агента + общая приписка импорта; стало: editorial-pass-20261010, family oliver-desk-2ped-study, источники - evidence",""
"prod_01KNTBXADW4ZCGJCC9RTC6Z5KC","ol-67-1","OL-67-1","Рабочий стол Оливер","oliver-work-table","Оливер","Стол","Рабочий стол Oliver без опорных тумб: столешница 110 × 60 см, высота 79 см. Самый лёгкий стол линейки - открытый низ не загромождает комнату, а компактная столешница вмещает ноутбук, лампу и бумаги.

Если хранения не хватает, рядом встают этажерки или полки коллекции.

Есть варианты исполнения - уточним в заявке","Рабочий стол без тумб: 3 ящика в подстолье и 4 точёные ножки. Открытый низ делает стол лёгким, его удобно поставить у окна или в небольшой комнате.

Это самый простой стол Оливера: для ноутбука и бумаг места хватает, а комната не превращается в кабинет.","REWRITE","фото: 3 ящика в подстолье, 4 точёные ножки, без тумб","EXACT","было: текст июльского прохода агента + общая приписка импорта; стало: editorial-pass-20261010, family oliver-work-table, источники - evidence",""
"prod_01KNTBXADW6ZWB6HTCJ0C4XPY1","ol-68-1","OL-68-1","Малая этажерка Оливер, 3 полки","oliver-etagere","Оливер","Этажерка","Малая этажерка Oliver: три открытые полки, 85 см по фронту, 32 см глубины, высота 91 см. Лёгкая открытая конструкция - для книг у рабочего места, цветов у окна или полотенец в ванной комнате.

Ниже подоконника, поэтому встаёт и под окно.

Есть варианты исполнения - уточним в заявке","Открытая этажерка на точёных стойках с шарами-навершиями. Без боковин и задней стенки она выглядит легко и не загораживает свет.

На полках удобно держать книги, растения или корзины.","REWRITE","фото обеих: точёные стойки с навершиями, без боковин и задней стенки; одинаковые фронт и глубина","EXACT","было: текст июльского прохода агента + общая приписка импорта; стало: editorial-pass-20261010, family oliver-etagere, источники - evidence",""
"prod_01KNTBXADW4A481E827ASE6FW3","ol-68-2","OL-68-2","Большая этажерка Оливер, 6 полок","oliver-etagere","Оливер","Этажерка","Большая этажерка Oliver: шесть открытых полок при фронте 85 см и высоте 198 см. Это уже полноценный открытый стеллаж - только легче: без боковых стенок и задника этажерка не давит даже в небольшой комнате.

Полки на разной высоте удобно распределять между книгами, коробками и предметами.

Есть варианты исполнения - уточним в заявке","Открытая этажерка на точёных стойках с шарами-навершиями. Без боковин и задней стенки она выглядит легко и не загораживает свет.

На полках удобно держать книги, растения или корзины.","REWRITE","фото обеих: точёные стойки с навершиями, без боковин и задней стенки; одинаковые фронт и глубина","EXACT","было: текст июльского прохода агента + общая приписка импорта; стало: editorial-pass-20261010, family oliver-etagere, источники - evidence",""
"prod_01KNTBXADWPT0F9X7Y2SATPPGV","ol-69-1","OL-69-1","Одноярусная книжная полка Оливер","oliver-wall-shelf","Оливер","Полка","Навесная книжная полка Oliver в один ярус: 92 см длины, высота 47 см. Базовый элемент настенного хранения линейки - над письменным столом, консолью или изголовьем.

В серии есть двух- и трёхъярусные версии той же ширины: ярусность наращивается по мере роста библиотеки.

Есть варианты исполнения - уточним в заявке","Навесная книжная полка с фигурной задней стенкой и боковинами, которые заканчиваются точёными стойками. Её вешают над письменным столом, комодом или кроватью.

Один ярус подходит для небольшого ряда книг или рамок.","REWRITE","family_key oliver:t69:polka-knizhnaya; фото: одинаковые боковины и фигурный верх, ячейки у 69-2 и 69-3; одинаковая ширина","EXACT","было: текст июльского прохода агента + общая приписка импорта; стало: editorial-pass-20261010, family oliver-wall-shelf, источники - evidence",""
"prod_01KNTBXADX120D41J3EXQASJ8Q","ol-69-2","OL-69-2","Двухъярусная книжная полка Оливер","oliver-wall-shelf","Оливер","Полка","Двухъярусная версия книжной полки Oliver: те же 92 см по ширине, высота 55 см, два ряда под книги. Средний формат серии - уже настоящее книжное хранение над столом, но ещё не стеллаж.

Глубина полок - 17,5 см.

Есть варианты исполнения - уточним в заявке","Навесная книжная полка с фигурной задней стенкой и боковинами, которые заканчиваются точёными стойками. Её вешают над письменным столом, комодом или кроватью.

Нижний ярус разделён перегородками на ячейки - для книг, коробок и мелочей.","REWRITE","family_key oliver:t69:polka-knizhnaya; фото: одинаковые боковины и фигурный верх, ячейки у 69-2 и 69-3; одинаковая ширина","EXACT","было: текст июльского прохода агента + общая приписка импорта; стало: editorial-pass-20261010, family oliver-wall-shelf, источники - evidence",""
"prod_01KNTBXADXD2X796J2TJ8SAG74","ol-69-3","OL-69-3","Трёхъярусная книжная полка Оливер","oliver-wall-shelf","Оливер","Полка","Трёхъярусная книжная полка Oliver: 92 см по ширине, высота 79 см. Старшая модель настенной серии - три ряда книг на стене вместо напольного стеллажа: решение для комнаты, где пол уже занят.

Совпадающая с младшими моделями ширина позволяет комбинировать полки серии на одной стене ровными рядами.

Есть варианты исполнения - уточним в заявке","Навесная книжная полка с фигурной задней стенкой и боковинами, которые заканчиваются точёными стойками. Её вешают над письменным столом, комодом или кроватью.

Нижний ярус разделён перегородками на ячейки, над ним - открытые полки. Это самая вместительная полка серии.","REWRITE","family_key oliver:t69:polka-knizhnaya; фото: одинаковые боковины и фигурный верх, ячейки у 69-2 и 69-3; одинаковая ширина","EXACT","было: текст июльского прохода агента + общая приписка импорта; стало: editorial-pass-20261010, family oliver-wall-shelf, источники - evidence",""
"prod_01KNTBXADXM4N27AGHDHCV5QQA","ol-69-4","OL-69-4","Угловая книжная полка Оливер","oliver-wall-shelf-corner","Оливер","Полка","Угловая книжная полка Oliver: 31 × 31 см в плане при высоте 106 см. Вертикальная колонна полок занимает угол - место, которое прямые полки использовать не могут.

Работает и соло, и как угловое завершение композиции из прямых полок серии.

Есть варианты исполнения - уточним в заявке","Узкая колонна полок с арочным верхом, которая занимает угол комнаты. На ней помещаются небольшие книги, растения и мелочи там, где прямая полка не встаёт.","REWRITE","название: угловая; фото: колонна из 3 полок, арочный верх с навершием; габариты: квадратный план","EXACT","было: текст июльского прохода агента + общая приписка импорта; стало: editorial-pass-20261010, family oliver-wall-shelf-corner, источники - evidence",""
"prod_01KNTBXADXJVJEG9YNWFYXXGQV","ol-81-1","OL-81-1","Детский столик Оливер","oliver-kids-table","Оливер, детская","Стол","Детский стол линии Oliver Kids: столешница 78 × 58 см на высоте 57 см - это посадка ребёнка дошкольного возраста, за которой удобно рисовать, лепить и собирать конструктор без взрослого стула с подушками. Выдержан в характере взрослой коллекции Oliver, поэтому детская не выпадает из общего языка квартиры; в пару выпускается детский стул той же линии.

Есть варианты исполнения - уточним в заявке","В подстолье - ящик, ножки точёные. На столешнице - небольшой цветочный рисунок.

За столиком удобно рисовать и играть, а в ящике держать карандаши и альбомы. В пару подходит детский стульчик Оливера.","REWRITE","фото: ящик в подстолье, точёные ножки, небольшой рисунок на столешнице","EXACT","было: текст июльского прохода агента + общая приписка импорта; стало: editorial-pass-20261010, family oliver-kids-table, источники - evidence",""
"prod_01KNTBXADX8CT1VKVV4SNQM2D7","ol-82-1","OL-82-1","Детский стульчик Оливер","oliver-kids-chair","Оливер, детская","Стул","Детский стул Oliver Kids: 30 × 31 см в плане, высота по спинке 71 см - геометрия под посадку дошкольника за детским столом линии. Сиденье обивается тканью на выбор из трёх: Linda, Lorna или Torno - можно поддержать текстиль остальной комнаты.

Конструкция повторяет взрослый стул Oliver в уменьшенном масштабе, без «игрушечности».

Есть варианты исполнения - уточним в заявке","Спинка собрана из вертикальных реек, сиденье мягкое. Ножки точёные, как у взрослой мебели Оливера.

Ткань сиденья выбирается из 3 вариантов. В пару к стулу - детский столик серии.","REWRITE","фото: спинка из вертикальных реек, мягкое сиденье, точёные ножки; fabric_upholstery_labels: 3 ткани","EXACT","было: текст июльского прохода агента + общая приписка импорта; стало: editorial-pass-20261010, family oliver-kids-chair, источники - evidence",""
"prod_01KNTBXADX6G2DX0ZK33HBQDSJ","ol-83-1","OL-83-1","Съёмная пеленальная столешница Оливер","oliver-kids-changing-top","Оливер, детская","Столешница","Съёмная пеленальная столешница Oliver Kids: 88 × 75 см, борта высотой 18 см. Ставится на комод и превращает его в полноценное место для пеленания на уровне рук взрослого - отдельный пеленальный стол не нужен.

Когда ребёнок вырастает, столешница просто снимается, и комод продолжает работать как обычный. Рациональная альтернатива мебели «на один год».

Есть варианты исполнения - уточним в заявке","Пеленальная столешница с бортами сзади и по бокам. Её ставят сверху на комод и снимают, когда пеленальное место больше не нужно, - комод остаётся обычным комодом.","REWRITE","название: съёмная пеленальная; фото: борта сзади и по бокам, фигурные края","EXACT","было: текст июльского прохода агента + общая приписка импорта; стало: editorial-pass-20261010, family oliver-kids-changing-top, источники - evidence",""
"prod_01KNTBXADX1KA6WGTERRHPPEV7","ol-84-1","OL-84-1","Малый бортик к кровати Оливер","oliver-kids-bed-rail","Оливер, детская","Бортик","Малый бортик Oliver Kids длиной 70 см устанавливается на детскую кровать и страхует край на время, пока ребёнок привыкает спать без решётки. Высота 30 см - достаточно, чтобы удержать спящего, но не мешает самостоятельно забираться и вылезать.

Готовый предмет без вариантов исполнения; для более длинного края кровати в линии есть бортик 100 см.

Есть варианты исполнения - уточним в заявке","Бортик устанавливается на край кровати Оливера и закрывает часть спального места сбоку. Это ровная панель со скруглёнными углами, внизу - паз для установки.

Длины 2: малый бортик закрывает короткий участок, большой - длиннее.","REWRITE","фото обоих: ровная панель со скруглёнными углами и пазом внизу; одинаковая высота и толщина","EXACT","было: текст июльского прохода агента + общая приписка импорта; стало: editorial-pass-20261010, family oliver-kids-bed-rail, источники - evidence",""
"prod_01KNTBXADX813WWJT86D6J2E9W","ol-84-2","OL-84-2","Большой бортик к кровати Оливер","oliver-kids-bed-rail","Оливер, детская","Бортик","Большой бортик Oliver Kids - 100 см длины при высоте 30 см: закрывает больший участок края, чем малая модель, оставляя при этом свободный доступ в кровать. Ставится на время перехода из кроватки с решёткой в обычную кровать и снимается, когда необходимость отпадает.

Выбор между двумя длинами зависит от кровати и от того, насколько беспокойно спит ребёнок.

Есть варианты исполнения - уточним в заявке","Бортик устанавливается на край кровати Оливера и закрывает часть спального места сбоку. Это ровная панель со скруглёнными углами, внизу - паз для установки.

Длины 2: малый бортик закрывает короткий участок, большой - длиннее.","REWRITE","фото обоих: ровная панель со скруглёнными углами и пазом внизу; одинаковая высота и толщина","EXACT","было: текст июльского прохода агента + общая приписка импорта; стало: editorial-pass-20261010, family oliver-kids-bed-rail, источники - evidence",""
"prod_01KNTBXADY87EJBJ40E55JCJBS","ol-85-1","OL-85-1","Кроватка для новорождённого Оливер (60 × 120)","oliver-kids-crib","Оливер, детская","Кровать","Кроватка Oliver Kids для новорождённого: спальное место 60 × 120 см - стандарт первых лет. Корпус 74 × 131 см при высоте 129 см выдержан в языке взрослой коллекции Oliver, поэтому детская с этой кроваткой, комодом и пеленальной столешницей линии выглядит собранной комнатой, а не набором случайных предметов.

В линии есть и приставная модель - для сна вплотную к родительской кровати.

Есть варианты исполнения - уточним в заявке","Борта решётчатые, спинка арочная, со стойками и навершиями. Под спальным местом - выдвижной ящик для пелёнок и белья.

Кроватка повторяет детали взрослых кроватей Оливера, поэтому детская и спальня родителей выглядят как одна линия.","REWRITE","фото: арочная спинка со стойками и навершиями, решётчатые борта, выдвижной ящик внизу, точёные ножки","EXACT","было: текст июльского прохода агента + общая приписка импорта; стало: editorial-pass-20261010, family oliver-kids-crib, источники - evidence",""
"prod_01KNTBXADY6TTYPEZ12QTDR456","ol-85-2","OL-85-2","Приставная кроватка Оливер с матрасом","oliver-kids-bedside-crib","Оливер, детская","Кровать","Приставная кроватка Oliver Kids ставится вплотную к родительской кровати: ребёнок спит рядом, но на своём месте - ночью не нужно вставать, достаточно протянуть руку. Габариты 58 × 97 см делают её заметно компактнее полноразмерной кроватки; матрас входит в комплект.

Формат первых месяцев, после которого обычно переходят в кроватку 60 × 120 см той же линии.

Есть варианты исполнения - уточним в заявке","Её ставят вплотную к родительской кровати: ребёнок спит рядом, но на своём месте. Корпус собран из вертикальных реек.

Кроватка идёт с матрасом.","REWRITE","название: приставная, с матрасом; фото: корпус из вертикальных реек","EXACT","было: текст июльского прохода агента + общая приписка импорта; стало: editorial-pass-20261010, family oliver-kids-bedside-crib, источники - evidence",""
"prod_01KNTBXADYWQNNEVG1XK6EAFWP","ol-86-1","OL-86-1","Каркас для балдахина Оливер","oliver-kids-canopy-holder","Оливер, детская","Балдахин","Каркас Oliver Kids для крепления балдахина над детской кроваткой: держатель 40 × 25 см, на который навешивается ткань. Балдахин рассеивает верхний свет над спящим ребёнком и закрывает кроватку от сквозняка; сам текстиль подбирается отдельно.

Готовый предмет без вариантов исполнения.

Есть варианты исполнения - уточним в заявке","Настенный держатель для балдахина: полукруглая полка на фигурном кронштейне, через которую перекидывают ткань. Его вешают на стену над изголовьем детской кроватки.","REWRITE","фото: полукруглая полка на фигурном кронштейне","EXACT","было: текст июльского прохода агента + общая приписка импорта; стало: editorial-pass-20261010, family oliver-kids-canopy-holder, источники - evidence",""
"prod_01KNTBXADY06DZQTG915QFY9BW","ol-95-1","OL-95-1","Кровать-трансформер Оливер (80 × 150) с рисунком","oliver-kids-convertible-bed","Оливер, детская","Кровать","Кровать-трансформер Oliver Kids под матрас 80 × 150 см - переходный формат между кроваткой новорождённого и взрослой кроватью. Спинку украшает рисунок - это версия для тех, кто хочет заметный детский акцент в комнате; парная модель с тканевой вставкой выглядит спокойнее.

Корпус 91 × 181 см при высоте изголовья 118 см оставляет кровати запас «на вырост» по характеру, а не только по размеру.

Есть варианты исполнения - уточним в заявке","Спинки у этой кровати-трансформера сделаны в форме саней: высокие края плавно скругляются наружу. Спереди - решётчатый борт.

Панели спинок украшены цветочным рисунком.","REWRITE","фото обоих: одинаковый корпус со спинками в форме саней и решётчатым бортом; ol-95-1 - рисунок на спинках, ol-95-3 - мягкие вставки","EXACT","было: текст июльского прохода агента + общая приписка импорта; стало: editorial-pass-20261010, family oliver-kids-convertible-bed, источники - evidence",""
"prod_01KNTBXADYET7AC1KCG28EK9RQ","ol-95-3","OL-95-3","Кровать-трансформер Оливер (80 × 150) с тканью","oliver-kids-convertible-bed","Оливер, детская","Кровать","Версия кровати-трансформера Oliver Kids с тканевой вставкой в спинке вместо рисунка: тот же формат под матрас 80 × 150 см и корпус 91 × 181 см, но внешне ближе к взрослым кроватям коллекции. Вариант для комнаты, которую не хочется перестраивать по мере взросления ребёнка, - кровать спокойно доживёт до подростковых лет без «детского» вида.

Есть варианты исполнения - уточним в заявке","Спинки у этой кровати-трансформера сделаны в форме саней: высокие края плавно скругляются наружу. Спереди - решётчатый борт.

В спинки вставлены мягкие тканевые панели, к ним приятно прислониться.","REWRITE","фото обоих: одинаковый корпус со спинками в форме саней и решётчатым бортом; ol-95-1 - рисунок на спинках, ol-95-3 - мягкие вставки","EXACT","было: текст июльского прохода агента + общая приписка импорта; стало: editorial-pass-20261010, family oliver-kids-convertible-bed, источники - evidence",""
"prod_01KQCSHV3ZWD80DKG4ZFB175FP","ox-14-1","OX-14-1","Комплекс Оксфорд-1 (нижняя кровать без матраса 90 × 185)","oxford-lower-bed","Оксфорд","","Нижняя выкатная часть комплекса Оксфорд-1: спальное место под матрас 90 × 185 см, высота корпуса 26 см. Дополняет верхний модуль комплекса вторым спальным местом - для второго ребёнка или гостей - и убирается, когда не нужна.

Матрас в комплект не входит. Данные по коллекции Оксфорд пилотные: состав и исполнение уточняются при заявке.

Есть варианты исполнения - уточним в заявке","","HOLD","Название «Комплекс Оксфорд-1 (нижняя кровать без матраса 90 × 185)» и фото (комплекс с рабочим местом) расходятся: непонятно, продаётся ли весь комплекс или только нижняя кровать. Нужен ответ владельца","AMBIGUOUS","было: текст июльского прохода агента + общая приписка импорта; без изменений до решения владельца","HOLD: Название «Комплекс Оксфорд-1 (нижняя кровать без матраса 90 × 185)» и фото (комплекс с рабочим местом) расходятся: непонятно, продаётся ли весь комплекс или только нижняя кровать. Нужен ответ владельца"
"prod_01KQCSHV3ZHSW5J97NP8CE2FB7","ox-14-11","OX-14-11","Увеличенная нижняя кровать Оксфорд без матраса (120 × 185)","oxford-lower-bed-wide","Оксфорд","Кровать","Увеличенная версия нижней кровати комплекса Оксфорд-1: спальное место под матрас 120 × 185 см при той же высоте корпуса 26 см. Ширина 120 см даёт полноценное место подростку, а не только «гостевой» формат.

Матрас приобретается отдельно. Коллекция Оксфорд представлена пилотно - параметры уточняются при заявке.

Есть варианты исполнения - уточним в заявке","Под верхним ярусом комплекса Оксфорд-1 появляется второе полноценное спальное место. Это увеличенная версия нижней кровати.

Матрас в комплект не входит.","REWRITE","название: увеличенная нижняя кровать, без матраса (120 × 185)","STRONG","было: текст июльского прохода агента + общая приписка импорта; стало: editorial-pass-20261010, family oxford-lower-bed-wide, источники - evidence","фото - фрагмент нижнего яруса; данные Оксфорда пилотные"
"prod_01KQCSHV3ZJ5SB2ZYV4P6SJ2QR","ox-90-1","OX-90-1","Комплекс Оксфорд-1 с выдвижной столешницей без нижней кровати","oxford-loft-desk","Оксфорд","Комплекс","Комплекс Оксфорд-1 - двухуровневая организация детской на площади 260 × 139 см при высоте 193 см: спальное место наверху, рабочая зона с выдвижной столешницей внизу. Один предмет заменяет кровать и стол, освобождая остальную комнату под игру.

Нижняя выкатная кровать в состав этой комплектации не входит и добавляется отдельно. Коллекция Оксфорд представлена пилотно - состав и исполнение уточняются при заявке.

Есть варианты исполнения - уточним в заявке","Наверху - спальное место с ограждением из балясин, внизу - рабочий стол с выдвижной столешницей. Кровать и стол занимают площадь одного предмета, и в детской остаётся место для игр.

Нижняя кровать в эту комплектацию не входит.","REWRITE","название: комплекс с выдвижной столешницей без нижней кровати; фото: верхнее спальное место с балюстрадой, ниже рабочая зона","STRONG","было: текст июльского прохода агента + общая приписка импорта; стало: editorial-pass-20261010, family oxford-loft-desk, источники - evidence","на фото комплекс показан с нижней кроватью и ступенями - в названии нижней кровати нет; данные Оксфорда пилотные"
"prod_01KV69A7AMYW3Q4NJE3Q5WEFYR","pa-05-1","pa-05-1","Стандартный комод Вилли Винки","ww-chest-standard","Вилли Винки","Комод","Стандартный комод серии Pastoral (Willie Winkie): уменьшенная глубина 44 см оставляет проходы детской свободными, а верхняя плоскость остаётся на удобной для взрослого высоте - для лампы и повседневных мелочей. Роспись Pastoral задаёт серии спокойный сюжет; рядом встают высокий комод и стеллаж того же мотива.

Есть варианты исполнения - уточним в заявке","Широкий комод с 2 небольшими ящиками наверху и 3 широкими под ними, на шарообразных ножках. Большие фасады дают росписи место развернуться.

Исполнение - полностью массив или фасады из массива с корпусом из ЛДСП.

Роспись «Полевые цветы» - овальный медальон в центре и тонкий орнамент по краям ящиков.","REWRITE","фото всех 4: 2 малых ящика наверху, 3 широких ниже, шарообразные ножки; metadata.motif; material_tier_labels","EXACT","было: текст июльского прохода агента + общая приписка импорта; стало: editorial-pass-20261010, family ww-chest-standard, источники - evidence",""
"prod_01KV69A7AM3KD13Z7GRD68HJA2","pa-05-3","pa-05-3","Высокий комод Вилли Винки","ww-chest-high","Вилли Винки","Комод","Высокий комод серии Pastoral (Willie Winkie) в полноглубокой версии 56 см - вертикальная компоновка занимает меньше стены, чем стандартный формат. Роспись Pastoral связывает предметы серии между собой.

Есть варианты исполнения - уточним в заявке","Наверху 2 небольших ящика, ниже - ряд широких, а сам корпус стоит на шарообразных ножках. Фасад работает как одна картина - роспись проходит сразу через несколько ящиков.

Комод выпускается полностью из массива или с фасадами из массива и корпусом из ЛДСП.

Роспись «Полевые цветы» собрана в овальный медальон посередине, небольшие букеты повторяются на верхних и нижнем ящиках.","REWRITE","фото всех 9: одинаковый корпус - 2 малых ящика наверху, ряд широких ниже, шарообразные ножки; metadata.motif различается; material_tier_labels: полностью массив / фронты массив + ЛДСП","EXACT","было: текст июльского прохода агента + общая приписка импорта; стало: editorial-pass-20261010, family ww-chest-high, источники - evidence",""
"prod_01KV69A7AMV6GA6WH9JQ23BANH","pa-62-1","pa-62-1","Стеллаж для книг Вилли Винки","ww-bookcase","Вилли Винки","Стеллаж","Книжный стеллаж серии Pastoral (Willie Winkie) с увеличенной глубиной полок 56 см - помимо книг туда встают корзины и коробки с игрушками, то есть стеллаж работает основным открытым хранением детской. Роспись Pastoral продолжает сюжет серии.

Есть варианты исполнения - уточним в заявке","Открытый стеллаж с арочной нишей и фронтоном наверху. Внизу - 2 выдвижных ящика: туда уходит то, что не хочется держать на полках.

Исполнение - полностью массив или фасады из массива с корпусом из ЛДСП.

Роспись «Полевые цветы» - тонкий орнамент по краю арки и на ящиках.","REWRITE","фото обоих: арочная ниша с полками, фронтон, 2 ящика внизу, шарообразные ножки; в названии без «высокий» - отдельно от ww-bookcase-tall","STRONG","было: текст июльского прохода агента + общая приписка импорта; стало: editorial-pass-20261010, family ww-bookcase, источники - evidence",""
"prod_01KY5SGSEJ8JS78BZFHB4839VN","pr-02-1","PR-02-1","Двухдверный шкаф для одежды Принцесса Роза с рисунком","princess-rose-wardrobe-2d","Принцесса Роза","Шкаф","Шкаф для одежды 2-дв. с рисунком
В названии прайса указан рисунок
2080 × 1200 × 631 мм
Порядок: высота, ширина, глубина. Источник - ячейка прайса 18.09.2026","Сверху - арочный карниз, дверцы филёнчатые. В нижней части дверец - рисунок с розами, по низу корпуса проходит резной подзор на изогнутых ножках.

Если двух дверец мало, у серии есть трёхдверный шкаф с тем же рисунком.","ADD","название: 2-дв., с рисунком; фото: арочный карниз, филёнчатые дверцы, рисунок внизу дверец, подзор, изогнутые ножки","EXACT","было: строки прайса при импорте (на PDP скрыты санитайзером #301); стало: editorial-pass-20261010, family princess-rose-wardrobe-2d, источники - evidence",""
"prod_01KY5SGSEJSV6N14Z29AE0ERVZ","pr-03-1","PR-03-1","Трёхдверный шкаф для одежды Принцесса Роза с рисунком","princess-rose-wardrobe-3d","Принцесса Роза","Шкаф","Шкаф для одежды 3-дв. с рисунком
В названии прайса указан рисунок
2140 × 1735 × 631 мм
Порядок: высота, ширина, глубина. Источник - ячейка прайса 18.09.2026","Самый вместительный шкаф Принцессы Розы: 3 филёнчатые дверцы под широким арочным карнизом. Крайние дверцы внизу украшены рисунком с розами, средняя оставлена спокойной.

Шкаф стоит на коротких изогнутых ножках, а резной подзор смягчает нижний край длинного корпуса.","ADD","название: 3-дв., с рисунком; фото: широкий арочный карниз, 3 филёнчатые дверцы, рисунок на крайних дверцах","EXACT","было: строки прайса при импорте (на PDP скрыты санитайзером #301); стало: editorial-pass-20261010, family princess-rose-wardrobe-3d, источники - evidence",""
"prod_01KY5SGSEJNSP9E7933PCF5GW4","pr-05-1","PR-05-1","Стандартный комод Принцесса Роза (ручки Сваровски)","princess-rose-chest-standard","Принцесса Роза","Комод","Комод стандартный (ручки Swarovski)
В названии прайса указаны ручки Swarovski
902 × 900 × 572 мм
Порядок: высота, ширина, глубина. Источник - ячейка прайса 18.09.2026","Комод с 3 ящиками на изогнутых ножках. Фасады и боковины покрыты рельефной сеткой, по низу корпуса проходит резной подзор с волнистым краем.

Ручки ящиков - Сваровски, такие же, как у прикроватной тумбы и письменных столов серии.","ADD","название: ручки Сваровски; фото: 3 ящика, рельефная сетка на фасадах и боковинах, резной подзор, изогнутые ножки","EXACT","было: строки прайса при импорте (на PDP скрыты санитайзером #301); стало: editorial-pass-20261010, family princess-rose-chest-standard, источники - evidence",""
"prod_01KY5SGSEK0B3QH3B5CSP5TH1H","pr-08-1","PR-08-1","Прикроватная тумба Принцесса Роза (ручки Сваровски)","princess-rose-nightstand","Принцесса Роза","Тумба","Тумбочка прикроватная (ручки Swarovski)
В названии прайса указаны ручки Swarovski
600 × 530 × 450 мм
Порядок: высота, ширина, глубина. Источник - ячейка прайса 18.09.2026","Это скорее столик, чем тумба: один ящик под столешницей и высокие изогнутые ножки без нижнего корпуса. Под тумбой остаётся свободное место, и рядом с кроватью она выглядит легко.

Ручка ящика - Сваровски.","ADD","название: ручки Сваровски; фото: один ящик, высокие изогнутые ножки, без нижнего корпуса","EXACT","было: строки прайса при импорте (на PDP скрыты санитайзером #301); стало: editorial-pass-20261010, family princess-rose-nightstand, источники - evidence",""
"prod_01KY5SGSVK4AK85EVYCXYH3J2J","pr-09-1","PR-09-1","Навесное зеркало Принцесса Роза","princess-rose-mirror-wall","Принцесса Роза","Зеркало","Зеркало навесное
800 × 600 × 30 мм
Порядок: высота, ширина, глубина. Источник - ячейка прайса 18.09.2026","Прямоугольное зеркало в раме с волнистым контуром и фигурными углами. Рама повторяет линию резных подзоров на мебели Принцессы Розы.

Зеркало вешают над комодом или прикроватной тумбой.","ADD","фото: прямоугольное зеркало, рама с фигурными углами","EXACT","было: строки прайса при импорте (на PDP скрыты санитайзером #301); стало: editorial-pass-20261010, family princess-rose-mirror-wall, источники - evidence",""
"prod_01KY5SGSVKZ8B4HXEPXKJQTSC3","pr-09-2","PR-09-2","Напольное зеркало Принцесса Роза","princess-rose-mirror-floor","Принцесса Роза","Зеркало","Зеркало напольное
1670 × 650 × 391 мм
Порядок: высота, ширина, глубина. Источник - ячейка прайса 18.09.2026","Овальное зеркало на напольной подставке с изогнутыми опорами. Рама и опоры повторяют плавные линии мебели Принцессы Розы.","ADD","фото: овальное зеркало на подставке, изогнутые опоры; габариты: высота почти в рост","EXACT","было: строки прайса при импорте (на PDP скрыты санитайзером #301); стало: editorial-pass-20261010, family princess-rose-mirror-floor, источники - evidence",""
"prod_01KY5SGSVKW8G60D1ZNSPYQS87","pr-14-1","PR-14-1","Односпальная кровать Принцесса Роза (90 × 190) с рисунком, без изножья","princess-rose-bed","Принцесса Роза","Кровать","Кровать 1-сп. (90*190) с рисунком, без изн.
В названии прайса указан рисунок
В названии прайса указано: без изножья
1063 × 994 × 2010 мм
Порядок: высота, ширина, глубина. Источник - ячейка прайса 18.09.2026","Кровать с невысоким изголовьем, которое завершает резной гребень. Изножья нет: спальное место обрамляет только низкая царга с волнистым краем на изогнутых ножках.

Изголовье украшено рисунком с розами.","ADD","фото всех 3: изголовье с резным гребнем, без изножья, фигурная царга, изогнутые ножки; в названии pr-14-1 и pr-15-1 - «с рисунком», у pr-16-1 - нет","EXACT","было: строки прайса при импорте (на PDP скрыты санитайзером #301); стало: editorial-pass-20261010, family princess-rose-bed, источники - evidence",""
"prod_01KY5SGSVK1AT4RJVH2FMYAFJX","pr-15-1","PR-15-1","Полутораспальная кровать Принцесса Роза (120 × 190) с рисунком, без изножья","princess-rose-bed","Принцесса Роза","Кровать","Кровать 1,5-сп. (120*190) с рисунком,без изн.
В названии прайса указан рисунок
В названии прайса указано: без изножья
1073 × 1294 × 2010 мм
Порядок: высота, ширина, глубина. Источник - ячейка прайса 18.09.2026","Кровать с невысоким изголовьем, которое завершает резной гребень. Изножья нет: спальное место обрамляет только низкая царга с волнистым краем на изогнутых ножках.

Изголовье украшено рисунком с розами.","ADD","фото всех 3: изголовье с резным гребнем, без изножья, фигурная царга, изогнутые ножки; в названии pr-14-1 и pr-15-1 - «с рисунком», у pr-16-1 - нет","EXACT","было: строки прайса при импорте (на PDP скрыты санитайзером #301); стало: editorial-pass-20261010, family princess-rose-bed, источники - evidence",""
"prod_01KY5SGSVKB23HTZE0WZ0JA2RC","pr-16-1","PR-16-1","Полутораспальная кровать Принцесса Роза (140 × 190) без изножья","princess-rose-bed","Принцесса Роза","Кровать","Кровать 1,5-сп.140*190 без изножья
В названии прайса указано: без изножья
1092 × 1494 × 2010 мм
Порядок: высота, ширина, глубина. Источник - ячейка прайса 18.09.2026","Кровать с невысоким изголовьем, которое завершает резной гребень. Изножья нет: спальное место обрамляет только низкая царга с волнистым краем на изогнутых ножках.","ADD","фото всех 3: изголовье с резным гребнем, без изножья, фигурная царга, изогнутые ножки; в названии pr-14-1 и pr-15-1 - «с рисунком», у pr-16-1 - нет","EXACT","было: строки прайса при импорте (на PDP скрыты санитайзером #301); стало: editorial-pass-20261010, family princess-rose-bed, источники - evidence",""
"prod_01KY5SGT96DFCN1HW2BA1ASB5T","pr-23-1","PR-23-1","Стул Принцесса Роза","princess-rose-chair","Принцесса Роза","Стул","Стул
905 × 480 × 460 мм
Порядок: высота, ширина, глубина. Источник - ячейка прайса 18.09.2026","Стул на изогнутых ножках с закруглённым верхом спинки. Сиденье и вставка в спинке - мягкие.

Стул подходит к письменному столу или детскому столику этой серии.","ADD","фото: мягкое сиденье и вставка в спинке, изогнутые ножки, закруглённый верх спинки","EXACT","было: строки прайса при импорте (на PDP скрыты санитайзером #301); стало: editorial-pass-20261010, family princess-rose-chair, источники - evidence",""
"prod_01KY5SGT961GF2C814VWFGRAQV","pr-30-1","PR-30-1","Часы Принцесса Роза","princess-rose-clock","Принцесса Роза","Часы","","Настенные часы на панели с волнистым краем. Под циферблатом - рисунок с розами, как на шкафах и детской мебели серии.","ADD","фото: панель с волнистым краем, рисунок с розами под циферблатом","EXACT","было: нет описания; стало: editorial-pass-20261010, family princess-rose-clock, источники - evidence",""
"prod_01KY5SGT972DVS2DZMP28DGXTK","pr-42-1","PR-42-1","Тумба для телевизора Принцесса Роза (ручки Сваровски)","princess-rose-tv-stand","Принцесса Роза","Тумба","Тумба для телевизора (ручки Swarovski)
В названии прайса указаны ручки Swarovski
584 × 1160 × 476 мм
Порядок: высота, ширина, глубина. Источник - ячейка прайса 18.09.2026","Оба ящика вынесены по бокам, в центре - открытая ниша, внизу - полка. Корпус стоит на изогнутых ножках с резным подзором.

Ручки ящиков - Сваровски.

Это единственная тумба Принцессы Розы с открытой нишей - для техники, книг или корзин.","ADD","название: ручки Сваровски; фото: 2 ящика по бокам, открытая ниша в центре и полка внизу, подзор, изогнутые ножки","EXACT","было: строки прайса при импорте (на PDP скрыты санитайзером #301); стало: editorial-pass-20261010, family princess-rose-tv-stand, источники - evidence",""
"prod_01KY5SGT976X5YGWC3XG5F14XV","pr-55-1","PR-55-1","Малая банкетка Принцесса Роза","princess-rose-bench","Принцесса Роза","Банкетка","Банкетка малая
450 × 470 × 400 мм
Порядок: высота, ширина, глубина. Источник - ячейка прайса 18.09.2026","Банкетка с мягким сиденьем на изогнутых ножках, под сиденьем - резной подзор.

Малая банкетка почти квадратная, её ставят у комода, зеркала или в прихожей.","ADD","фото обеих: мягкое сиденье, изогнутые ножки, резной подзор; одинаковые глубина и высота","EXACT","было: строки прайса при импорте (на PDP скрыты санитайзером #301); стало: editorial-pass-20261010, family princess-rose-bench, источники - evidence",""
"prod_01KY5SGT97Z160SGK79W89EB1M","pr-55-2","PR-55-2","Большая банкетка Принцесса Роза","princess-rose-bench","Принцесса Роза","Банкетка","Банкетка большая
450 × 850 × 400 мм
Порядок: высота, ширина, глубина. Источник - ячейка прайса 18.09.2026","Банкетка с мягким сиденьем на изогнутых ножках, под сиденьем - резной подзор.

Большая банкетка вытянута в длину и встаёт у изножья кровати: на неё удобно присесть или положить плед.","ADD","фото обеих: мягкое сиденье, изогнутые ножки, резной подзор; одинаковые глубина и высота","EXACT","было: строки прайса при импорте (на PDP скрыты санитайзером #301); стало: editorial-pass-20261010, family princess-rose-bench, источники - evidence",""
"prod_01KY5SGTNJ75PWBX19CSYYCV19","pr-61-1","PR-61-1","Книжный шкаф Принцесса Роза с рисунком","princess-rose-bookcase-glass","Принцесса Роза","Шкаф","Шкаф книжный с рисунком
В названии прайса указан рисунок
2080 × 1200 × 465 мм
Порядок: высота, ширина, глубина. Источник - ячейка прайса 18.09.2026","Верхние дверцы застеклены, на нижних филёнках - рисунок с розами, наверху - арочный карниз.

По габаритам шкаф совпадает со стеллажом для книг этой серии, поэтому их удобно поставить рядом.","ADD","название: с рисунком; фото: застеклённые дверцы наверху, глухие с рисунком внизу, арочный карниз; габариты совпадают с pr-62-1","EXACT","было: строки прайса при импорте (на PDP скрыты санитайзером #301); стало: editorial-pass-20261010, family princess-rose-bookcase-glass, источники - evidence",""
"prod_01KY5SGTNJ8ED14EVSY6WBMVF3","pr-62-1","PR-62-1","Стеллаж для книг Принцесса Роза","princess-rose-bookcase-open","Принцесса Роза","Стеллаж","Стеллаж для книг
2080 × 1200 × 465 мм
Порядок: высота, ширина, глубина. Источник - ячейка прайса 18.09.2026","Высокий открытый стеллаж с арочным карнизом на изогнутых ножках. Полки без дверец держат книги и коробки на виду.

Это открытая пара к книжному шкафу Принцессы Розы с теми же габаритами.","ADD","фото: открытые полки, арочный карниз, изогнутые ножки; габариты совпадают с pr-61-1","EXACT","было: строки прайса при импорте (на PDP скрыты санитайзером #301); стало: editorial-pass-20261010, family princess-rose-bookcase-open, источники - evidence",""
"prod_01KY5SGTNJ3NCPAZK981Z7DXCC","pr-65-5","PR-65-5","Однотумбовый письменный стол Принцесса Роза (тумба с полками справа, ручки Сваровски)","princess-rose-desk-1ped","Принцесса Роза","Стол","Стол письменный 1-тумб. 0П (ручки Swarovski)
В названии прайса указаны ручки Swarovski
750 × 1140 × 647 мм
Порядок: высота, ширина, глубина. Источник - ячейка прайса 18.09.2026","Фасады в рельефной сетке, под столешницей - ящик и резной подзор. Столешница лежит на изогнутых ножках.

Тумба закрыта филёнчатой дверцей, за ней - полки. Ручки - Сваровски.","ADD","наполнение и сторона тумбы - в названиях (0П / П0 / 0Я / Я0); фото: тумба с дверцей у 65-5/65-6, с 3 ящиками у 65-7/65-8; одинаковые габариты","EXACT","было: строки прайса при импорте (на PDP скрыты санитайзером #301); стало: editorial-pass-20261010, family princess-rose-desk-1ped, источники - evidence",""
"prod_01KY5SGTNJR43K6B77760KAHM8","pr-65-6","PR-65-6","Однотумбовый письменный стол Принцесса Роза (тумба с полками слева, ручки Сваровски)","princess-rose-desk-1ped","Принцесса Роза","Стол","Стол письменный 1-тумб. П0 (ручки Swarovski)
В названии прайса указаны ручки Swarovski
750 × 1140 × 647 мм
Порядок: высота, ширина, глубина. Источник - ячейка прайса 18.09.2026","Фасады в рельефной сетке, под столешницей - ящик и резной подзор. Столешница лежит на изогнутых ножках.

Тумба закрыта филёнчатой дверцей, за ней - полки. Ручки - Сваровски.","ADD","наполнение и сторона тумбы - в названиях (0П / П0 / 0Я / Я0); фото: тумба с дверцей у 65-5/65-6, с 3 ящиками у 65-7/65-8; одинаковые габариты","EXACT","было: строки прайса при импорте (на PDP скрыты санитайзером #301); стало: editorial-pass-20261010, family princess-rose-desk-1ped, источники - evidence",""
"prod_01KY5SGTNJ8T30XBD3Q2F160KQ","pr-65-7","PR-65-7","Однотумбовый письменный стол Принцесса Роза (тумба с ящиками справа, ручки Сваровски)","princess-rose-desk-1ped","Принцесса Роза","Стол","Стол письменный 1-тумб. 0Я (ручки Swarovski)
В названии прайса указаны ручки Swarovski
750 × 1140 × 647 мм
Порядок: высота, ширина, глубина. Источник - ячейка прайса 18.09.2026","Фасады в рельефной сетке, под столешницей - ящик и резной подзор. Столешница лежит на изогнутых ножках.

В тумбе - 3 выдвижных ящика. Ручки - Сваровски.","ADD","наполнение и сторона тумбы - в названиях (0П / П0 / 0Я / Я0); фото: тумба с дверцей у 65-5/65-6, с 3 ящиками у 65-7/65-8; одинаковые габариты","EXACT","было: строки прайса при импорте (на PDP скрыты санитайзером #301); стало: editorial-pass-20261010, family princess-rose-desk-1ped, источники - evidence",""
"prod_01KY5SGV1WEK35396GTXX77XGZ","pr-65-8","PR-65-8","Однотумбовый письменный стол Принцесса Роза (тумба с ящиками слева, ручки Сваровски)","princess-rose-desk-1ped","Принцесса Роза","Стол","Стол письменный 1-тумб. Я0 (ручки Swarovski)
В названии прайса указаны ручки Swarovski
750 × 1140 × 647 мм
Порядок: высота, ширина, глубина. Источник - ячейка прайса 18.09.2026","Фасады в рельефной сетке, под столешницей - ящик и резной подзор. Столешница лежит на изогнутых ножках.

В тумбе - 3 выдвижных ящика. Ручки - Сваровски.","ADD","наполнение и сторона тумбы - в названиях (0П / П0 / 0Я / Я0); фото: тумба с дверцей у 65-5/65-6, с 3 ящиками у 65-7/65-8; одинаковые габариты","EXACT","было: строки прайса при импорте (на PDP скрыты санитайзером #301); стало: editorial-pass-20261010, family princess-rose-desk-1ped, источники - evidence",""
"prod_01KY5SGV1WRRDFW11YCB0EA6T4","pr-66-6","PR-66-6","Двухтумбовый письменный стол Принцесса Роза (полки слева, ящики справа, ручки Сваровски)","princess-rose-desk-2ped","Принцесса Роза","Стол","Стол письменный 2-тумб. ПЯ (ручки Swarovski)
В названии прайса указаны ручки Swarovski
750 × 1535 × 700 мм
Порядок: высота, ширина, глубина. Источник - ячейка прайса 18.09.2026","Ящики в одной тумбе, полки за филёнчатой дверцей - в другой. Между тумбами - ящик в подстолье и место для стула.

Фасады покрыты рельефной сеткой, тумбы стоят на изогнутых ножках. Ручки - Сваровски.","ADD","название: ПЯ / ЯП; фото обоих: тумба с ящиками и тумба с дверцей, ящик в подстолье; одинаковые габариты","EXACT","было: строки прайса при импорте (на PDP скрыты санитайзером #301); стало: editorial-pass-20261010, family princess-rose-desk-2ped, источники - evidence",""
"prod_01KY5SGV1XXQC4E0EQ1BWBY0HD","pr-66-7","PR-66-7","Двухтумбовый письменный стол Принцесса Роза (ящики слева, полки справа, ручки Сваровски)","princess-rose-desk-2ped","Принцесса Роза","Стол","Стол письменный 2-тумб. ЯП (ручки Swarovski)
В названии прайса указаны ручки Swarovski
750 × 1535 × 700 мм
Порядок: высота, ширина, глубина. Источник - ячейка прайса 18.09.2026","Ящики в одной тумбе, полки за филёнчатой дверцей - в другой. Между тумбами - ящик в подстолье и место для стула.

Фасады покрыты рельефной сеткой, тумбы стоят на изогнутых ножках. Ручки - Сваровски.","ADD","название: ПЯ / ЯП; фото обоих: тумба с ящиками и тумба с дверцей, ящик в подстолье; одинаковые габариты","EXACT","было: строки прайса при импорте (на PDP скрыты санитайзером #301); стало: editorial-pass-20261010, family princess-rose-desk-2ped, источники - evidence",""
"prod_01KY5SGV1XVBBVW4R08GR1FKG2","pr-68-1","PR-68-1","Малая этажерка Принцесса Роза, 3 полки","princess-rose-etagere","Принцесса Роза","Этажерка","Этажерка малая 3 полки
800 × 480 × 350 мм
Порядок: высота, ширина, глубина. Источник - ячейка прайса 18.09.2026","Открытая этажерка с полками без дверец - для книг, растений и мелочей.

Малая этажерка на 3 полки встанет у кресла или кровати.","ADD","название: малая, 3 полки / большая, 6 полок; фото нет - о форме стоек и отделке не пишем","STRONG","было: строки прайса при импорте (на PDP скрыты санитайзером #301); стало: editorial-pass-20261010, family princess-rose-etagere, источники - evidence","фото товара нет"
"prod_01KY5SGV1XJ25MJSRT5WS21J8H","pr-68-2","PR-68-2","Большая этажерка Принцесса Роза, 6 полок","princess-rose-etagere","Принцесса Роза","Этажерка","Этажерка большая 6 полок
1770 × 885 × 362 мм
Порядок: высота, ширина, глубина. Источник - ячейка прайса 18.09.2026","Открытая этажерка с полками без дверец - для книг, растений и мелочей.

Большая этажерка на 6 полок может заменить невысокий стеллаж.","ADD","название: малая, 3 полки / большая, 6 полок; фото нет - о форме стоек и отделке не пишем","STRONG","было: строки прайса при импорте (на PDP скрыты санитайзером #301); стало: editorial-pass-20261010, family princess-rose-etagere, источники - evidence","фото товара нет"
"prod_01KY5SGVFE2VQP1S21FMGZQJK7","pr-69-1","PR-69-1","Книжная полка Принцесса Роза","princess-rose-wall-shelf","Принцесса Роза","Полка","Полка книжная
318 × 700 × 245 мм
Порядок: высота, ширина, глубина. Источник - ячейка прайса 18.09.2026","Навесная книжная полка с высокими закруглёнными боковинами и фигурной задней стенкой. Боковины удерживают книги, а полку можно повесить над письменным столом или кроватью.","ADD","фото: высокие закруглённые боковины, фигурная задняя стенка","EXACT","было: строки прайса при импорте (на PDP скрыты санитайзером #301); стало: editorial-pass-20261010, family princess-rose-wall-shelf, источники - evidence",""
"prod_01KY5SGVFEXNPFNZ7HSX5SMEV0","pr-81-1","PR-81-1","Детский столик Принцесса Роза","princess-rose-kids-table","Принцесса Роза","Стол","Столик детский
520 × 794 × 590 мм
Порядок: высота, ширина, глубина. Источник - ячейка прайса 18.09.2026","Ножки изогнутые, в подстолье спрятан ящик. По царге проходит рельефная сетка - та же, что на фасадах взрослой мебели серии.

В ящике удобно держать карандаши и альбомы, а к столу подходит детский стульчик с рисунком.","ADD","фото: ящик в подстолье, изогнутые ножки, рельефная сетка на царге","EXACT","было: строки прайса при импорте (на PDP скрыты санитайзером #301); стало: editorial-pass-20261010, family princess-rose-kids-table, источники - evidence",""
"prod_01KY5SGVFE6AX18AXNBRZP3PY5","pr-82-1","PR-82-1","Детский стульчик Принцесса Роза с рисунком","princess-rose-kids-chair","Принцесса Роза","Стул","Стульчик детский с рисунком
В названии прайса указан рисунок
580 × 315 × 327 мм
Порядок: высота, ширина, глубина. Источник - ячейка прайса 18.09.2026","Фигурная спинка собрана из горизонтальных планок, на сиденье - рисунок с розами. Ножки изогнуты, как у взрослой мебели серии.

В пару к стулу - детский столик Принцессы Розы.","ADD","название: с рисунком; фото: спинка из горизонтальных планок с фигурным верхом, рисунок на сиденье, изогнутые ножки","EXACT","было: строки прайса при импорте (на PDP скрыты санитайзером #301); стало: editorial-pass-20261010, family princess-rose-kids-chair, источники - evidence",""
"prod_01KY5SGVFEMRJVGEPSYJM9M6E5","pr-83-1","PR-83-1","Съёмная пеленальная столешница Принцесса Роза с рисунком","princess-rose-changing-top","Принцесса Роза","Столешница","","Пеленальная столешница с высокими фигурными бортами и рисунком с розами на боковине. Её ставят сверху на комод, а когда пеленать больше не нужно, снимают.","ADD","название: съёмная пеленальная, с рисунком; фото: высокие фигурные борта, рисунок на боковине","EXACT","было: нет описания; стало: editorial-pass-20261010, family princess-rose-changing-top, источники - evidence",""
"prod_01KY5SGVFEY7HTVYNXNZ716XQ4","pr-84-1","PR-84-1","Малый бортик к кровати Принцесса Роза","princess-rose-bed-rail","Принцесса Роза","Бортик","","Бортик ставится на край кровати и закрывает часть спального места сбоку. Выпускается в 2 длинах - малый и большой.","ADD","название: бортик к кровати, малый / большой; габариты: одинаковые высота и толщина; фото нет, совместимость с конкретной кроватью в данных не указана","STRONG","было: нет описания; стало: editorial-pass-20261010, family princess-rose-bed-rail, источники - evidence","фото товара нет; совместимость с моделью кровати не подтверждена"
"prod_01KY5SGVWKSZ8ZKQRPP8349G3M","pr-84-2","PR-84-2","Большой бортик к кровати Принцесса Роза","princess-rose-bed-rail","Принцесса Роза","Бортик","","Бортик ставится на край кровати и закрывает часть спального места сбоку. Выпускается в 2 длинах - малый и большой.","ADD","название: бортик к кровати, малый / большой; габариты: одинаковые высота и толщина; фото нет, совместимость с конкретной кроватью в данных не указана","STRONG","было: нет описания; стало: editorial-pass-20261010, family princess-rose-bed-rail, источники - evidence","фото товара нет; совместимость с моделью кровати не подтверждена"
"prod_01KY5SGVWM5FB5BNSMVVX7ZV3C","pr-95-1","PR-95-1","Кровать-трансформер Принцесса Роза (80 × 150) с рисунком","princess-rose-convertible-bed","Принцесса Роза","Кровать","Кровать - трансформер (80*150) с рисунком
В названии прайса указан рисунок
1179 × 906 × 1806 мм
Порядок: высота, ширина, глубина. Источник - ячейка прайса 18.09.2026","Решётчатый передний борт и спинки в форме саней: края высокие и плавно скругляются наружу.

На панелях спинок - рисунок с розами.","ADD","pr-95-1 фото: спинки в форме саней, решётчатый борт, рисунок на панелях; названия 95-2 и 95-3: без рисунка / с тканью; одинаковые габариты всех 3","EXACT","было: строки прайса при импорте (на PDP скрыты санитайзером #301); стало: editorial-pass-20261010, family princess-rose-convertible-bed, источники - evidence",""
"prod_01KY5SGVWMB3WK9G8105MZXG2Q","pr-95-2","PR-95-2","Кровать-трансформер Принцесса Роза (80 × 150) без рисунка","princess-rose-convertible-bed","Принцесса Роза","Кровать","Кровать - трансформер (80*150) без рисунка
В названии прайса указано: без рисунка
1179 × 906 × 1806 мм
Порядок: высота, ширина, глубина. Источник - ячейка прайса 18.09.2026","Решётчатый передний борт и спинки в форме саней: края высокие и плавно скругляются наружу.

В этой версии спинки гладкие, без рисунка.","ADD","pr-95-1 фото: спинки в форме саней, решётчатый борт, рисунок на панелях; названия 95-2 и 95-3: без рисунка / с тканью; одинаковые габариты всех 3","EXACT","было: строки прайса при импорте (на PDP скрыты санитайзером #301); стало: editorial-pass-20261010, family princess-rose-convertible-bed, источники - evidence","фото - интерьер, форма описана по pr-95-1"
"prod_01KY5SGVWMN395JJZF3VENNC9Z","pr-95-3","PR-95-3","Кровать-трансформер Принцесса Роза (80 × 150) с тканью","princess-rose-convertible-bed","Принцесса Роза","Кровать","Кровать - трансформер (80*150) с тканью
В названии прайса указана ткань
1179 × 906 × 1806 мм
Порядок: высота, ширина, глубина. Источник - ячейка прайса 18.09.2026","Решётчатый передний борт и спинки в форме саней: края высокие и плавно скругляются наружу.

В спинки этой версии вставлены мягкие тканевые панели.","ADD","pr-95-1 фото: спинки в форме саней, решётчатый борт, рисунок на панелях; названия 95-2 и 95-3: без рисунка / с тканью; одинаковые габариты всех 3","EXACT","было: строки прайса при импорте (на PDP скрыты санитайзером #301); стало: editorial-pass-20261010, family princess-rose-convertible-bed, источники - evidence","фото - интерьер, форма описана по pr-95-1"
"prod_01KNTBXADY8MGT1TX966D4CEVJ","pv-02-1","PV-02-1","Двухдверный шкаф для одежды Прованс","provence-wardrobe-2d","Прованс","Шкаф","Двухдверный шкаф коллекции Provence: фронт 120 см, глубина 63 см, высота 208 см - основной формат хранения одежды для спальни. Отделка выбирается из двух: тёмное дерево или молочный - тёмная версия делает шкаф якорем комнаты, светлая растворяет его в стене.

Трёхдверная модель линейки продолжает тот же язык на большую площадь.

Есть варианты исполнения - уточним в заявке","Основной шкаф Прованса для спальни: 2 высокие филёнчатые дверцы под арочным карнизом и подзор с волнистым краем внизу.

Рядом с ним хорошо смотрятся книжный шкаф и стеллаж серии - у всех трёх одинаковый рисунок карниза.

Шкаф выпускается в молочном цвете или в тоне тёмного дерева.","REWRITE","фото: 2 филёнчатые дверцы, арочный карниз, подзор; finish_color_labels: молочный / тёмное дерево","EXACT","было: текст июльского прохода агента + общая приписка импорта; стало: editorial-pass-20261010, family provence-wardrobe-2d, источники - evidence",""
"prod_01KNTBXADY5TFY8ABDDZN9FQ0R","pv-03-1","PV-03-1","Трёхдверный шкаф для одежды Прованс","provence-wardrobe-3d","Прованс","Шкаф","Трёхдверный платяной шкаф Provence: фронт 173 см, глубина 63 см, высота 214 см. Формат для комнаты, где шкаф берёт на себя роль гардеробной.

Как и вся корпусная мебель коллекции, выпускается в двух отделках - тёмное дерево или молочный; в большой плоскости трёх фасадов разница между ними особенно заметна.

Есть варианты исполнения - уточним в заявке","Над 3 дверцами поднимается высокий арочный карниз. Филёнки на дверцах повторяют изгиб карниза, корпус стоит на коротких изогнутых ножках.

Это самый вместительный шкаф Прованса: ему по силам роль небольшой гардеробной в спальне.

Отделка - молочная или в тоне тёмного дерева.","REWRITE","фото: 3 филёнчатые дверцы, арочный карниз, короткие изогнутые ножки; габариты: самый широкий шкаф коллекции; finish_color_labels: молочный / тёмное дерево","EXACT","было: текст июльского прохода агента + общая приписка импорта; стало: editorial-pass-20261010, family provence-wardrobe-3d, источники - evidence",""
"prod_01KNTBXADY27NDFV0Y2HHSYP8H","pv-05-2","PV-05-2","Стандартный комод Прованс","provence-chest-standard","Прованс","Комод","Комод Provence: 90 см по фронту, 57 см в глубину, 90 см в высоту. Почти кубические пропорции дают устойчивый, спокойный силуэт, а столешница на высоте 90 см удобна как поверхность для пользования стоя.

Отделка - тёмное дерево или молочный, в тон остальным предметам коллекции; над комодом естественно встаёт навесное зеркало Provence.

Есть варианты исполнения - уточним в заявке","Комод с 3 ящиками на коротких изогнутых ножках. Боковины собраны из филёнок, нижний край корпуса вырезан мягкой волной.

Отделка - молочная или в тоне тёмного дерева: светлый комод растворяется в комнате, тёмный становится её опорой.","REWRITE","фото: 3 ящика, филёнки на боковинах, резной подзор, короткие изогнутые ножки; finish_color_labels: тёмное дерево / молочный","EXACT","было: текст июльского прохода агента с битым префиксом «Тип Имя:» + приписка импорта; стало: editorial-pass-20261010, family provence-chest-standard, источники - evidence",""
"prod_01KNTBXADYD2QEG17C5CVDACD0","pv-06-2","PV-06-2","Туалетный столик Прованс","provence-vanity","Прованс","Стол","Туалетный столик Provence: столешница 120 × 50 см на высоте 75 см - место утренних сборов в спальне. Столик рассчитан на пару с навесным или напольным зеркалом коллекции и банкеткой Provence.

Отделка на выбор - тёмное дерево или молочный; светлая версия традиционна для туалетных столиков, тёмная превращает его в строгий рабочий стол по совместительству.

Есть варианты исполнения - уточним в заявке","Туалетный столик на высоких изогнутых ножках с ящиками по бокам. Между ящиками остаётся место для ног, поэтому за столиком удобно сидеть.

Над ним можно повесить навесное зеркало Прованса, а в пару поставить малую банкетку.

Цвет столика - молочный или тёмное дерево.","REWRITE","фото: ящики по бокам, высокие изогнутые ножки. Наличие зеркала в названии не указано - о зеркале не пишем; finish_color_labels: молочный / тёмное дерево","STRONG","было: текст июльского прохода агента + общая приписка импорта; стало: editorial-pass-20261010, family provence-vanity, источники - evidence","на фото по центру видно зеркало, но в названии его нет; в тексте зеркало не обещаем"
"prod_01KNTBXADZ0N4TS4WY52563JDS","pv-08-2","PV-08-2","Прикроватная тумба Прованс","provence-nightstand","Прованс","Тумба","Прикроватная тумбочка Provence: 53 см в ширину, 45 см в глубину, 60 см в высоту - посадка под кровати коллекции, столешница на уровне руки лежащего. Отделка - тёмное дерево или молочный; пара тумбочек в тон кровати собирает спальную стену в симметричную композицию.

Есть варианты исполнения - уточним в заявке","Прикроватная тумба с одним ящиком, поднятая на высокие изогнутые ножки. Нижнего корпуса нет - под тумбой видно пол, и спальня кажется просторнее.

Ящика хватает для книги, очков и зарядки, а столешница остаётся местом для лампы.

Тумба бывает молочной или в тоне тёмного дерева - под цвет кровати или комода.","REWRITE","фото: один ящик, высокие изогнутые ножки, открытый низ; finish_color_labels: молочный / тёмное дерево","EXACT","было: текст июльского прохода агента + общая приписка импорта; стало: editorial-pass-20261010, family provence-nightstand, источники - evidence",""
"prod_01KNTBXADZPXF7NK73PQ8W0ZBK","pv-09-1","PV-09-1","Навесное зеркало Прованс","provence-mirror-wall","Прованс","Зеркало","Навесное зеркало Provence: полотно 60 × 80 см при глубине 3 см. Формат подобран под корпусную мебель коллекции - над комодом или туалетным столиком зеркало завершает композицию, не перегружая стену.

Рама выпускается в двух отделках коллекции: тёмное дерево или молочный.

Есть варианты исполнения - уточним в заявке","Прямоугольное зеркало в широкой раме с фигурными выступами по углам. Над комодом или туалетным столиком Прованса оно продолжает их волнистые линии.

Рама - молочная или в тоне тёмного дерева.","REWRITE","фото: прямоугольное зеркало, широкая рама с фигурными углами; finish_color_labels; finish_color_labels: молочный / тёмное дерево","EXACT","было: текст июльского прохода агента + общая приписка импорта; стало: editorial-pass-20261010, family provence-mirror-wall, источники - evidence",""
"prod_01KNTBXADZRTE98AF3F3ZQKF8E","pv-09-2","PV-09-2","Напольное зеркало Прованс","provence-mirror-floor","Прованс","Зеркало","Напольное зеркало Provence высотой 167 см - отражение в полный рост без сверления стен. Основание глубиной 39 см держит его устойчиво, а сам предмет остаётся мобильным: зеркало двигается вслед за светом или новой расстановкой.

Естественная пара к шкафам коллекции, у которых нет зеркальных дверец.

Есть варианты исполнения - уточним в заявке","Напольное зеркало с арочным верхом, установленное на небольшую тумбу с выдвижным ящиком. В ящике удобно держать мелочи, которые нужны у зеркала.

Его ставят в спальне или прихожей, рядом со шкафом.","REWRITE","фото: высокое зеркало с арочным верхом на основании с ящиком, изогнутые ножки","EXACT","было: текст июльского прохода агента + общая приписка импорта; стало: editorial-pass-20261010, family provence-mirror-floor, источники - evidence",""
"prod_01KNTBXADZFWE9YRK0K60DDHR2","pv-14-1","PV-14-1","Односпальная кровать Прованс (90 × 190) без изножья","provence-bed","Прованс","Кровать","Односпальная кровать Provence под матрас 90 × 190 см: корпус 99 × 201 см, изголовье высотой 106 см. Изножья нет - открытый нижний край освобождает проход и упрощает уборку, что в комнатах под односпальную кровать обычно критично.

Формат для детской, подростковой или гостевой комнаты в общем языке коллекции.

Есть варианты исполнения - уточним в заявке","Кровать с невысоким арочным изголовьем. Царга по периметру вырезана мягкой волной, ножки короткие и изогнутые.

Без изножья кровать выглядит легче и не перегораживает комнату в ногах.","REWRITE","display_group pv-15-16-bed (15-1, 15-2, 16-1, 16-2); фото всех: одинаковое арочное изголовье, без изножья, подзор, короткие ножки; «с тканью» - в названиях 15-2 и 16-2","EXACT","было: текст июльского прохода агента + общая приписка импорта; стало: editorial-pass-20261010, family provence-bed, источники - evidence",""
"prod_01KNTBXADZTNAKE49PYM4N1C8W","pv-15-1","PV-15-1","Полутораспальная кровать Прованс (120 × 190) без изножья","provence-bed","Прованс","Кровать","Полуторная кровать Provence под матрас 120 × 190 см: корпус 129 × 201 см, изголовье 107 см, без изножья. Формат для одного человека с запасом ширины - в подростковой комнате или небольшой спальне.

В линейке есть версия с тканевой вставкой в изголовье, если хочется смягчить деревянную спинку.

Есть варианты исполнения - уточним в заявке","Кровать с невысоким арочным изголовьем. Царга по периметру вырезана мягкой волной, ножки короткие и изогнутые.

Без изножья кровать выглядит легче и не перегораживает комнату в ногах.","REWRITE","display_group pv-15-16-bed (15-1, 15-2, 16-1, 16-2); фото всех: одинаковое арочное изголовье, без изножья, подзор, короткие ножки; «с тканью» - в названиях 15-2 и 16-2","EXACT","было: текст июльского прохода агента + общая приписка импорта; стало: editorial-pass-20261010, family provence-bed, источники - evidence",""
"prod_01KNTBXADZV2X8RHE2JG709BTE","pv-15-2","PV-15-2","Полутораспальная кровать Прованс (120 × 190) с тканью без изножья","provence-bed","Прованс","Кровать","Версия полуторной кровати Provence с тканевой вставкой в изголовье: матрас 120 × 190 см, корпус 129 × 201 см, без изножья. Ткань смягчает спинку - к ней приятнее прислоняться с книгой, и кровать выглядит теплее полностью деревянной модели.

Остальная геометрия совпадает с базовой полуторной кроватью линейки.

Есть варианты исполнения - уточним в заявке","Кровать с невысоким арочным изголовьем. Царга по периметру вырезана мягкой волной, ножки короткие и изогнутые.

В изголовье вставлена мягкая тканевая панель, к ней удобно прислониться с книгой.","REWRITE","display_group pv-15-16-bed (15-1, 15-2, 16-1, 16-2); фото всех: одинаковое арочное изголовье, без изножья, подзор, короткие ножки; «с тканью» - в названиях 15-2 и 16-2","EXACT","было: текст июльского прохода агента + общая приписка импорта; стало: editorial-pass-20261010, family provence-bed, источники - evidence",""
"prod_01KNTBXAE066FZ9JPRECQ0GZMJ","pv-16-1","PV-16-1","Полутораспальная кровать Прованс (140 × 190) без изножья","provence-bed","Прованс","Кровать","Кровать Provence под матрас 140 × 190 см - минимальный формат, на котором спят вдвоём. Корпус 149 × 201 см, изголовье 109 см, изножья нет: открытый край экономит главное, чего не хватает при двуспальной кровати в небольшой комнате, - проход.

Есть версия с тканевой вставкой в изголовье.

Есть варианты исполнения - уточним в заявке","Кровать с невысоким арочным изголовьем. Царга по периметру вырезана мягкой волной, ножки короткие и изогнутые.

Без изножья кровать выглядит легче и не перегораживает комнату в ногах.","REWRITE","display_group pv-15-16-bed (15-1, 15-2, 16-1, 16-2); фото всех: одинаковое арочное изголовье, без изножья, подзор, короткие ножки; «с тканью» - в названиях 15-2 и 16-2","EXACT","было: текст июльского прохода агента + общая приписка импорта; стало: editorial-pass-20261010, family provence-bed, источники - evidence",""
"prod_01KX1PJA6R9QNP7AQBG4NHWNED","pv-16-2","PV-16-2","Полутораспальная кровать Прованс (140 × 190) с тканью без изножья","provence-bed","Прованс","Кровать","Кровать Provence под матрас 140 × 190 см с тканевой вставкой в изголовье, без изножья. Мягкая спинка делает удобной посадку в кровати - читать и работать с ноутбуком можно, откинувшись на изголовье, а не на подушки.

Корпус 149 × 201 см повторяет базовую модель линейки.

Есть варианты исполнения - уточним в заявке","Кровать с невысоким арочным изголовьем. Царга по периметру вырезана мягкой волной, ножки короткие и изогнутые.

В изголовье вставлена мягкая тканевая панель, к ней удобно прислониться с книгой.","REWRITE","display_group pv-15-16-bed (15-1, 15-2, 16-1, 16-2); фото всех: одинаковое арочное изголовье, без изножья, подзор, короткие ножки; «с тканью» - в названиях 15-2 и 16-2","EXACT","было: текст июльского прохода агента + общая приписка импорта; стало: editorial-pass-20261010, family provence-bed, источники - evidence",""
"prod_01KNTBXAE02HB0SM89W0BM82A2","pv-17-1","PV-17-1","Двуспальная кровать Прованс (160 × 200) без изножья","provence-bed","Прованс","Кровать","Основная двуспальная кровать Provence: матрас 160 × 200 см, корпус 169 × 211 см, изголовье высотой 111 см. Изножья нет - силуэт легче, проход вдоль кровати свободнее.

Вместе с парой прикроватных тумбочек и комодом коллекции собирает спальню в цельную комнату; для просторных спален в линейке есть формат 180 × 200 см.

Есть варианты исполнения - уточним в заявке","Кровать с невысоким арочным изголовьем. Царга по периметру вырезана мягкой волной, ножки короткие и изогнутые.

Без изножья кровать выглядит легче и не перегораживает комнату в ногах.","REWRITE","display_group pv-15-16-bed (15-1, 15-2, 16-1, 16-2); фото всех: одинаковое арочное изголовье, без изножья, подзор, короткие ножки; «с тканью» - в названиях 15-2 и 16-2","EXACT","было: текст июльского прохода агента + общая приписка импорта; стало: editorial-pass-20261010, family provence-bed, источники - evidence",""
"prod_01KNTBXAE0HEVEGEFCZTYRNDG2","pv-18-1","PV-18-1","Двуспальная кровать Прованс (180 × 200) без изножья","provence-bed","Прованс","Кровать","Самая широкая кровать Provence: матрас 180 × 200 см, корпус 189 × 211 см, изголовье 112 см, без изножья. Формат просторной спальни - почти двухметровая спальная стена, которую изголовье и пара тумбочек коллекции превращают в законченную композицию.

Отделка - тёмное дерево или молочный, как у остальной корпусной мебели Provence.

Есть варианты исполнения - уточним в заявке","Кровать с невысоким арочным изголовьем. Царга по периметру вырезана мягкой волной, ножки короткие и изогнутые.

Без изножья кровать выглядит легче и не перегораживает комнату в ногах.","REWRITE","display_group pv-15-16-bed (15-1, 15-2, 16-1, 16-2); фото всех: одинаковое арочное изголовье, без изножья, подзор, короткие ножки; «с тканью» - в названиях 15-2 и 16-2","EXACT","было: текст июльского прохода агента + общая приписка импорта; стало: editorial-pass-20261010, family provence-bed, источники - evidence",""
"prod_01KNTBXAE0GEC1WW45XKYYC264","pv-23-1","PV-23-1","Стул Прованс","provence-chair","Прованс","Стул","Стул Provence: 48 × 46 см в плане, высота по спинке 90,5 см. Отделка - тёмное дерево или молочный; комплект стульев можно собрать в одном цвете или чередовать светлые и тёмные вокруг одного стола.

Это стул столовой - со спинкой полной высоты, а не табурет.

Есть варианты исполнения - уточним в заявке","Стул на изогнутых ножках: мягкое сиденье, мягкая вставка в спинке и слегка выгнутая верхняя планка.

Стул подходит к туалетному или письменному столу Прованса.

Каркас стула - молочный или в тоне тёмного дерева.","REWRITE","фото: мягкое сиденье и вставка в спинке, изогнутые ножки; finish_color_labels: 2 отделки; finish_color_labels: молочный / тёмное дерево","EXACT","было: текст июльского прохода агента с битым префиксом «Тип Имя:» + приписка импорта; стало: editorial-pass-20261010, family provence-chair, источники - evidence",""
"prod_01KNTBXAE0TNXMTQHFTYAZZFQG","pv-42-2","PV-42-2","Тумба для телевизора Прованс","provence-tv-stand","Прованс","Тумба","Тумба Provence под телевизор: 116 см по фронту, 48 см в глубину, 58 см в высоту. Низкий корпус держит экран на удобной высоте для просмотра с дивана и вмещает технику с проводами.

Отделка - тёмное дерево или молочный: тёмная версия делает спокойнее зону с экраном, светлая делает её незаметнее.

Есть варианты исполнения - уточним в заявке","Между 2 боковыми ящиками - открытая ниша, ниже - полка во всю ширину. Корпус стоит на коротких изогнутых ножках.

Технике хватает открытого места, а пульты и провода уходят в ящики.

Отделка корпуса - молочная или тёмное дерево.","REWRITE","фото: 2 ящика по бокам, открытая ниша по центру, полка внизу, изогнутые ножки; finish_color_labels: молочный / тёмное дерево","EXACT","было: текст июльского прохода агента + общая приписка импорта; стало: editorial-pass-20261010, family provence-tv-stand, источники - evidence",""
"prod_01KNTBXAE0HJGHFQ8P7HTHCGTR","pv-43-1","PV-43-1","Чайный столик Прованс","provence-tea-table","Прованс","Стол","Чайный столик Provence: столешница диаметром 60 см на высоте 75 см. Столик для мягкой зоны - чашка, книга, очки; круглая форма без углов удобна там, где вокруг постоянно двигаются.

Лёгкий предмет, который не требует своего места в планировке - он там, где сейчас сидят.

Есть варианты исполнения - уточним в заявке","Небольшой чайный столик на высоких изогнутых ножках с фигурной царгой. Его ставят у кресла, дивана или окна - для чашки, книги и очков.","REWRITE","фото: небольшая столешница, высокие изогнутые ножки, фигурная царга. Форма столешницы в данных и на фото расходится (в старом тексте - круглая, на фото - квадратная), поэтому форму не называем","STRONG","было: текст июльского прохода агента + общая приписка импорта; стало: editorial-pass-20261010, family provence-tea-table, источники - evidence","форма столешницы: старый текст - круглая 60 см, фото - квадратная; проверить спецификацию"
"prod_01KNTBXAE00AE9RHVB0G00DFGM","pv-55-1","PV-55-1","Малая банкетка Прованс","provence-bench","Прованс","Банкетка","Малая банкетка Provence: 47 × 40 см при высоте 45 см. Компактное сиденье к туалетному столику коллекции или в прихожую - присесть, обуться, положить сумку.

Отделка - тёмное дерево или молочный, в тон остальной мебели Provence.

Есть варианты исполнения - уточним в заявке","Банкетка с мягким сиденьем: под ним - царга с волнистым краем, ниже - изогнутые ножки.

Малую банкетку ставят к туалетному столику Прованса или в прихожую.

Банкетка бывает молочной или в тоне тёмного дерева.","REWRITE","фото обеих: мягкое сиденье, волнистая царга, изогнутые ножки; одинаковые глубина и высота; pv-55-1 finish_color_labels: молочный / тёмное дерево","EXACT","было: текст июльского прохода агента + общая приписка импорта; стало: editorial-pass-20261010, family provence-bench, источники - evidence",""
"prod_01KNTBXAE0WHWW3GW89K4V2M88","pv-55-2","PV-55-2","Большая банкетка Прованс","provence-bench","Прованс","Банкетка","Большая банкетка Provence длиной 85 см при глубине 40 см и высоте 45 см. Её место - у изножья кровати: плед и одежда сверху, посадка при обувании.

Поскольку кровати коллекции выпускаются без изножья, банкетка ещё и визуально завершает их открытый нижний край.

Есть варианты исполнения - уточним в заявке","Банкетка с мягким сиденьем: под ним - царга с волнистым краем, ниже - изогнутые ножки.

Большая банкетка рассчитана на место у изножья кровати: присесть, обуться, оставить плед.","REWRITE","фото обеих: мягкое сиденье, волнистая царга, изогнутые ножки; одинаковые глубина и высота; pv-55-1 finish_color_labels: молочный / тёмное дерево","EXACT","было: текст июльского прохода агента + общая приписка импорта; стало: editorial-pass-20261010, family provence-bench, источники - evidence",""
"prod_01KNTBXAE04G57KM32H7ZV0T7H","pv-61-1","PV-61-1","Книжный шкаф Прованс","provence-bookcase-glass","Прованс","Шкаф","Книжный шкаф Provence: 120 см по фронту, 46,5 см в глубину, 208 см в высоту - библиотека на полную высоту стены. Отделка - тёмное дерево или молочный; тёмный шкаф с книгами даёт классический кабинетный тон, светлый оставляет комнату воздушной.

Открытый стеллаж линейки с тем же корпусом позволяет собирать библиотечную стену из закрытых и открытых секций.

Есть варианты исполнения - уточним в заявке","Книжный шкаф с застеклёнными дверцами наверху и филёнчатыми внизу. Наверху книги видны за стеклом, внизу можно спрятать папки и коробки.

Арочный карниз и подзор - те же, что у платяных шкафов Прованса.

Шкаф бывает молочным или в тоне тёмного дерева.","REWRITE","фото: застеклённые дверцы наверху, филёнчатые внизу, арочный карниз; габариты совпадают с pv-62-1; finish_color_labels: молочный / тёмное дерево","EXACT","было: текст июльского прохода агента + общая приписка импорта; стало: editorial-pass-20261010, family provence-bookcase-glass, источники - evidence",""
"prod_01KNTBXAE026FENXYYPYARNHQN","pv-62-1","PV-62-1","Стеллаж для книг Прованс","provence-bookcase-open","Прованс","Стеллаж","Открытый книжный стеллаж Provence: 120 × 46,5 см при высоте 208 см. Корпус совпадает с книжным шкафом линейки, но без фасадов - книги и предметы остаются на виду и под рукой.

Отделка - тёмное дерево или молочный. Рядом со шкафом-«близнецом» собирается стена хранения с чередованием открытых и закрытых секций.

Есть варианты исполнения - уточним в заявке","Высокий стеллаж с открытыми полками под арочным карнизом. Он повторяет корпус книжного шкафа Прованса, только без дверец, поэтому книги и вещи остаются на виду.

Вместе шкаф и стеллаж собирают библиотечную стену: закрытое и открытое хранение в одном ряду.

Цвет стеллажа - молочный или тёмное дерево, как у книжного шкафа.","REWRITE","фото: открытые полки, арочный карниз, подзор; габариты совпадают с pv-61-1; finish_color_labels: молочный / тёмное дерево","EXACT","было: текст июльского прохода агента + общая приписка импорта; стало: editorial-pass-20261010, family provence-bookcase-open, источники - evidence",""
"prod_01KNTBXAE14DE7Z6FHFMT4X3XZ","pv-65-5","PV-65-5","Однотумбовый письменный стол Прованс (тумба с полками справа)","provence-desk-1ped","Прованс","Стол","Письменный стол Provence с одной опорной тумбой с дверцей справа: столешница 114 × 65 см на высоте 75 см. Закрытая тумба прячет бумаги и технику, открытая левая сторона оставляет посадку свободной.

В линейке четыре варианта компоновки - тумба с дверцей или с ящиками, справа или слева - под планировку и рабочие привычки.

Есть варианты исполнения - уточним в заявке","Фасады стола собраны из филёнок, под столешницей - ящик и резной подзор. Ножки короткие и изогнутые.

Тумба закрыта филёнчатой дверцей, за ней - полки для папок и техники.

Стол выпускается в молочном цвете или в тоне тёмного дерева.","REWRITE","pedestal_filling 0П / П0 / 0Я / Я0; фото: тумба с филёнчатой дверцей у 65-5/65-6, с 3 ящиками у 65-7/65-8; ящик в подстолье у всех; pv-65-5 и pv-65-8 finish_color_labels: молочный / тёмное дерево","EXACT","было: текст июльского прохода агента + общая приписка импорта; стало: editorial-pass-20261010, family provence-desk-1ped, источники - evidence",""
"prod_01KNTBXAE1ESNNW5DA36PEES6R","pv-65-6","PV-65-6","Однотумбовый письменный стол Прованс (тумба с полками слева)","provence-desk-1ped","Прованс","Стол","Зеркальная версия однотумбового письменного стола Provence: та же столешница 114 × 65 см, опорная тумба с дверцей - слева. Выбор стороны обычно диктует окно: свет должен падать на столешницу, а не в спину.

Остальные варианты линейки заменяют дверцу ящиками.

Есть варианты исполнения - уточним в заявке","Фасады стола собраны из филёнок, под столешницей - ящик и резной подзор. Ножки короткие и изогнутые.

Тумба закрыта филёнчатой дверцей, за ней - полки для папок и техники.","REWRITE","pedestal_filling 0П / П0 / 0Я / Я0; фото: тумба с филёнчатой дверцей у 65-5/65-6, с 3 ящиками у 65-7/65-8; ящик в подстолье у всех; pv-65-5 и pv-65-8 finish_color_labels: молочный / тёмное дерево","EXACT","было: текст июльского прохода агента + общая приписка импорта; стало: editorial-pass-20261010, family provence-desk-1ped, источники - evidence",""
"prod_01KNTBXAE1WDNJREW50KEKXGG2","pv-65-7","PV-65-7","Однотумбовый письменный стол Прованс (тумба с ящиками справа)","provence-desk-1ped","Прованс","Стол","Однотумбовый письменный стол Provence в версии с ящиками: столешница 114 × 65 см, тумба с выдвижными ящиками справа. Ящики удобнее дверцы, когда за столом работают ежедневно - канцелярия и бумаги разложены по уровням и достаются не глядя.

Зеркальная модель линейки переносит ящики влево.

Есть варианты исполнения - уточним в заявке","Фасады стола собраны из филёнок, под столешницей - ящик и резной подзор. Ножки короткие и изогнутые.

В тумбе - 3 выдвижных ящика для бумаг и канцелярии.","REWRITE","pedestal_filling 0П / П0 / 0Я / Я0; фото: тумба с филёнчатой дверцей у 65-5/65-6, с 3 ящиками у 65-7/65-8; ящик в подстолье у всех; pv-65-5 и pv-65-8 finish_color_labels: молочный / тёмное дерево","EXACT","было: текст июльского прохода агента + общая приписка импорта; стало: editorial-pass-20261010, family provence-desk-1ped, источники - evidence",""
"prod_01KNTBXAE15MWM65C2T93ZSGCW","pv-65-8","PV-65-8","Однотумбовый письменный стол Прованс (тумба с ящиками слева)","provence-desk-1ped","Прованс","Стол","Письменный стол Provence с тумбой из выдвижных ящиков слева: столешница 114 × 65 см на высоте 75 см. Вариант для посадки, где правая сторона должна остаться открытой - под свет из окна или проход.

Отделка, как и у всей линейки столов Provence, - тёмное дерево или молочный.

Есть варианты исполнения - уточним в заявке","Фасады стола собраны из филёнок, под столешницей - ящик и резной подзор. Ножки короткие и изогнутые.

В тумбе - 3 выдвижных ящика для бумаг и канцелярии.

Стол выпускается в молочном цвете или в тоне тёмного дерева.","REWRITE","pedestal_filling 0П / П0 / 0Я / Я0; фото: тумба с филёнчатой дверцей у 65-5/65-6, с 3 ящиками у 65-7/65-8; ящик в подстолье у всех; pv-65-5 и pv-65-8 finish_color_labels: молочный / тёмное дерево","EXACT","было: текст июльского прохода агента + общая приписка импорта; стало: editorial-pass-20261010, family provence-desk-1ped, источники - evidence",""
"prod_01KNTBXAE1NQA13JRXRBGF8S86","pv-66-6","PV-66-6","Двухтумбовый письменный стол Прованс (полки слева, ящики справа)","provence-desk-2ped","Прованс","Стол","Двухтумбовый письменный стол Provence: столешница 153 × 70 см на двух опорных тумбах - слева с дверцей, справа с выдвижными ящиками. Смешанная компоновка делит хранение по типу: объёмное - за дверцей, рабочее - в ящиках под рукой.

Полноценный кабинетный стол, способный стоять и не у стены; зеркальная версия меняет тумбы местами.

Есть варианты исполнения - уточним в заявке","В одной тумбе - выдвижные ящики, в другой - полки за филёнчатой дверцей. Между тумбами - ящик в подстолье и место для стула.

Резной подзор и короткие изогнутые ножки - как у комодов и тумб Прованса.","REWRITE","pedestal_filling ПЯ / ЯП; фото обоих: тумба с ящиками и тумба с дверцей, ящик в подстолье","EXACT","было: текст июльского прохода агента + общая приписка импорта; стало: editorial-pass-20261010, family provence-desk-2ped, источники - evidence",""
"prod_01KNTBXAE1SF1W6MBA9Q9XSRXF","pv-66-7","PV-66-7","Двухтумбовый письменный стол Прованс (ящики слева, полки справа)","provence-desk-2ped","Прованс","Стол","Зеркальная версия двухтумбового письменного стола Provence: столешница 153 × 70 см, тумба с ящиками слева, с дверцей - справа. Выбор между двумя версиями - вопрос того, какой рукой удобнее тянуться к ящикам во время работы.

Геометрия и отделки общие с остальной кабинетной линейкой коллекции.

Есть варианты исполнения - уточним в заявке","В одной тумбе - выдвижные ящики, в другой - полки за филёнчатой дверцей. Между тумбами - ящик в подстолье и место для стула.

Резной подзор и короткие изогнутые ножки - как у комодов и тумб Прованса.","REWRITE","pedestal_filling ПЯ / ЯП; фото обоих: тумба с ящиками и тумба с дверцей, ящик в подстолье","EXACT","было: текст июльского прохода агента + общая приписка импорта; стало: editorial-pass-20261010, family provence-desk-2ped, источники - evidence",""
"prod_01KNTBXAE12P62GNQEK14V0VTR","pv-68-1","PV-68-1","Малая этажерка Прованс, 3 полки","provence-etagere-small","Прованс","Этажерка","Малая этажерка Provence: три открытые полки при основании 48 × 35 см и высоте 80 см. Лёгкий предмет для книг у кресла, растений у окна или мелочей в ванной - этажерка не требует стены и легко переезжает по комнате.

Открытая конструкция не перегружает даже маленькое помещение.

Есть варианты исполнения - уточним в заявке","Небольшая открытая этажерка на точёных стойках с фигурным основанием. Ей хватает места у кресла, кровати или окна - для книг, растений и мелочей.","REWRITE","название: малая, 3 полки; фото: точёные стойки, 3 полки, фигурное основание","EXACT","было: текст июльского прохода агента + общая приписка импорта; стало: editorial-pass-20261010, family provence-etagere-small, источники - evidence",""
"prod_01KNTBXAE1TDX5MN4PZH57HM6Y","pv-68-2","PV-68-2","Большая этажерка Прованс, 6 полок","provence-etagere-large","Прованс","Этажерка","Большая этажерка Provence: шесть открытых полок, фронт 88,5 см, высота 177 см. Работает как открытый стеллаж, но легче его - без глухих боковин и задней стенки конструкция пропускает свет и не давит на комнату.

Полки принимают книги, коробки и предметы вперемешку - этажерка это допускает.

Есть варианты исполнения - уточним в заявке","Высокая открытая этажерка на 6 полок. Без дверец и глухих стенок она легче стеллажа, а места хватает для библиотеки, растений и корзин.","REWRITE","название: большая, 6 полок. Фото выбивается из серии (тёмное дерево, витые стойки), поэтому о форме и отделке не пишем","STRONG","было: текст июльского прохода агента + общая приписка импорта; стало: editorial-pass-20261010, family provence-etagere-large, источники - evidence","фото не похоже на остальные предметы Прованса (тёмное дерево, витые стойки) - проверить медиа"
"prod_01KNTBXAE13M4M3KQ6CCE5NAMN","pv-69-1","PV-69-1","Книжная полка Прованс","provence-wall-shelf","Прованс","Полка","Навесная книжная полка Provence: 70 см длины, 24,5 см глубины, высота 32 см. Настенный формат для книг над письменным столом, комодом или изголовьем - хранение там, где пол уже занят.

Небольшая длина позволяет собирать композиции из нескольких полок.

Есть варианты исполнения - уточним в заявке","Навесная книжная полка с волнистым верхом задней стенки и закруглёнными боковинами. Её вешают над письменным столом, комодом или изголовьем.","REWRITE","фото: волнистый верх задней стенки, закруглённые боковины","EXACT","было: текст июльского прохода агента + общая приписка импорта; стало: editorial-pass-20261010, family provence-wall-shelf, источники - evidence",""
"prod_01KV69A7AMQGCQMFGTXKY2VFPY","rl-05-3","rl-05-3","Высокий комод Вилли Винки","ww-chest-high","Вилли Винки","Комод","Высокий комод серии Royal Lilies (Willie Winkie): вертикальная компоновка ящиков при уменьшенной глубине 44 см - формат для небольшой детской, где комод должен быть вместительным, но не громоздким. Роспись Royal Lilies объединяет его с рабочим столом той же серии.

Есть варианты исполнения - уточним в заявке","Наверху 2 небольших ящика, ниже - ряд широких, а сам корпус стоит на шарообразных ножках. Фасад работает как одна картина - роспись проходит сразу через несколько ящиков.

Комод выпускается полностью из массива или с фасадами из массива и корпусом из ЛДСП.

Роспись «Королевские лилии» тянется вертикально через центр фасада, внизу её подхватывает орнамент. Верх и цоколь выделены контрастным цветом.","REWRITE","фото всех 9: одинаковый корпус - 2 малых ящика наверху, ряд широких ниже, шарообразные ножки; metadata.motif различается; material_tier_labels: полностью массив / фронты массив + ЛДСП","EXACT","было: текст июльского прохода агента + общая приписка импорта; стало: editorial-pass-20261010, family ww-chest-high, источники - evidence",""
"prod_01KV69A7AMAN66BZ464F3B8W2P","rl-67-1","rl-67-1","Рабочий стол Вилли Винки","ww-desk","Вилли Винки","Стол","Рабочий стол серии Royal Lilies (Willie Winkie) - место для занятий, которое не выглядит чужим в детской: роспись Royal Lilies вписывает его в сюжет комнаты.

Есть варианты исполнения - уточним в заявке","Ящики спрятаны в подстолье, стол стоит на высоких точёных ножках. Тумб нет - стул задвигается целиком.

Стол выпускается полностью из массива или с фасадами из массива и корпусом из ЛДСП.

Роспись «Королевские лилии» идёт по ящикам, столешница выделена контрастным цветом.","REWRITE","фото всех 4: ящики в подстолье, высокие точёные ножки, открытое место для ног; metadata.motif; material_tier_labels","EXACT","было: текст июльского прохода агента + общая приписка импорта; стало: editorial-pass-20261010, family ww-desk, источники - evidence",""
"prod_01KV69A7AMDV16WD9K03GKBJJ5","rs-05-3","rs-05-3","Высокий комод Вилли Винки","ww-chest-high","Вилли Винки","Комод","Высокий комод серии Rural Scenery (Willie Winkie): полная глубина 56 см при вертикальной компоновке ящиков - хранение, занимающее минимум стены. Роспись Rural Scenery задаёт комнате сюжет и связывает комод со стеллажом того же мотива.

Есть варианты исполнения - уточним в заявке","Наверху 2 небольших ящика, ниже - ряд широких, а сам корпус стоит на шарообразных ножках. Фасад работает как одна картина - роспись проходит сразу через несколько ящиков.

Комод выпускается полностью из массива или с фасадами из массива и корпусом из ЛДСП.

Роспись «Сельский пейзаж» - крупная сцена в центре фасада. Верх и цоколь выделены контрастным цветом.","REWRITE","фото всех 9: одинаковый корпус - 2 малых ящика наверху, ряд широких ниже, шарообразные ножки; metadata.motif различается; material_tier_labels: полностью массив / фронты массив + ЛДСП","EXACT","было: текст июльского прохода агента + общая приписка импорта; стало: editorial-pass-20261010, family ww-chest-high, источники - evidence",""
"prod_01KV69A7AN7P60FE081R6WCCFT","rs-62-1","rs-62-1","Высокий стеллаж для книг Вилли Винки","ww-bookcase-tall","Вилли Винки","Стеллаж","Высокий книжный стеллаж серии Rural Scenery (Willie Winkie): открытые полки в несколько ярусов: нижние - в зоне ребёнка, верхние - «на вырост». Роспись Rural Scenery делает стеллаж частью сюжетной серии вместе с высоким комодом того же мотива.

Есть варианты исполнения - уточним в заявке","Открытые полки собраны под аркой и фронтоном, в основании - 2 ящика. Корпус стоит на шарообразных ножках.

Стеллаж выпускается полностью из массива или с фасадами из массива и корпусом из ЛДСП.

Корпус окрашен целиком, роспись «Сельский пейзаж» - на ящиках и фронтоне.","REWRITE","название: высокий; фото всех 4: арочный верх ниши, фронтон, 2 ящика внизу, шарообразные ножки; rs и te - корпус контрастного цвета","STRONG","было: текст июльского прохода агента + общая приписка импорта; стало: editorial-pass-20261010, family ww-bookcase-tall, источники - evidence",""
"prod_01KQCSHV3ZRYAYT8GXPJAT6F4Q","s-ox-05","S-OX-05","Ступени с перилами и ящиками Оксфорд","oxford-steps","Оксфорд","Ступени","Ступени с перилами и ящиками Оксфорд.

Есть варианты исполнения - уточним в заявке","По ним поднимаются на верхний ярус комплекса Оксфорд. Каждая ступень - выдвижной ящик, а сбоку идут перила на балясинах, за которые удобно держаться.","REWRITE","название: ступени с перилами и ящиками; фото: ступени с выдвижными ящиками и перилами на балясинах","STRONG","было: текст июльского прохода агента + общая приписка импорта; стало: editorial-pass-20261010, family oxford-steps, источники - evidence","габариты в источнике не распознаны; данные Оксфорда пилотные"
"prod_01KV69A7ANP5VGMN2FSA70901M","sh-81-1","sh-81-1","Детский столик Вилли Винки","ww-kids-table","Вилли Винки","Стол","Детский столик серии Sweet Home (Willie Winkie) - стол детского масштаба: своё место для рисования и игр. Роспись Sweet Home делает столик самостоятельным предметом, а не приложением к взрослой мебели.

Есть варианты исполнения - уточним в заявке","Небольшой детский стол на точёных ножках, с ящиком в подстолье. Роспись вынесена на столешницу - на неё смотрят каждый раз, когда садятся рисовать или играть.

Роспись «Милый дом» - по углам столешницы, ножки и подстолье окрашены контрастно.","REWRITE","фото обоих: ящик в подстолье, точёные ножки, роспись на столешнице; sh-81-1 - контрастное основание; стул на фото sh-81-1 в товар не входит","STRONG","было: текст июльского прохода агента + общая приписка импорта; стало: editorial-pass-20261010, family ww-kids-table, источники - evidence","на фото рядом стоит стул; в названии только столик - состав комплекта подтвердить у владельца"
"prod_01KV69A7ANHZDE3RR57WJ4ESYP","tb-05-3","tb-05-3","Высокий комод Вилли Винки","ww-chest-high","Вилли Винки","Комод","Высокий комод серии Teddy Bear (Willie Winkie) в полноглубокой версии 56 см. Ярусы ящиков вверх вместо второго корпуса вширь - комод занимает меньше стены.

Роспись Teddy Bear связывает комод с рабочим столом и стеллажом серии - комната собирается вокруг одного сюжета.

Есть варианты исполнения - уточним в заявке","Наверху 2 небольших ящика, ниже - ряд широких, а сам корпус стоит на шарообразных ножках. Фасад работает как одна картина - роспись проходит сразу через несколько ящиков.

Комод выпускается полностью из массива или с фасадами из массива и корпусом из ЛДСП.

Роспись «Плюшевый мишка» - сюжет в центре фасада и мелкие детали на верхних ящиках.","REWRITE","фото всех 9: одинаковый корпус - 2 малых ящика наверху, ряд широких ниже, шарообразные ножки; metadata.motif различается; material_tier_labels: полностью массив / фронты массив + ЛДСП","EXACT","было: текст июльского прохода агента + общая приписка импорта; стало: editorial-pass-20261010, family ww-chest-high, источники - evidence",""
"prod_01KV69A7ANWMNJCC3AA2RDR7MR","tb-62-1","tb-62-1","Высокий стеллаж для книг Вилли Винки","ww-bookcase-tall","Вилли Винки","Стеллаж","Высокий книжный стеллаж серии Teddy Bear (Willie Winkie): открытые полки в несколько ярусов держат детскую библиотеку на виду. Роспись Teddy Bear продолжает сюжет серии, к стеллажу подбираются комод и рабочий стол того же мотива.

Есть варианты исполнения - уточним в заявке","Открытые полки собраны под аркой и фронтоном, в основании - 2 ящика. Корпус стоит на шарообразных ножках.

Стеллаж выпускается полностью из массива или с фасадами из массива и корпусом из ЛДСП.

Роспись «Плюшевый мишка» - на фронтоне и ящиках, корпус светлый.","REWRITE","название: высокий; фото всех 4: арочный верх ниши, фронтон, 2 ящика внизу, шарообразные ножки; rs и te - корпус контрастного цвета","STRONG","было: текст июльского прохода агента + общая приписка импорта; стало: editorial-pass-20261010, family ww-bookcase-tall, источники - evidence",""
"prod_01KV69A7ANKBFQ8BGHW8SQ5CTY","tb-67-1","tb-67-1","Рабочий стол Вилли Винки","ww-desk","Вилли Винки","Стол","Рабочий стол серии Teddy Bear (Willie Winkie) - полноценное место для занятий в детской: роспись Teddy Bear связывает стол с комодом и стеллажом серии.

Есть варианты исполнения - уточним в заявке","Ящики спрятаны в подстолье, стол стоит на высоких точёных ножках. Тумб нет - стул задвигается целиком.

Стол выпускается полностью из массива или с фасадами из массива и корпусом из ЛДСП.

Роспись «Плюшевый мишка» - сценки на боковых ящиках.","REWRITE","фото всех 4: ящики в подстолье, высокие точёные ножки, открытое место для ног; metadata.motif; material_tier_labels","EXACT","было: текст июльского прохода агента + общая приписка импорта; стало: editorial-pass-20261010, family ww-desk, источники - evidence",""
"prod_01KV69A7ANEWZAQV2G0PG4B8H7","te-02-2","te-02-2","Высокий двухдверный шкаф для одежды Вилли Винки","ww-wardrobe-tall","Вилли Винки","Шкаф","Двухдверный шкаф для одежды серии Templars (Willie Winkie) в высокой версии - основной объём хранения детской комнаты. Роспись Templars совпадает с другими предметами серии.

Есть варианты исполнения - уточним в заявке","Наверху - фронтон, в основании - 2 ящика, между ними - 2 дверцы. Дверцы - главное поле для росписи.

Дверцы с арочными филёнками в контрастной раме, роспись «Рыцари» - по центру каждой дверцы.

Исполнение - полностью массив или фасады из массива с корпусом из ЛДСП.","REWRITE","фото обоих: фронтон, 2 дверцы, 2 ящика внизу, шарообразные ножки; te-02-2 - арочные филёнки","STRONG","было: текст июльского прохода агента + общая приписка импорта; стало: editorial-pass-20261010, family ww-wardrobe-tall, источники - evidence",""
"prod_01KV69A7AN5FGGQ0RRHQN9E460","te-05-1","te-05-1","Стандартный комод Вилли Винки","ww-chest-standard","Вилли Винки","Комод","Стандартный комод серии Templars (Willie Winkie) в полноглубокой версии 56 см: в каждом ящике больше места, чем у версий с глубиной 44 см. Верхняя плоскость остаётся на удобной для взрослого высоте.

Роспись Templars совпадает с другими предметами серии.

Есть варианты исполнения - уточним в заявке","Широкий комод с 2 небольшими ящиками наверху и 3 широкими под ними, на шарообразных ножках. Большие фасады дают росписи место развернуться.

Исполнение - полностью массив или фасады из массива с корпусом из ЛДСП.

Роспись «Рыцари» в фигурной рамке занимает середину фасада. Верх и цоколь выделены контрастным цветом.","REWRITE","фото всех 4: 2 малых ящика наверху, 3 широких ниже, шарообразные ножки; metadata.motif; material_tier_labels","EXACT","было: текст июльского прохода агента + общая приписка импорта; стало: editorial-pass-20261010, family ww-chest-standard, источники - evidence",""
"prod_01KV69A7ANA9Q0RM9FGCPM9KMQ","te-05-3","te-05-3","Высокий комод Вилли Винки","ww-chest-high","Вилли Винки","Комод","Высокий комод серии Templars (Willie Winkie) с уменьшенной глубиной 44 см: ярусы ящиков вверх при щадящей глубине - вариант для небольшой детской, где стандартный комод с полной глубиной уже не встаёт. Роспись Templars связывает его с остальной серией.

Есть варианты исполнения - уточним в заявке","Наверху 2 небольших ящика, ниже - ряд широких, а сам корпус стоит на шарообразных ножках. Фасад работает как одна картина - роспись проходит сразу через несколько ящиков.

Комод выпускается полностью из массива или с фасадами из массива и корпусом из ЛДСП.

Роспись «Рыцари» вписана в крупный овальный медальон. Верх и цоколь выделены контрастным цветом.","REWRITE","фото всех 9: одинаковый корпус - 2 малых ящика наверху, ряд широких ниже, шарообразные ножки; metadata.motif различается; material_tier_labels: полностью массив / фронты массив + ЛДСП","EXACT","было: текст июльского прохода агента + общая приписка импорта; стало: editorial-pass-20261010, family ww-chest-high, источники - evidence",""
"prod_01KV69A7ANA0C0PJ40Y13HE005","te-62-1","te-62-1","Высокий стеллаж для книг Вилли Винки","ww-bookcase-tall","Вилли Винки","Стеллаж","Высокий книжный стеллаж серии Templars (Willie Winkie) - открытое хранение на всю высоту: книги, коробки с играми, корзины. Открытые полки держат содержимое на виду.

Роспись Templars продолжает сюжет серии.

Есть варианты исполнения - уточним в заявке","Открытые полки собраны под аркой и фронтоном, в основании - 2 ящика. Корпус стоит на шарообразных ножках.

Стеллаж выпускается полностью из массива или с фасадами из массива и корпусом из ЛДСП.

Корпус окрашен в контрастный цвет, полки светлые. Роспись «Рыцари» - на ящиках и фронтоне.","REWRITE","название: высокий; фото всех 4: арочный верх ниши, фронтон, 2 ящика внизу, шарообразные ножки; rs и te - корпус контрастного цвета","STRONG","было: текст июльского прохода агента + общая приписка импорта; стало: editorial-pass-20261010, family ww-bookcase-tall, источники - evidence",""
"prod_01KV69A7ANT2KEJ5QYJV4WGYVF","to-62-1","to-62-1","Высокий стеллаж для книг Вилли Винки","ww-bookcase-tall","Вилли Винки","Стеллаж","Высокий книжный стеллаж серии Tommy (Willie Winkie): открытые полки в несколько ярусов под книги и игры - нижние в зоне ребёнка, верхние «на вырост». Роспись Tommy делает стеллаж сюжетным предметом, а не фоновой мебелью.

Есть варианты исполнения - уточним в заявке","Открытые полки собраны под аркой и фронтоном, в основании - 2 ящика. Корпус стоит на шарообразных ножках.

Стеллаж выпускается полностью из массива или с фасадами из массива и корпусом из ЛДСП.

Роспись «Томми» - маленькие сцены на ящиках, сам стеллаж светлый.","REWRITE","название: высокий; фото всех 4: арочный верх ниши, фронтон, 2 ящика внизу, шарообразные ножки; rs и te - корпус контрастного цвета","STRONG","было: текст июльского прохода агента + общая приписка импорта; стало: editorial-pass-20261010, family ww-bookcase-tall, источники - evidence",""
"prod_01KV69A7AN1AF4AEJT3TS63Z0H","tw-05-3","tw-05-3","Высокий комод Вилли Винки","ww-chest-high","Вилли Винки","Комод","Высокий комод серии Tiggy-Winkle (Willie Winkie): полная глубина 56 см при вертикальной компоновке ящиков - комод занимает меньше стены, чем широкий формат. Роспись Tiggy-Winkle задаёт предмету характер и собирает вокруг него сюжет комнаты.

Есть варианты исполнения - уточним в заявке","Наверху 2 небольших ящика, ниже - ряд широких, а сам корпус стоит на шарообразных ножках. Фасад работает как одна картина - роспись проходит сразу через несколько ящиков.

Комод выпускается полностью из массива или с фасадами из массива и корпусом из ЛДСП.

Роспись «Ежик» - несколько небольших сцен, каждая на своём ящике.","REWRITE","фото всех 9: одинаковый корпус - 2 малых ящика наверху, ряд широких ниже, шарообразные ножки; metadata.motif различается; material_tier_labels: полностью массив / фронты массив + ЛДСП","EXACT","было: текст июльского прохода агента + общая приписка импорта; стало: editorial-pass-20261010, family ww-chest-high, источники - evidence",""
