product_id,handle,sku,collection,classification,field,old_text,new_text,status,source_facts,editorial_notes
prod_01KNTBXADAKWN6BXHSYFRX0R2F,co-02-1,CO-02-1,Country London Paris,CONFIGURABLE,subtitle,,"Двухдверный платяной шкаф Country — 120 см по фронту, четыре цвета эмали.",safe_to_rewrite,"габариты 1200×640×2200 мм; 2 двери — из названия; finish_color_labels: Голубой, Серый, Молочный, Оливковый",
prod_01KNTBXADAKWN6BXHSYFRX0R2F,co-02-1,CO-02-1,Country London Paris,CONFIGURABLE,description,,"Двухдверный шкаф коллекции Country London Paris: фронт 120 см, глубина 64 см, высота 220 см — на 12 см выше типового шкафа, что даёт дополнительный объём под антресольное хранение. Цвет выбирается из четырёх: голубой, серый, молочный или оливковый — гамма коллекции построена на приглушённых «загородных» тонах, которые спокойно уживаются друг с другом в одной комнате.",safe_to_rewrite,"габариты 1200×640×2200 мм; 2 двери — из названия; finish_color_labels: Голубой, Серый, Молочный, Оливковый",
prod_01KNTBXADA9TM4A89YEGTRVFDR,co-05-1,CO-05-1,Country London Paris,CONFIGURABLE,subtitle,,"Комод Country — 90 см по фронту, четыре цвета крашеного фасада.",safe_to_rewrite,"габариты 900×560×810 мм; finish_color_labels: Голубой, Серый, Молочный, Оливковый",
prod_01KNTBXADA9TM4A89YEGTRVFDR,co-05-1,CO-05-1,Country London Paris,CONFIGURABLE,description,,"Комод Country London Paris: 90 см по фронту, 56 см в глубину, 81 см в высоту — базовый спальный формат. Крашеный фасад выпускается в четырёх цветах коллекции: голубом, сером, молочном и оливковом; комод может совпадать по тону со шкафом или намеренно отличаться — палитра рассчитана на такие сочетания. Столешница на высоте 81 см остаётся рабочей поверхностью.",safe_to_rewrite,"габариты 900×560×810 мм; finish_color_labels: Голубой, Серый, Молочный, Оливковый",
prod_01KNTBXADAV2SBRCDYKZDNJJDB,co-08-1,CO-08-1,Country London Paris,CONFIGURABLE,subtitle,,"Прикроватная тумбочка Country — 50 см, четыре цвета в палитре коллекции.",safe_to_rewrite,"габариты 500×440×600 мм; finish_color_labels: Голубой, Серый, Молочный, Оливковый",
prod_01KNTBXADAV2SBRCDYKZDNJJDB,co-08-1,CO-08-1,Country London Paris,CONFIGURABLE,description,,"Прикроватная тумбочка Country London Paris: 50 см в ширину, 44 см в глубину, 60 см в высоту. Столешница на уровне руки лежащего — под лампу, книгу и телефон. Четыре цвета на выбор — голубой, серый, молочный, оливковый — позволяют паре тумбочек поддержать кровать тон в тон или дать спальне два спокойных акцента.",safe_to_rewrite,"габариты 500×440×600 мм; finish_color_labels: Голубой, Серый, Молочный, Оливковый",
prod_01KNTBXADASA751ZC9C33QCE9M,co-14-2,CO-14-2,Country London Paris,CONFIGURABLE,title,Кровать 1 сп. (90*190) с подъем мех,Кровать 1-сп. (90×190) с подъёмным механизмом,safe_to_rewrite,габариты 982×1994×1100 мм; матрас и механизм — из названия; finish_color_labels — 2 цвета,
prod_01KNTBXADASA751ZC9C33QCE9M,co-14-2,CO-14-2,Country London Paris,CONFIGURABLE,subtitle,,Односпальная кровать Country 90 × 190 см с подъёмным механизмом.,safe_to_rewrite,габариты 982×1994×1100 мм; матрас и механизм — из названия; finish_color_labels — 2 цвета,
prod_01KNTBXADASA751ZC9C33QCE9M,co-14-2,CO-14-2,Country London Paris,CONFIGURABLE,description,,"Односпальная кровать Country London Paris под матрас 90 × 190 см с подъёмным механизмом: основание поднимается, открывая место для хранения под матрасом. Корпус 98 × 199 см, изголовье 110 см; цвет — из палитры коллекции, для этой модели доступны два варианта.",safe_to_rewrite,габариты 982×1994×1100 мм; матрас и механизм — из названия; finish_color_labels — 2 цвета,
prod_01KNTBXADAMWN4PD2KMWP2E4MH,co-15-2,CO-15-2,Country London Paris,CONFIGURABLE,title,"Кровать 1,5 сп. (120*190) с подъем мех","Кровать 1,5-сп. (120×190) с подъёмным механизмом",safe_to_rewrite,"габариты 1282×1990×1150 мм; матрас и механизм — из названия; finish_color_labels: Голубой, Серый, Молочный, Оливковый",
prod_01KNTBXADAMWN4PD2KMWP2E4MH,co-15-2,CO-15-2,Country London Paris,CONFIGURABLE,subtitle,,Полуторная кровать Country 120 × 190 см с подъёмным механизмом.,safe_to_rewrite,"габариты 1282×1990×1150 мм; матрас и механизм — из названия; finish_color_labels: Голубой, Серый, Молочный, Оливковый",
prod_01KNTBXADAMWN4PD2KMWP2E4MH,co-15-2,CO-15-2,Country London Paris,CONFIGURABLE,description,,"Полуторная кровать Country London Paris под матрас 120 × 190 см с подъёмным механизмом. Матрас с основанием поднимается — под ним место для хранения. Корпус 128 × 199 см, изголовье 115 см. Цвет выбирается из четырёх: голубой, серый, молочный или оливковый.",safe_to_rewrite,"габариты 1282×1990×1150 мм; матрас и механизм — из названия; finish_color_labels: Голубой, Серый, Молочный, Оливковый",
prod_01KNTBXADAPWAQGMQG48P00R3M,co-61-1,CO-61-1,Country London Paris,CONFIGURABLE,subtitle,,"Книжный шкаф Country со стеклом — 120 см по фронту, 220 см высоты.",safe_to_rewrite,"габариты 1200×428×2200 мм; стекло — из названия; finish_color_labels: Голубой, Серый, Молочный, Оливковый",
prod_01KNTBXADAPWAQGMQG48P00R3M,co-61-1,CO-61-1,Country London Paris,CONFIGURABLE,description,,"Книжный шкаф Country London Paris со стеклянными фасадами: 120 см по фронту, глубина 43 см, высота 220 см. Стекло оставляет корешки частью комнаты — формат домашней библиотеки, а не служебного стеллажа. Четыре цвета корпуса — голубой, серый, молочный, оливковый; тёмные книги на цветном фоне читаются особенно чётко.",safe_to_rewrite,"габариты 1200×428×2200 мм; стекло — из названия; finish_color_labels: Голубой, Серый, Молочный, Оливковый",
prod_01KNTBXADB4V43P4P0KDTHVDQR,co-62-1,CO-62-1,Country London Paris,CONFIGURABLE,subtitle,,"Широкий открытый стеллаж Country — 120 см по фронту, 220 см высоты.",safe_to_rewrite,габариты 1200×428×2200 мм; открытый — из названия «стеллаж»; finish_color_labels — 3 цвета; шкаф co-61-1 — по данным (тот же корпус),
prod_01KNTBXADB4V43P4P0KDTHVDQR,co-62-1,CO-62-1,Country London Paris,CONFIGURABLE,description,,"Широкий стеллаж Country London Paris: 120 см по фронту, 43 см в глубину, 220 см в высоту — открытая версия книжного шкафа коллекции. Открытые полки держат библиотеку и предметы на виду; рядом со стеклянным «близнецом» собирается стена хранения на всю высоту комнаты. Три цвета на выбор из палитры коллекции.",safe_to_rewrite,габариты 1200×428×2200 мм; открытый — из названия «стеллаж»; finish_color_labels — 3 цвета; шкаф co-61-1 — по данным (тот же корпус),
prod_01KNTBXADB2M4E381QSZ5X850S,co-62-2,CO-62-2,Country London Paris,CONFIGURABLE,subtitle,,"Узкий стеллаж Country с дверью — 41 см по фронту, 190 см высоты.",safe_to_rewrite,габариты 412×400×1900 мм; дверь — из названия; finish_color_labels: 4 цвета; широкий co-62-1 — по каталогу,
prod_01KNTBXADB2M4E381QSZ5X850S,co-62-2,CO-62-2,Country London Paris,CONFIGURABLE,description,,"Узкий стеллаж Country London Paris с дверцей в нижней части: 41 см по фронту при высоте 190 см. Формат для простенков и узких мест — открытые полки сверху, закрытое хранение за дверцей снизу. Работает и как самостоятельная «колонна», и как доборный элемент к широкому стеллажу линейки. Четыре цвета на выбор.",safe_to_rewrite,габариты 412×400×1900 мм; дверь — из названия; finish_color_labels: 4 цвета; широкий co-62-1 — по каталогу,
prod_01KNTBXADBFHZ2C5MH2M4PVVT8,co-62-3,CO-62-3,Country London Paris,CONFIGURABLE,subtitle,,Узкий стеллаж Country с ящиком — открытые полки плюс ящик внизу.,safe_to_rewrite,габариты 412×400×1900 мм; ящик — из названия; парный co-62-2 — по каталогу,
prod_01KNTBXADBFHZ2C5MH2M4PVVT8,co-62-3,CO-62-3,Country London Paris,CONFIGURABLE,description,,"Узкий стеллаж Country London Paris с выдвижным ящиком: 41 см по фронту, высота 190 см. Парная модель к узкому стеллажу с дверью — вместо дверцы внизу ящик, который удобнее для мелочей и бумаг. Вертикальная «колонна» хранения для простенка или композиции из нескольких узких секций.",safe_to_rewrite,габариты 412×400×1900 мм; ящик — из названия; парный co-62-2 — по каталогу,
prod_01KNTBXADB5BFDKMSAB35J8Z0V,co-65-1,CO-65-1,Country London Paris,CONFIGURABLE,subtitle,,Письменный стол Country с тумбой справа — 113 × 64 см.,safe_to_rewrite,габариты 1132×640×780 мм; конфигурация 0П — из названия; finish_color_labels — 5 цветов; зеркальный co-65-2 — по каталогу,
prod_01KNTBXADB5BFDKMSAB35J8Z0V,co-65-1,CO-65-1,Country London Paris,CONFIGURABLE,description,,"Письменный стол Country London Paris с одной опорной тумбой справа: столешница 113 × 64 см на высоте 78 см. Тумба закрывает хранение под рабочей рукой, открытая левая сторона оставляет посадку свободной. Пять цветов на выбор — самая широкая палитра в линейке столов коллекции; зеркальная версия переносит тумбу влево.",safe_to_rewrite,габариты 1132×640×780 мм; конфигурация 0П — из названия; finish_color_labels — 5 цветов; зеркальный co-65-2 — по каталогу,
prod_01KNTBXADBCCE0GHPB33PVQXS2,co-65-2,CO-65-2,Country London Paris,CONFIGURABLE,subtitle,,Письменный стол Country с тумбой слева — зеркальная компоновка.,safe_to_rewrite,габариты 1132×640×780 мм; конфигурация П0 — из названия; finish_color_labels — 4 цвета,
prod_01KNTBXADBCCE0GHPB33PVQXS2,co-65-2,CO-65-2,Country London Paris,CONFIGURABLE,description,,"Зеркальная версия однотумбового письменного стола Country London Paris: столешница 113 × 64 см, опорная тумба — слева. Сторону выбирают по свету и планировке: окно должно освещать столешницу, а не спину сидящего. Четыре цвета корпуса из палитры коллекции.",safe_to_rewrite,габариты 1132×640×780 мм; конфигурация П0 — из названия; finish_color_labels — 4 цвета,
prod_01KNTBXADCVEHH7HVB0ZGDS1KV,co-66-1,CO-66-1,Country London Paris,CONFIGURABLE,subtitle,,"Двухтумбовый стол Country — 155 см, ящики с обеих сторон.",safe_to_rewrite,габариты 1550×700×780 мм; конфигурация ЯЯ (ящики/ящики) — из названия; finish_color_labels: 4 цвета,
prod_01KNTBXADCVEHH7HVB0ZGDS1KV,co-66-1,CO-66-1,Country London Paris,CONFIGURABLE,description,,"Двухтумбовый письменный стол Country London Paris: столешница 155 × 70 см, обе опорные тумбы — с выдвижными ящиками. Самая «рабочая» компоновка линейки: всё хранение разложено по ящикам на расстоянии руки, стол может стоять и не у стены. Четыре цвета на выбор — голубой, серый, молочный, оливковый.",safe_to_rewrite,габариты 1550×700×780 мм; конфигурация ЯЯ (ящики/ящики) — из названия; finish_color_labels: 4 цвета,
prod_01KNTBXADCDTMNKGW1C9XPD1YT,co-69-1,CO-69-1,Country London Paris,CONFIGURABLE,subtitle,,"Малая книжная полка Country — 70 см, пять цветов.",safe_to_rewrite,габариты 700×160×350 мм; finish_color_labels — 5 цветов,
prod_01KNTBXADCDTMNKGW1C9XPD1YT,co-69-1,CO-69-1,Country London Paris,CONFIGURABLE,description,,Малая навесная книжная полка Country London Paris: 70 см длины при глубине 16 см и высоте 35 см. Настенное хранение для книг и мелочей над столом или изголовьем; из нескольких полок собираются композиции. Пять цветов на выбор — полку можно спрятать в тон стены или сделать цветной чертой на ней.,safe_to_rewrite,габариты 700×160×350 мм; finish_color_labels — 5 цветов,
prod_01KM1QHNHMVXN3YQ3JDZCYQTM5,greenwich-gr-09-1-mirror,GR-09-1-M,Greenwich,STANDARD,subtitle,,Навесное зеркало 65 × 100 см — вертикальный формат под комоды и консоли Greenwich.,safe_to_rewrite,категория зеркала; габариты 650×30×1000 мм; коллекция Greenwich,
prod_01KM1QHNHMVXN3YQ3JDZCYQTM5,greenwich-gr-09-1-mirror,GR-09-1-M,Greenwich,STANDARD,description,Greenwich — Зеркало навесное,"Вертикальное навесное зеркало из коллекции Greenwich. Полотно 65 × 100 см при глубине всего 3 см — зеркало почти не выступает из стены и не съедает пространство даже в узкой прихожей. Пропорции подобраны под корпусную мебель коллекции: оно естественно встаёт над комодом или консолью, задавая вертикаль над длинным низким силуэтом. Работает и само по себе — как спокойное зеркало в спальню или коридор.",safe_to_rewrite,категория зеркала; габариты 650×30×1000 мм; коллекция Greenwich,
prod_01KM1QHNHNKSG173KZ6C2AZ5JR,greenwich-gr-05-1,GR-05-1,Greenwich,STANDARD,subtitle,,Низкий широкий комод Scale — 124 см по фронту при высоте всего 63 см.,safe_to_rewrite,canonical_name «Комод Scale»; габариты 1244×512×630 мм; finish_color_labels — 12 отделок,
prod_01KM1QHNHNKSG173KZ6C2AZ5JR,greenwich-gr-05-1,GR-05-1,Greenwich,STANDARD,description,Greenwich — Комод,"Scale — самый горизонтальный предмет в спальне Greenwich: 124 см в ширину при высоте 63 см и глубине 51 см. Такой формат работает как продолжение линии кровати — над комодом остаётся место для зеркала или пары постеров, а длинная столешница не забивается даже с лампой и шкатулками. Палитра модели повторяет палитру коллекции: двенадцать отделок, от белого, сливочного и пудры до графита, какао и терракоты, поэтому Scale можно свести тон в тон с остальной комнатой или сделать на нём цветовой акцент.",safe_to_rewrite,canonical_name «Комод Scale»; габариты 1244×512×630 мм; finish_color_labels — 12 отделок,
prod_01KM1QHNHNR5R4YZKQERDE8EZ6,greenwich-gr-44-1,GR-44-1,Greenwich,STANDARD,subtitle,,"Консоль Step глубиной всего 32 см — поверхность там, где обычный стол не поместится.",safe_to_rewrite,canonical_name «Консоль Step»; габариты 1193×320×900 мм; finish_color_labels — 12 отделок,
prod_01KM1QHNHNR5R4YZKQERDE8EZ6,greenwich-gr-44-1,GR-44-1,Greenwich,STANDARD,description,Greenwich — Консоль,"Step — узкая консоль из коллекции Greenwich: 119 см в длину и 32 см в глубину при высоте 90 см. Её место — проходные зоны: прихожая, простенок, зона у окна, — где нужна поверхность для ключей, цветов или зарядки, но нет глубины под полноценный стол. Высота 90 см удобна для пользования стоя. Выпускается в двенадцати отделках Greenwich — от спокойных светлых до глубоких тёмных.",safe_to_rewrite,canonical_name «Консоль Step»; габариты 1193×320×900 мм; finish_color_labels — 12 отделок,
prod_01KM1QHNHPTNKR0E7T538427YJ,greenwich-gr-67-1,GR-67-1,Greenwich,STANDARD,subtitle,,"Компактный письменный стол Base — 120 × 62 см, домашний кабинет в жилой комнате.",safe_to_rewrite,canonical_name «Рабочий стол Base»; габариты 1203×620×780 мм; finish_color_labels — 12 отделок,
prod_01KM1QHNHPTNKR0E7T538427YJ,greenwich-gr-67-1,GR-67-1,Greenwich,STANDARD,description,Greenwich — Рабочий стол,"Base — рабочий стол Greenwich для дома, а не для офиса: столешницы 120 × 62 см достаточно для ноутбука, лампы и бумаг, но стол не превращает комнату в кабинет. Высота — стандартные 78 см. Модель держит общий характер коллекции и выпускается в той же палитре из двенадцати отделок, поэтому её легко точно свести с комодом, тумбами или кроватью Greenwich — либо намеренно выделить цветом.",safe_to_rewrite,canonical_name «Рабочий стол Base»; габариты 1203×620×780 мм; finish_color_labels — 12 отделок,
prod_01KM1QHNHRHYFRQWV6H2B0YV2R,greenwich-gr-42-1,GR-42-1,Greenwich,STANDARD,subtitle,,ТВ-тумба Wide длиной 160 см — низкая линия под экран и технику.,safe_to_rewrite,canonical_name «Тумба ТВ Wide»; габариты 1600×460×460 мм; finish_color_labels — 12 отделок,
prod_01KM1QHNHRHYFRQWV6H2B0YV2R,greenwich-gr-42-1,GR-42-1,Greenwich,STANDARD,description,Greenwich — Тумба ТВ,"Wide — самая длинная тумба Greenwich: 160 см при высоте и глубине по 46 см. Низкая посадка оставляет экран на комфортной высоте без кронштейна, а длинная столешница вмещает не только технику — часть её обычно остаётся под книги, колонки или вазу. Как и вся корпусная мебель коллекции, тумба выпускается в двенадцати отделках, от белого и серо-голубого до графита и изумруда, так что её несложно вписать в уже сложившуюся гостиную.",safe_to_rewrite,canonical_name «Тумба ТВ Wide»; габариты 1600×460×460 мм; finish_color_labels — 12 отделок,
prod_01KM1QHNHWH2M61Z8VR182RMJF,greenwich-gr-08-1,GR-08-1,Greenwich,STANDARD,subtitle,,"Прикроватная тумба Hole с двумя ящиками — 66 см по фронту, шире обычной.",safe_to_rewrite,canonical_name «Прикроватная тумба Hole»; два ящика — из названия; габариты 664×460×532 мм; finish_color_labels — 12 отделок,
prod_01KM1QHNHWH2M61Z8VR182RMJF,greenwich-gr-08-1,GR-08-1,Greenwich,STANDARD,description,Greenwich — Прикроватная тумба с 2 ящиками,"Hole — прикроватная тумба увеличенного формата: 66 см в ширину при высоте 53 см, с двумя ящиками. Ширина здесь принципиальна — на столешнице умещаются лампа, книга и телефон одновременно, а ящики забирают то, что обычно кочует по спальне. Пара таких тумб хорошо уравновешивает кровать с широким изголовьем. Отделок двенадцать — вся палитра Greenwich, от пудры и сливочного до сине-серого и графита.",safe_to_rewrite,canonical_name «Прикроватная тумба Hole»; два ящика — из названия; габариты 664×460×532 мм; finish_color_labels — 12 отделок,
prod_01KM1QHNHX9FDMX9RHBZAB7K1K,greenwich-gr-08-2,GR-08-2,Greenwich,STANDARD,subtitle,,Прикроватная тумба Stone с одним ящиком — более лёгкая пара к модели Hole.,safe_to_rewrite,canonical_name «Прикроватная тумба Stone»; один ящик — из названия; габариты 664×460×532 мм; finish_color_labels — 12 отделок,
prod_01KM1QHNHX9FDMX9RHBZAB7K1K,greenwich-gr-08-2,GR-08-2,Greenwich,STANDARD,description,Greenwich — Прикроватная тумба с 1 ящиком,"Stone повторяет формат тумбы Hole — 66 × 46 см при высоте 53 см, — но обходится одним ящиком и поэтому выглядит проще и легче. Это вариант для тех, кто держит у кровати минимум вещей: ящик закрывает мелочи, остальное остаётся под рукой. Габариты позволяют использовать Stone и вне спальни — как приставной столик у кресла или дивана. Палитра — те же двенадцать отделок Greenwich.",safe_to_rewrite,canonical_name «Прикроватная тумба Stone»; один ящик — из названия; габариты 664×460×532 мм; finish_color_labels — 12 отделок,
prod_01KM1QHNHY2EE4PEMPKZ8YM3QZ,greenwich-gr-26-1,GR-26-1,Greenwich,STANDARD,subtitle,,Шкаф-витрина Cristal высотой 210 см — застеклённое хранение для посуды и книг.,safe_to_rewrite,canonical_name «Шкаф-витрина Cristal»; стекло — из названия «витрина»; габариты 988×430×2100 мм; finish_color_labels — 12 отделок,
prod_01KM1QHNHY2EE4PEMPKZ8YM3QZ,greenwich-gr-26-1,GR-26-1,Greenwich,STANDARD,description,Greenwich — Шкаф-витрина Кристалл,"Cristal — витрина Greenwich в рост человека: 99 см в ширину, 43 см в глубину, 210 см в высоту. Застеклённая часть показывает содержимое — посуду, стекло, книги. Вертикальный корпус собирает высоту комнаты и хорошо работает в паре с низкими предметами коллекции: комодом Scale или тумбой Wide. Отделки — двенадцать вариантов: тёмные делают витрину строже, светлые — незаметнее.",safe_to_rewrite,canonical_name «Шкаф-витрина Cristal»; стекло — из названия «витрина»; габариты 988×430×2100 мм; finish_color_labels — 12 отделок,
prod_01KM1QHNHYQKVZHCN3SM9BY42Z,greenwich-gr-02-1,GR-02-1,Greenwich,STANDARD,title,Гардероб 2-х дв. с ящиками,Гардероб 2-дв. с ящиками,safe_to_rewrite,canonical_name «Гардероб Level»; ящики и 2 двери — из названия; габариты 1193×520×2100 мм; finish_color_labels — 12 отделок,title: «2-х дв.» нормализовано до «2-дв.» по образцу GR-02-2
prod_01KM1QHNHYQKVZHCN3SM9BY42Z,greenwich-gr-02-1,GR-02-1,Greenwich,STANDARD,subtitle,,Двухдверный гардероб Level с ящиками — 119 см по фронту и 210 см в высоту.,safe_to_rewrite,canonical_name «Гардероб Level»; ящики и 2 двери — из названия; габариты 1193×520×2100 мм; finish_color_labels — 12 отделок,title: «2-х дв.» нормализовано до «2-дв.» по образцу GR-02-2
prod_01KM1QHNHYQKVZHCN3SM9BY42Z,greenwich-gr-02-1,GR-02-1,Greenwich,STANDARD,description,Greenwich — Гардероб 2-х дв. с ящиками,"Level — двухдверный гардероб Greenwich с отдельным ярусом ящиков: за дверцами — основное хранение, в ящиках — то, что удобно доставать, не открывая весь шкаф. Корпус 119 × 52 см при высоте 210 см — формат спальни обычного размера, не превращающийся в стену. Выпускается в двенадцати отделках коллекции — от светлых и приглушённых до тёмных.",safe_to_rewrite,canonical_name «Гардероб Level»; ящики и 2 двери — из названия; габариты 1193×520×2100 мм; finish_color_labels — 12 отделок,title: «2-х дв.» нормализовано до «2-дв.» по образцу GR-02-2
prod_01KM1QHNHZQSQM54A74VQJNH75,greenwich-gr-02-2,GR-02-2,Greenwich,STANDARD,subtitle,,Двухдверный гардероб Total — ровный фронт 119 см без ящиков.,safe_to_rewrite,canonical_name «Гардероб Total»; 2 двери — из названия; габариты 1193×520×2100 мм; finish_color_labels — 12 отделок,
prod_01KM1QHNHZQSQM54A74VQJNH75,greenwich-gr-02-2,GR-02-2,Greenwich,STANDARD,description,Greenwich — Гардероб 2-дв.,"Total — парная модель к гардеробу Level: те же 119 см по фронту, 52 см глубины и 210 см высоты, но без ящиков — только две дверцы и цельный фронт. Вариант для тех, кому важна ровная спокойная плоскость шкафа: в небольшой комнате она заметно разгружает стену. Как и остальная корпусная мебель Greenwich, Total выпускается в двенадцати отделках — от белого и капучино до графита.",safe_to_rewrite,canonical_name «Гардероб Total»; 2 двери — из названия; габариты 1193×520×2100 мм; finish_color_labels — 12 отделок,
prod_01KM1QHNHZXXSRPFEKAZRSFPDE,greenwich-gr-09-1-bed-90,GR-09-1,Greenwich,STANDARD,subtitle,,Односпальная кровать Greenwich под матрас 90 × 200 см с мягким изголовьем.,safe_to_rewrite,габариты 1030×2207×1050 мм; headboard_model_labels: Cloud/Frame/Plane; fabric_upholstery_labels: светло-серая/сине-зелёная,
prod_01KM1QHNHZXXSRPFEKAZRSFPDE,greenwich-gr-09-1-bed-90,GR-09-1,Greenwich,STANDARD,description,Greenwich — Кровать 1-сп. (90×200),"Односпальный формат кровати Greenwich: матрас 90 × 200 см, корпус длиной 221 см, изголовье высотой 105 см. Изголовье мягкое и выпускается в трёх моделях — Cloud, Frame и Plane — с обивкой светло-серой или сине-зелёной тканью, поэтому даже узкая кровать не выглядит служебной. Подходит для детской, гостевой или небольшой спальни, где важно сохранить проход.",safe_to_rewrite,габариты 1030×2207×1050 мм; headboard_model_labels: Cloud/Frame/Plane; fabric_upholstery_labels: светло-серая/сине-зелёная,
prod_01KM1QHNHZ1A4J48K4CV10F4FM,greenwich-gr-12-1,GR-12-1,Greenwich,STANDARD,subtitle,,"Кровать 120 × 200 см — полуторный формат, в котором одному просторно.",safe_to_rewrite,габариты 1330×2207×1050 мм; headboard_model_labels: Cloud/Frame/Plane; fabric_upholstery_labels: светло-серая/сине-зелёная,
prod_01KM1QHNHZ1A4J48K4CV10F4FM,greenwich-gr-12-1,GR-12-1,Greenwich,STANDARD,description,"Greenwich — Кровать 1,5-сп. (120×200)","Полутораспальная кровать Greenwich под матрас 120 × 200 см — формат для одного человека, которому тесно на 90-сантиметровом матрасе. Корпус длиной 221 см, мягкое изголовье высотой 105 см; модель изголовья выбирается из трёх — Cloud, Frame или Plane — в светло-серой либо сине-зелёной обивке. Хорошо встаёт в подростковую комнату и компактную спальню.",safe_to_rewrite,габариты 1330×2207×1050 мм; headboard_model_labels: Cloud/Frame/Plane; fabric_upholstery_labels: светло-серая/сине-зелёная,
prod_01KM1QHNJ0F34R2A8FQ1CN4V1Y,greenwich-gr-14-1,GR-14-1,Greenwich,STANDARD,subtitle,,Кровать 140 × 200 см — компактная двуспальная или очень свободная односпальная.,safe_to_rewrite,габариты 1530×2207×1050 мм; headboard_model_labels: Cloud/Frame/Plane; fabric_upholstery_labels: светло-серая/сине-зелёная,
prod_01KM1QHNJ0F34R2A8FQ1CN4V1Y,greenwich-gr-14-1,GR-14-1,Greenwich,STANDARD,description,"Greenwich — Кровать 1,5-сп. (140×200)","Кровать Greenwich под матрас 140 × 200 см занимает промежуточное положение: для двоих это самый компактный разумный формат, для одного — максимум свободы. Габариты корпуса — 153 см в ширину и 221 см в длину, высота мягкого изголовья 105 см. Три модели изголовья — Cloud, Frame и Plane — и два цвета обивки, светло-серый и сине-зелёный, позволяют настроить характер кровати под комнату.",safe_to_rewrite,габариты 1530×2207×1050 мм; headboard_model_labels: Cloud/Frame/Plane; fabric_upholstery_labels: светло-серая/сине-зелёная,
prod_01KM1QHNJ1E92BMJQ8CE2RX7TK,greenwich-gr-16-1,GR-16-1,Greenwich,STANDARD,subtitle,,Двуспальная кровать 160 × 200 см — основной формат спальни Greenwich.,safe_to_rewrite,габариты 1730×2207×1050 мм; headboard_model_labels: Cloud/Frame/Plane; fabric_upholstery_labels: светло-серая/сине-зелёная,
prod_01KM1QHNJ1E92BMJQ8CE2RX7TK,greenwich-gr-16-1,GR-16-1,Greenwich,STANDARD,description,Greenwich — Кровать 2-сп. (160×200),"Основная двуспальная кровать коллекции: матрас 160 × 200 см, корпус 173 × 221 см, мягкое изголовье высотой 105 см. Высокое мягкое изголовье держит композицию спальни и делает удобной посадку с книгой или ноутбуком. Модель изголовья выбирается из трёх — Cloud, Frame или Plane, обивка — светло-серая или сине-зелёная ткань; в пару подбираются прикроватные тумбы Hole и Stone.",safe_to_rewrite,габариты 1730×2207×1050 мм; headboard_model_labels: Cloud/Frame/Plane; fabric_upholstery_labels: светло-серая/сине-зелёная,
prod_01KM1QHNJ1YTE9EW5NJZ8YRF62,greenwich-gr-18-1,GR-18-1,Greenwich,STANDARD,subtitle,,Широкая двуспальная кровать 180 × 200 см для просторной спальни.,safe_to_rewrite,габариты 1930×2207×1050 мм; headboard_model_labels: Cloud/Frame/Plane; fabric_upholstery_labels: светло-серая/сине-зелёная,
prod_01KM1QHNJ1YTE9EW5NJZ8YRF62,greenwich-gr-18-1,GR-18-1,Greenwich,STANDARD,description,Greenwich — Кровать 2-сп. (180×200),"Самая широкая кровать Greenwich: матрас 180 × 200 см, корпус 193 см в ширину и 221 см в длину. Формат рассчитан на просторную комнату — вместе с прикроватными тумбами кровать собирает стену длиной под три метра, и мягкое изголовье высотой 105 см удерживает эту композицию. Изголовье выпускается в вариантах Cloud, Frame и Plane, обивка — светло-серая или сине-зелёная ткань.",safe_to_rewrite,габариты 1930×2207×1050 мм; headboard_model_labels: Cloud/Frame/Plane; fabric_upholstery_labels: светло-серая/сине-зелёная,
prod_01KNTBXADCXPESM7CPF6NQGBDK,ol-00-1,OL-00-1,Oliver,CONFIGURABLE,title,Шкаф угловой  (руч.лев/пр),Шкаф угловой (ручка слева/справа),safe_to_rewrite,габариты 672×672×2062 мм; выбор стороны ручки — из названия (руч.лев/пр); коллекция Oliver,
prod_01KNTBXADCXPESM7CPF6NQGBDK,ol-00-1,OL-00-1,Oliver,CONFIGURABLE,subtitle,,"Угловой шкаф 67 × 67 см — использует угол комнаты, который обычно пропадает.",safe_to_rewrite,габариты 672×672×2062 мм; выбор стороны ручки — из названия (руч.лев/пр); коллекция Oliver,
prod_01KNTBXADCXPESM7CPF6NQGBDK,ol-00-1,OL-00-1,Oliver,CONFIGURABLE,description,,"Угловой шкаф Oliver занимает 67 × 67 см в плане при высоте 206 см — он забирает под хранение угол, который в спальне или детской чаще всего простаивает. Сторону навески двери выбирают при заказе — левую или правую, под конкретную расстановку. Хорошо работает в связке с одно- и двухдверными шкафами линейки, продолжая их фронт за угол.",safe_to_rewrite,габариты 672×672×2062 мм; выбор стороны ручки — из названия (руч.лев/пр); коллекция Oliver,
prod_01KNTBXADCVVSRFRFK60X78V93,ol-01-2,OL-01-2,Oliver,CONFIGURABLE,title,Шкаф для одежды 1-дв. с зеркалом  (руч.лев/пр),Шкаф для одежды 1-дв. с зеркалом (ручка слева/справа),safe_to_rewrite,габариты 814×540×2110 мм; зеркало и 1 дверь — из названия; выбор стороны ручки — из названия,
prod_01KNTBXADCVVSRFRFK60X78V93,ol-01-2,OL-01-2,Oliver,CONFIGURABLE,subtitle,,Узкий однодверный шкаф с зеркалом в дверце — 81 см по фронту.,safe_to_rewrite,габариты 814×540×2110 мм; зеркало и 1 дверь — из названия; выбор стороны ручки — из названия,
prod_01KNTBXADCVVSRFRFK60X78V93,ol-01-2,OL-01-2,Oliver,CONFIGURABLE,description,,"Однодверный шкаф Oliver шириной 81 см с зеркалом в дверце — формат для комнаты, где полноценный гардероб не встаёт, а зеркало в рост нужно. Высота 211 см, глубина 54 см — стандартная под плечики. Сторона навески двери выбирается при заказе, поэтому шкаф одинаково удобно ставить по любую сторону от окна или кровати. Может дополнять двух- и трёхдверные шкафы линейки.",safe_to_rewrite,габариты 814×540×2110 мм; зеркало и 1 дверь — из названия; выбор стороны ручки — из названия,
prod_01KNTBXADCQ78KTFDG2CFXRDER,ol-02-1,OL-02-1,Oliver,CONFIGURABLE,subtitle,,"Двухдверный платяной шкаф Oliver — 123 см по фронту, базовый формат хранения.",safe_to_rewrite,габариты 1230×540×2110 мм; 2 двери — из названия; линейка шкафов Oliver — по каталогу,
prod_01KNTBXADCQ78KTFDG2CFXRDER,ol-02-1,OL-02-1,Oliver,CONFIGURABLE,description,,"Основной платяной шкаф коллекции Oliver: две дверцы, фронт 123 см, высота 211 см, глубина 54 см. Это средний формат линейки — шире узкого однодверного, но не требующий отдельной стены, как трёхдверный. Спокойный корпус в характере коллекции легко объединяется с комодами и тумбами Oliver в одну спальню.",safe_to_rewrite,габариты 1230×540×2110 мм; 2 двери — из названия; линейка шкафов Oliver — по каталогу,
prod_01KNTBXADCYJKGNAPE1WGQJBQZ,ol-03-1,OL-03-1,Oliver,CONFIGURABLE,subtitle,,Трёхдверный шкаф Oliver — 179 см по фронту.,safe_to_rewrite,"габариты 1790×642×2346 мм; 3 двери — из названия; сравнение с линейкой — по каталогу (ol-01-2, ol-02-1)",
prod_01KNTBXADCYJKGNAPE1WGQJBQZ,ol-03-1,OL-03-1,Oliver,CONFIGURABLE,description,,"Самый большой платяной шкаф Oliver: три дверцы, фронт 179 см, глубина 64 см, высота 235 см. Это уже не отдельный предмет, а полноценная система хранения на всю стену — для семейной спальни или комнаты, где шкаф заменяет гардеробную. Увеличенная относительно остальных шкафов линейки глубина оставляет запас под объёмные вещи.",safe_to_rewrite,"габариты 1790×642×2346 мм; 3 двери — из названия; сравнение с линейкой — по каталогу (ol-01-2, ol-02-1)",
prod_01KNTBXADDACBVH2BM1JSB2MWH,ol-05-1,OL-05-1,Oliver,CONFIGURABLE,subtitle,,"Комод Oliver стандартного формата — 90 см по фронту, высота 81 см.",safe_to_rewrite,"габариты 900×555×812 мм; линейка комодов (ol-05-2, ol-05-3, ol-05-n) — по каталогу",
prod_01KNTBXADDACBVH2BM1JSB2MWH,ol-05-1,OL-05-1,Oliver,CONFIGURABLE,description,,"Базовый комод коллекции Oliver: 90 см в ширину, 55,5 см в глубину, 81 см в высоту. Формат, который встаёт почти в любую спальню — у стены, под окном или напротив кровати, — а столешница на удобной высоте остаётся рабочей поверхностью для мелочей. В линейке есть широкая и высокая версии с теми же пропорциями фасадов, так что комоды можно комбинировать между собой.",safe_to_rewrite,"габариты 900×555×812 мм; линейка комодов (ol-05-2, ol-05-3, ol-05-n) — по каталогу",
prod_01KNTBXADD48JACA24PC4TXVCC,ol-05-2,OL-05-2,Oliver,CONFIGURABLE,subtitle,,Широкий комод Oliver — 130 см по фронту при той же высоте 81 см.,safe_to_rewrite,габариты 1300×555×812 мм; сравнение с ol-05-1 — по каталогу,
prod_01KNTBXADD48JACA24PC4TXVCC,ol-05-2,OL-05-2,Oliver,CONFIGURABLE,description,,"Широкая версия комода Oliver: 130 см по фронту при стандартных для линейки высоте 81 см и глубине 55,5 см. Дополнительные 40 см ширины относительно базовой модели дают заметно больше места в каждом ящике, а длинная столешница работает как низкая консоль — под зеркало, лампу или те вещи, которым не нашлось ящика.",safe_to_rewrite,габариты 1300×555×812 мм; сравнение с ol-05-1 — по каталогу,
prod_01KNTBXADDP2V5W6AKD074YRVF,ol-05-3,OL-05-3,Oliver,CONFIGURABLE,subtitle,,"Высокий комод Oliver — 132 см, хранение вверх при узком фронте 76 см.",safe_to_rewrite,габариты 760×555×1318 мм; версия ниже (ol-05-n) — по каталогу,
prod_01KNTBXADDP2V5W6AKD074YRVF,ol-05-3,OL-05-3,Oliver,CONFIGURABLE,description,,"Высокий комод Oliver разворачивает хранение по вертикали: при фронте всего 76 см он поднимается на 132 см — это те же объёмы, что у широкой модели, но на вдвое меньшей площади стены. Вариант для комнат, где каждый погонный сантиметр на счету. В линейке есть версия ниже на один ярус ящиков — если подоконник или навесная полка ограничивают высоту.",safe_to_rewrite,габариты 760×555×1318 мм; версия ниже (ol-05-n) — по каталогу,
prod_01KNTBXADDBV29TSGTAFZN9W5J,ol-05-n,OL-05-Н,Oliver,CONFIGURABLE,subtitle,,"Высокий комод Oliver в уменьшенной версии — ниже на один ярус ящиков, 114 см.",safe_to_rewrite,габариты 760×555×1136 мм; отличие от ol-05-3 — из названия и габаритов,
prod_01KNTBXADDBV29TSGTAFZN9W5J,ol-05-n,OL-05-Н,Oliver,CONFIGURABLE,description,,"Та же вертикальная компоновка, что у высокого комода Oliver, но на один ярус ящиков ниже: 114 см вместо 132 см при том же фронте 76 см. Формат под ситуации, где полной высоте что-то мешает — окно, картина, скошенный потолок мансарды. Столешница при этом остаётся в зоне досягаемости, ей удобно пользоваться как полкой.",safe_to_rewrite,габариты 760×555×1136 мм; отличие от ol-05-3 — из названия и габаритов,
prod_01KNTBXADD0VJ53P78YSGNCRDG,ol-06-1,OL-06-1,Oliver,CONFIGURABLE,title,Столик  туалетный с зеркалом,Столик туалетный с зеркалом,safe_to_rewrite,габариты 1130×440×1434 мм; зеркало — из названия; банкетки в коллекции (ol-55-1/2) — по каталогу,
prod_01KNTBXADD0VJ53P78YSGNCRDG,ol-06-1,OL-06-1,Oliver,CONFIGURABLE,subtitle,,"Туалетный столик Oliver с зеркалом — рабочее место для утренних сборов, 113 см по фронту.",safe_to_rewrite,габариты 1130×440×1434 мм; зеркало — из названия; банкетки в коллекции (ol-55-1/2) — по каталогу,
prod_01KNTBXADD0VJ53P78YSGNCRDG,ol-06-1,OL-06-1,Oliver,CONFIGURABLE,description,,"Туалетный столик Oliver с надстроенным зеркалом: ширина 113 см, глубина 44 см, общая высота с зеркалом 143 см. Это отдельное, своё место в спальне — для косметики, украшений и утренних сборов, которое избавляет от очереди к зеркалу в ванной. Небольшая глубина позволяет поставить столик даже в узком простенке. В пару подойдёт банкетка Oliver.",safe_to_rewrite,габариты 1130×440×1434 мм; зеркало — из названия; банкетки в коллекции (ol-55-1/2) — по каталогу,
prod_01KNTBXADDKNMB17WD6NVSNRCY,ol-07-1,OL-07-1,Oliver,CONFIGURABLE,subtitle,,Сундук Oliver с тканевой обивкой — для изножья кровати.,safe_to_rewrite,"габариты 820×450×548 мм; fabric_upholstery_labels: leona, linda, lorna, lillian",
prod_01KNTBXADDKNMB17WD6NVSNRCY,ol-07-1,OL-07-1,Oliver,CONFIGURABLE,description,,"Сундук Oliver — 82 см в длину, 45 см в глубину и 55 см в высоту, корпус с тканевой обивкой. Классическое место — у изножья кровати, где сундук завершает её силуэт. Обивка выбирается при заказе из четырёх тканей: Leona, Linda, Lorna или Lillian — можно поддержать ткань изголовья кровати Oliver или взять контраст.",safe_to_rewrite,"габариты 820×450×548 мм; fabric_upholstery_labels: leona, linda, lorna, lillian",
prod_01KNTBXADE04TT9T88M1SRC2T7,ol-08-1,OL-08-1,Oliver,CONFIGURABLE,subtitle,,"Прикроватная тумбочка Oliver — 50 см по фронту, высота 65 см.",identity_conflict,"габариты 500×455×650 мм; категория «тумбы»; конфликт: metadata.canonical_name = «Зеркало навесное овальное» при названии «Тумбочка прикроватная» — текст написан по названию и категории, конфликт зафиксирован в unresolved",canonical_name в metadata указывает на другой товар (ol-08-1-mirror); требует проверки оператором
prod_01KNTBXADE04TT9T88M1SRC2T7,ol-08-1,OL-08-1,Oliver,CONFIGURABLE,description,,"Прикроватная тумбочка Oliver: 50 см в ширину, 45,5 см в глубину, 65 см в высоту — формат посадки рядом с кроватями коллекции. Компактный корпус не мешает проходу вдоль кровати даже в небольшой спальне. В линейке есть парная версия с дверкой, если открытое хранение не подходит.",identity_conflict,"габариты 500×455×650 мм; категория «тумбы»; конфликт: metadata.canonical_name = «Зеркало навесное овальное» при названии «Тумбочка прикроватная» — текст написан по названию и категории, конфликт зафиксирован в unresolved",canonical_name в metadata указывает на другой товар (ol-08-1-mirror); требует проверки оператором
prod_01KNTBXADE4BY5ASV1EEQ9SQHZ,ol-08-1-mirror,OL-08-1-MIR,Oliver,CONFIGURABLE,subtitle,,Овальное навесное зеркало Oliver — мягкая форма для спальни или прихожей.,identity_conflict,"овальная форма — из названия; конфликт: в metadata записаны габариты и категория прикроватной тумбочки (500×455×650, «тумбы») — размеры в тексте не указаны, конфликт зафиксирован в unresolved",габариты зеркала в данных отсутствуют (продублированы от тумбочки) — в тексте не упоминаются
prod_01KNTBXADE4BY5ASV1EEQ9SQHZ,ol-08-1-mirror,OL-08-1-MIR,Oliver,CONFIGURABLE,description,,"Навесное зеркало Oliver с овальным полотном — редкая в коллекции мягкая форма среди прямоугольных корпусов, за счёт чего оно смягчает композицию стены. Естественное место — над комодом или туалетным столиком Oliver, где овал уравновешивает прямые линии столешницы.",identity_conflict,"овальная форма — из названия; конфликт: в metadata записаны габариты и категория прикроватной тумбочки (500×455×650, «тумбы») — размеры в тексте не указаны, конфликт зафиксирован в unresolved",габариты зеркала в данных отсутствуют (продублированы от тумбочки) — в тексте не упоминаются
prod_01KNTBXADECY5WKNET16F2ET5W,ol-08-2,OL-08-2,Oliver,CONFIGURABLE,title,Тумбочка прикроватная  с дверкой (руч.лев/пр),Тумбочка прикроватная с дверкой (ручка слева/справа),safe_to_rewrite,габариты 500×455×650 мм; дверка и выбор стороны — из названия; парная модель ol-08-1 — по каталогу,
prod_01KNTBXADECY5WKNET16F2ET5W,ol-08-2,OL-08-2,Oliver,CONFIGURABLE,subtitle,,Прикроватная тумбочка Oliver с дверкой — закрытое хранение у изголовья.,safe_to_rewrite,габариты 500×455×650 мм; дверка и выбор стороны — из названия; парная модель ol-08-1 — по каталогу,
prod_01KNTBXADECY5WKNET16F2ET5W,ol-08-2,OL-08-2,Oliver,CONFIGURABLE,description,,"Версия прикроватной тумбочки Oliver с дверкой вместо открытой ниши: те же 50 × 45,5 см при высоте 65 см, но всё содержимое скрыто за фасадом. Сторона навески дверки выбирается при заказе — левая или правая, — поэтому пара тумбочек по обе стороны кровати открывается зеркально, «от кровати».",safe_to_rewrite,габариты 500×455×650 мм; дверка и выбор стороны — из названия; парная модель ol-08-1 — по каталогу,
prod_01KNTBXADFZ5RFACJQDNSGM6D2,ol-09-2,OL-09-2,Oliver,CONFIGURABLE,subtitle,,"Напольное зеркало Oliver в рост — 66 × 159 см, не требует сверления стен.",safe_to_rewrite,габариты 664×484×1586 мм; напольный формат — из названия,
prod_01KNTBXADFZ5RFACJQDNSGM6D2,ol-09-2,OL-09-2,Oliver,CONFIGURABLE,description,,Напольное зеркало Oliver высотой 159 см показывает отражение в полный рост и при этом не привязано к стене — его можно переставлять по комнате вслед за светом или перестановкой. Основание глубиной 48 см держит зеркало устойчиво. Логичное дополнение к шкафам линейки без зеркальных дверец.,safe_to_rewrite,габариты 664×484×1586 мм; напольный формат — из названия,
prod_01KNTBXADFFPGAVHK024D20MEQ,ol-14-1,OL-14-1,Oliver,CONFIGURABLE,title,Кровать 1-сп. (90*190),Кровать 1-сп. (90×190),safe_to_rewrite,"габариты 990×2030×1150 мм; матрас 90×190 — из названия; fabric_upholstery_labels: Lorna, Lilian; версия без изножья (ol-14-2) — по каталогу",
prod_01KNTBXADFFPGAVHK024D20MEQ,ol-14-1,OL-14-1,Oliver,CONFIGURABLE,subtitle,,Односпальная кровать Oliver под матрас 90 × 190 см с тканевым изголовьем.,safe_to_rewrite,"габариты 990×2030×1150 мм; матрас 90×190 — из названия; fabric_upholstery_labels: Lorna, Lilian; версия без изножья (ol-14-2) — по каталогу",
prod_01KNTBXADFFPGAVHK024D20MEQ,ol-14-1,OL-14-1,Oliver,CONFIGURABLE,description,,"Односпальная кровать Oliver под матрас 90 × 190 см: ширина корпуса 99 см, длина 203 см, высокое изголовье 115 см. Обивка выбирается из двух тканей — Lorna или Lillian, — за счёт чего даже компактная кровать выглядит законченным предметом, а не времянкой. Формат для детской, подростковой или гостевой комнаты; есть версия без изножья, если проход вдоль кровати совсем узкий.",safe_to_rewrite,"габариты 990×2030×1150 мм; матрас 90×190 — из названия; fabric_upholstery_labels: Lorna, Lilian; версия без изножья (ol-14-2) — по каталогу",
prod_01KNTBXADFNYAQGPEQKCM4NPZE,ol-14-2,OL-14-2,Oliver,CONFIGURABLE,title,Кровать 1-сп. (90*190) без изножья,Кровать 1-сп. (90×190) без изножья,safe_to_rewrite,"габариты 990×2030×1150 мм; без изножья — из названия; fabric_upholstery_labels: lorna, lillian",
prod_01KNTBXADFNYAQGPEQKCM4NPZE,ol-14-2,OL-14-2,Oliver,CONFIGURABLE,subtitle,,Односпальная кровать Oliver без изножья — открытый край экономит место в узкой комнате.,safe_to_rewrite,"габариты 990×2030×1150 мм; без изножья — из названия; fabric_upholstery_labels: lorna, lillian",
prod_01KNTBXADFNYAQGPEQKCM4NPZE,ol-14-2,OL-14-2,Oliver,CONFIGURABLE,description,,"Та же односпальная кровать Oliver под матрас 90 × 190 см, но без изножья: открытый нижний край упрощает уборку, не бьёт по ногам в тесном проходе и зрительно укорачивает кровать. Корпус 99 × 203 см, изголовье высотой 115 см с обивкой на выбор — ткань Lorna или Lillian.",safe_to_rewrite,"габариты 990×2030×1150 мм; без изножья — из названия; fabric_upholstery_labels: lorna, lillian",
prod_01KNTBXADF36E724RQTW6Z73B0,ol-15-1,OL-15-1,Oliver,CONFIGURABLE,title,"Кровать 1,5-сп. (120*190)","Кровать 1,5-сп. (120×190)",safe_to_rewrite,габариты 1290×2030×1150 мм; матрас 120×190 — из названия; линейка кроватей Oliver — по каталогу,
prod_01KNTBXADF36E724RQTW6Z73B0,ol-15-1,OL-15-1,Oliver,CONFIGURABLE,subtitle,,Полуторная кровать Oliver под матрас 120 × 190 см.,safe_to_rewrite,габариты 1290×2030×1150 мм; матрас 120×190 — из названия; линейка кроватей Oliver — по каталогу,
prod_01KNTBXADF36E724RQTW6Z73B0,ol-15-1,OL-15-1,Oliver,CONFIGURABLE,description,,"Полуторная кровать Oliver под матрас 120 × 190 см — формат для одного человека, которому нужен запас ширины. Корпус 129 см в ширину и 203 см в длину, изголовье поднято на 115 см и держит кровать главным предметом комнаты. Промежуточное звено линейки между односпальной и двуспальными моделями; есть парная версия без изножья.",safe_to_rewrite,габариты 1290×2030×1150 мм; матрас 120×190 — из названия; линейка кроватей Oliver — по каталогу,
prod_01KNTBXADG6TFW8WB9SPQ4JTGD,ol-15-2,OL-15-2,Oliver,CONFIGURABLE,title,"Кровать 1,5-сп. (120*190) без изножья","Кровать 1,5-сп. (120×190) без изножья",safe_to_rewrite,габариты 1290×2030×1150 мм; без изножья — из названия,
prod_01KNTBXADG6TFW8WB9SPQ4JTGD,ol-15-2,OL-15-2,Oliver,CONFIGURABLE,subtitle,,"Полуторная кровать Oliver без изножья — легче силуэт, свободнее проход.",safe_to_rewrite,габариты 1290×2030×1150 мм; без изножья — из названия,
prod_01KNTBXADG6TFW8WB9SPQ4JTGD,ol-15-2,OL-15-2,Oliver,CONFIGURABLE,description,,"Версия полуторной кровати Oliver без изножья: матрас 120 × 190 см, корпус 129 × 203 см, изголовье 115 см. Открытый нижний край делает силуэт легче и освобождает проход — в комнате, где кровать стоит изножьем к двери или шкафу, это ощутимая разница.",safe_to_rewrite,габариты 1290×2030×1150 мм; без изножья — из названия,
prod_01KNTBXADGPHKZEWKKT477WNR7,ol-16-1,OL-16-1,Oliver,CONFIGURABLE,title,"Кровать 1,5-сп. (140*190)","Кровать 1,5-сп. (140×190)",safe_to_rewrite,"габариты 1490×2030×1150 мм; матрас 140×190 — из названия; fabric_upholstery_labels: lorna, lillian",
prod_01KNTBXADGPHKZEWKKT477WNR7,ol-16-1,OL-16-1,Oliver,CONFIGURABLE,subtitle,,Кровать Oliver под матрас 140 × 190 см — компактный двуспальный формат.,safe_to_rewrite,"габариты 1490×2030×1150 мм; матрас 140×190 — из названия; fabric_upholstery_labels: lorna, lillian",
prod_01KNTBXADGPHKZEWKKT477WNR7,ol-16-1,OL-16-1,Oliver,CONFIGURABLE,description,,"Кровать Oliver под матрас 140 × 190 см — самый компактный формат, на котором уже спят вдвоём. Корпус 149 × 203 см, высокое изголовье 115 см с тканевой обивкой — Lorna или Lillian на выбор. Подходит для спальни, где полноразмерная двуспальная кровать съела бы весь проход.",safe_to_rewrite,"габариты 1490×2030×1150 мм; матрас 140×190 — из названия; fabric_upholstery_labels: lorna, lillian",
prod_01KNTBXADGH3EK5BM3RAZ2Z7KT,ol-16-2,OL-16-2,Oliver,CONFIGURABLE,title,"Кровать 1,5-сп. (140*190) без изножья","Кровать 1,5-сп. (140×190) без изножья",safe_to_rewrite,"габариты 1490×2030×1150 мм; без изножья — из названия; fabric_upholstery_labels: lorna, lillian",
prod_01KNTBXADGH3EK5BM3RAZ2Z7KT,ol-16-2,OL-16-2,Oliver,CONFIGURABLE,subtitle,,Кровать 140 × 190 см без изножья — двуспальный формат для небольшой комнаты.,safe_to_rewrite,"габариты 1490×2030×1150 мм; без изножья — из названия; fabric_upholstery_labels: lorna, lillian",
prod_01KNTBXADGH3EK5BM3RAZ2Z7KT,ol-16-2,OL-16-2,Oliver,CONFIGURABLE,description,,Кровать Oliver под матрас 140 × 190 см в версии без изножья. Открытый край убирает визуальную границу в ногах и оставляет свободным проход — для небольшой спальни это способ получить двуспальный формат без ощущения тесноты. Изголовье высотой 115 см обивается тканью Lorna или Lillian.,safe_to_rewrite,"габариты 1490×2030×1150 мм; без изножья — из названия; fabric_upholstery_labels: lorna, lillian",
prod_01KNTBXADHWB8K6BN1ZBM7WEWG,ol-17-1,OL-17-1,Oliver,CONFIGURABLE,title,Кровать 2-сп. (160*200),Кровать 2-сп. (160×200),safe_to_rewrite,"габариты 1690×2130×1180 мм; матрас 160×200 — из названия; fabric_upholstery_labels: lorna, lillian; линейка — по каталогу",
prod_01KNTBXADHWB8K6BN1ZBM7WEWG,ol-17-1,OL-17-1,Oliver,CONFIGURABLE,subtitle,,Двуспальная кровать Oliver 160 × 200 см — основной формат линейки.,safe_to_rewrite,"габариты 1690×2130×1180 мм; матрас 160×200 — из названия; fabric_upholstery_labels: lorna, lillian; линейка — по каталогу",
prod_01KNTBXADHWB8K6BN1ZBM7WEWG,ol-17-1,OL-17-1,Oliver,CONFIGURABLE,description,,"Основная двуспальная кровать Oliver: матрас 160 × 200 см, корпус 169 × 213 см, изголовье высотой 118 см. Высокое тканевое изголовье — Lorna или Lillian на выбор — собирает спальню вокруг кровати и делает удобной посадку с книгой. Вокруг этого формата строится остальная линейка: версия без изножья, версия с подъёмным механизмом и широкая 180 × 200 см.",safe_to_rewrite,"габариты 1690×2130×1180 мм; матрас 160×200 — из названия; fabric_upholstery_labels: lorna, lillian; линейка — по каталогу",
prod_01KNTBXADHZ2MG5CDS4EAVG1RJ,ol-17-2,OL-17-2,Oliver,CONFIGURABLE,title,Кровать 2-сп. (160*200) без изножья,Кровать 2-сп. (160×200) без изножья,safe_to_rewrite,"габариты 1690×2130×1180 мм; без изножья — из названия; fabric_upholstery_labels: lorna, lillian",
prod_01KNTBXADHZ2MG5CDS4EAVG1RJ,ol-17-2,OL-17-2,Oliver,CONFIGURABLE,subtitle,,"Двуспальная кровать 160 × 200 см без изножья — открытый край, свободный проход.",safe_to_rewrite,"габариты 1690×2130×1180 мм; без изножья — из названия; fabric_upholstery_labels: lorna, lillian",
prod_01KNTBXADHZ2MG5CDS4EAVG1RJ,ol-17-2,OL-17-2,Oliver,CONFIGURABLE,description,,"Двуспальная кровать Oliver 160 × 200 см без изножья: корпус 169 × 213 см, изголовье 118 см с обивкой Lorna или Lillian. Вариант для спальни, где в ногах кровати проходит основной маршрут — открытый край не цепляет и зрительно освобождает центр комнаты.",safe_to_rewrite,"габариты 1690×2130×1180 мм; без изножья — из названия; fabric_upholstery_labels: lorna, lillian",
prod_01KNTBXADH2J4J6TDA5AHYNVV7,ol-17-3,OL-17-3,Oliver,CONFIGURABLE,title,Кровать 2-сп. (160*200) с подъемн.мех-змом,Кровать 2-сп. (160×200) с подъёмным механизмом,safe_to_rewrite,"габариты 1690×2130×1180 мм; подъёмный механизм — из названия; fabric_upholstery_labels: lorna, lillian",
prod_01KNTBXADH2J4J6TDA5AHYNVV7,ol-17-3,OL-17-3,Oliver,CONFIGURABLE,subtitle,,Двуспальная кровать 160 × 200 см с подъёмным механизмом и местом для хранения под матрасом.,safe_to_rewrite,"габариты 1690×2130×1180 мм; подъёмный механизм — из названия; fabric_upholstery_labels: lorna, lillian",
prod_01KNTBXADH2J4J6TDA5AHYNVV7,ol-17-3,OL-17-3,Oliver,CONFIGURABLE,description,,"Двуспальная кровать Oliver 160 × 200 см с подъёмным механизмом: основание с матрасом поднимается, открывая место для хранения под матрасом. Габариты корпуса — 169 × 213 см. Изголовье высотой 118 см, обивка — Lorna или Lillian.",safe_to_rewrite,"габариты 1690×2130×1180 мм; подъёмный механизм — из названия; fabric_upholstery_labels: lorna, lillian",
prod_01KNTBXADHE1YFJS2VEPCRJJBN,ol-18-1,OL-18-1,Oliver,CONFIGURABLE,title,Кровать 2-сп. (180*200),Кровать 2-сп. (180×200),safe_to_rewrite,"габариты 1890×2130×1180 мм; матрас 180×200 — из названия; fabric_upholstery_labels: lorna, lillian; тумбочки — по каталогу",
prod_01KNTBXADHE1YFJS2VEPCRJJBN,ol-18-1,OL-18-1,Oliver,CONFIGURABLE,subtitle,,Широкая двуспальная кровать Oliver — матрас 180 × 200 см.,safe_to_rewrite,"габариты 1890×2130×1180 мм; матрас 180×200 — из названия; fabric_upholstery_labels: lorna, lillian; тумбочки — по каталогу",
prod_01KNTBXADHE1YFJS2VEPCRJJBN,ol-18-1,OL-18-1,Oliver,CONFIGURABLE,description,,"Самая широкая кровать Oliver: матрас 180 × 200 см, корпус 189 × 213 см. Формат для просторной спальни — вдвоём на таком матрасе не делят территорию. Изголовье высотой 118 см с тканевой обивкой Lorna или Lillian удерживает пропорции даже при такой ширине; в пару подойдут прикроватные тумбочки линейки.",safe_to_rewrite,"габариты 1890×2130×1180 мм; матрас 180×200 — из названия; fabric_upholstery_labels: lorna, lillian; тумбочки — по каталогу",
prod_01KNTBXADJ9A2N7GQFHZ4JTGD8,ol-18-2,OL-18-2,Oliver,CONFIGURABLE,title,Кровать 2-сп. (180*200) без изножья,Кровать 2-сп. (180×200) без изножья,safe_to_rewrite,"габариты 1890×2130×1180 мм; без изножья — из названия; fabric_upholstery_labels: lorna, lillian",
prod_01KNTBXADJ9A2N7GQFHZ4JTGD8,ol-18-2,OL-18-2,Oliver,CONFIGURABLE,subtitle,,Кровать 180 × 200 см без изножья — максимальная ширина при облегчённом силуэте.,safe_to_rewrite,"габариты 1890×2130×1180 мм; без изножья — из названия; fabric_upholstery_labels: lorna, lillian",
prod_01KNTBXADJ9A2N7GQFHZ4JTGD8,ol-18-2,OL-18-2,Oliver,CONFIGURABLE,description,,"Широкая двуспальная кровать Oliver 180 × 200 см в версии без изножья. При корпусе почти два метра шириной открытый нижний край важен вдвойне: он не даёт кровати превратиться в закрытый «короб» и сохраняет проход. Изголовье 118 см, обивка на выбор — Lorna или Lillian.",safe_to_rewrite,"габариты 1890×2130×1180 мм; без изножья — из названия; fabric_upholstery_labels: lorna, lillian",
prod_01KNTBXADJNM2C7N1WJDACRGR2,ol-21-1,OL-21-1,Oliver,CONFIGURABLE,subtitle,,Раздвижной обеденный стол Oliver — 194 см столешницы для семьи и гостей.,safe_to_rewrite,габариты 1940×1000×780 мм; раздвижной — из названия; стулья ol-23-1 — по каталогу,
prod_01KNTBXADJNM2C7N1WJDACRGR2,ol-21-1,OL-21-1,Oliver,CONFIGURABLE,description,,Обеденный стол Oliver с раздвижной столешницей: в разложенном виде 194 × 100 см — за таким столом свободно рассаживается большая семья с гостями. Механизм раскладки позволяет держать стол компактнее в будни и раскрывать его по случаю. Высота — стандартные 78 см; стулья Oliver с обивкой на выбор продолжают комплект.,safe_to_rewrite,габариты 1940×1000×780 мм; раздвижной — из названия; стулья ol-23-1 — по каталогу,
prod_01KNTBXADJHD78QK7PQ1FM260H,ol-23-1,OL-23-1,Oliver,CONFIGURABLE,subtitle,,Стул Oliver с обивкой на выбор из пяти тканей.,safe_to_rewrite,"габариты 480×460×905 мм; fabric_upholstery_labels: leona, linda, lorna, torno, lillian; стол ol-21-1 — по каталогу",
prod_01KNTBXADJHD78QK7PQ1FM260H,ol-23-1,OL-23-1,Oliver,CONFIGURABLE,description,,"Стул Oliver — 48 × 46 см в плане, высота по спинке 90,5 см. Обивка выбирается из пяти тканей: Leona, Linda, Lorna, Torno или Lillian, поэтому комплект стульев можно собрать и строго в тон, и с намеренным разнобоем. Естественная пара — раздвижной обеденный стол коллекции.",safe_to_rewrite,"габариты 480×460×905 мм; fabric_upholstery_labels: leona, linda, lorna, torno, lillian; стол ol-21-1 — по каталогу",
prod_01KNTBXADK9SGFKMJV82MA9F4S,ol-25-1,OL-25-1,Oliver,CONFIGURABLE,subtitle,,"Столовый комод Oliver — 169 см по фронту, буфетная база для посуды и текстиля.",safe_to_rewrite,габариты 1686×550×940 мм; «столовый» — из названия; часы/зеркала в коллекции — по каталогу,
prod_01KNTBXADK9SGFKMJV82MA9F4S,ol-25-1,OL-25-1,Oliver,CONFIGURABLE,description,,"Столовый комод Oliver — низкий и длинный: 169 см по фронту при высоте 94 см. В столовой он работает буфетной базой: внутри — посуда и скатерти, столешница — место сервировки и подачи. Формат перекликается с широким спальным комодом линейки, но рассчитан на столовую зону; над ним хорошо встают часы или зеркало Oliver.",safe_to_rewrite,габариты 1686×550×940 мм; «столовый» — из названия; часы/зеркала в коллекции — по каталогу,
prod_01KNTBXADM9PT13B1VAYEPXEHE,ol-26-1,OL-26-1,Oliver,CONFIGURABLE,subtitle,,"Буфетный шкаф Oliver со стеклом и филёнками — витрина сверху, закрытое хранение снизу.",safe_to_rewrite,габариты 1000×520×2110 мм; стекло и филёнки — из названия,
prod_01KNTBXADM9PT13B1VAYEPXEHE,ol-26-1,OL-26-1,Oliver,CONFIGURABLE,description,,"Буфетный шкаф Oliver высотой 211 см сочетает два режима хранения: застеклённая часть показывает посуду и стекло, глухие филёнчатые фасады скрывают всё остальное. Корпус 100 × 52 см достаточно глубок для крупной посуды. Филёнки — фирменная пластика фасадов коллекции: они дают фронту рельеф и тень, без которых высокий шкаф выглядел бы плоским.",safe_to_rewrite,габариты 1000×520×2110 мм; стекло и филёнки — из названия,
prod_01KNTBXADN9KCCPKCH27V1RRBF,ol-26-2,OL-26-2,Oliver,CONFIGURABLE,subtitle,,Шкаф-витрина Oliver — 211 см застеклённого хранения для посуды и коллекций.,safe_to_rewrite,габариты 1030×430×2110 мм; витрина — из названия; сравнение с ol-26-1 — по каталогу,
prod_01KNTBXADN9KCCPKCH27V1RRBF,ol-26-2,OL-26-2,Oliver,CONFIGURABLE,description,,"Шкаф-витрина Oliver: 103 см по фронту, 43 см в глубину, 211 см в высоту. В отличие от буфетного шкафа линейки, витрина отдаёт стеклу практически весь фронт — это предмет для того, что хочется показывать: сервизов, стекла, коллекций. Сравнительно небольшая глубина не даёт высокому корпусу давить на комнату.",safe_to_rewrite,габариты 1030×430×2110 мм; витрина — из названия; сравнение с ol-26-1 — по каталогу,
prod_01KNTBXADP6726CTE85A445K6N,ol-30-1,OL-30-1,Oliver,STANDARD,subtitle,,"Часы Oliver — 30 × 42 см, корпус глубиной меньше 4 см.",safe_to_rewrite,габариты 299×36×416 мм; STANDARD — классификация; место в коллекции — по каталогу,
prod_01KNTBXADP6726CTE85A445K6N,ol-30-1,OL-30-1,Oliver,STANDARD,description,,"Часы Oliver в деревянном корпусе 30 × 42 см при глубине всего 3,6 см. Это готовый предмет без вариантов исполнения — та деталь, которая связывает большую мебель коллекции в законченную комнату: над столовым комодом, письменным столом или консолью. Вертикальный формат корпуса повторяет пропорции фасадов Oliver.",safe_to_rewrite,габариты 299×36×416 мм; STANDARD — классификация; место в коллекции — по каталогу,
prod_01KNTBXADQK0E63VFJ0KQPKRVX,ol-42-1,OL-42-1,Oliver,CONFIGURABLE,subtitle,,"ТВ-тумба Oliver — 122 см, низкая посадка под экран.",safe_to_rewrite,габариты 1220×470×530 мм; диван/кресло Oliver — по каталогу,
prod_01KNTBXADQK0E63VFJ0KQPKRVX,ol-42-1,OL-42-1,Oliver,CONFIGURABLE,description,,"Тумба Oliver под телевизор: 122 см в ширину, 47 см в глубину, 53 см в высоту. Низкая посадка оставляет экран на правильной высоте для просмотра с дивана, а корпус вмещает приставки и всё сопутствующее. Выдержана в общем характере коллекции, поэтому гостиная с диваном и креслом Oliver собирается в цельную комнату.",safe_to_rewrite,габариты 1220×470×530 мм; диван/кресло Oliver — по каталогу,
prod_01KNTBXADQK9VZ1N1X6CVH02J8,ol-43-1,OL-43-1,Oliver,CONFIGURABLE,title,Столик чайный  круглый,Столик чайный круглый,safe_to_rewrite,габариты 600×600×750 мм; круглый — из названия,
prod_01KNTBXADQK9VZ1N1X6CVH02J8,ol-43-1,OL-43-1,Oliver,CONFIGURABLE,subtitle,,Круглый чайный столик Oliver — 60 см диаметра у кресла или дивана.,safe_to_rewrite,габариты 600×600×750 мм; круглый — из названия,
prod_01KNTBXADQK9VZ1N1X6CVH02J8,ol-43-1,OL-43-1,Oliver,CONFIGURABLE,description,,"Круглый чайный столик Oliver диаметром 60 см и высотой 75 см. Круглая столешница без углов удобна в центре мягкой зоны — вокруг неё свободно двигаются, а чашке и книге места достаточно. Лёгкий предмет, который не требует планировки: его просто подвигают туда, где сейчас сидят.",safe_to_rewrite,габариты 600×600×750 мм; круглый — из названия,
prod_01KNTBXADR7DXSVHCM6Q99129G,ol-44-1,OL-44-1,Oliver,CONFIGURABLE,subtitle,,"Консоль Oliver — 100 см при глубине 35 см, поверхность для узких мест.",safe_to_rewrite,габариты 1000×350×800 мм,
prod_01KNTBXADR7DXSVHCM6Q99129G,ol-44-1,OL-44-1,Oliver,CONFIGURABLE,description,,"Консоль Oliver: 100 см в длину при глубине всего 35 см и высоте 80 см. Предмет для мест, куда стол не встаёт, — прихожей, простенка, стены коридора: ключи, почта, лампа, цветы. Узкий корпус не мешает проходу, а высота 80 см удобна для пользования стоя.",safe_to_rewrite,габариты 1000×350×800 мм,
prod_01KNTBXADRDXMGB8JRMAB1JHPS,ol-44-2,OL-44-2,Oliver,CONFIGURABLE,subtitle,,"Консоль Oliver с полками — узкая поверхность плюс открытое хранение, 126 см.",safe_to_rewrite,габариты 1260×355×940 мм; полки — из названия,
prod_01KNTBXADRDXMGB8JRMAB1JHPS,ol-44-2,OL-44-2,Oliver,CONFIGURABLE,description,,"Расширенная версия консоли Oliver: 126 см в длину, глубина 35,5 см, высота 94 см — с открытыми полками под столешницей. Полки превращают консоль из «поверхности для ключей» в маленькую библиотеку или витрину прихожей, не прибавляя глубины. Хороший способ занять узкую стену осмысленно.",safe_to_rewrite,габариты 1260×355×940 мм; полки — из названия,
prod_01KNTBXADSNY1JKR33SC2FRJX5,ol-55-1,OL-55-1,Oliver,CONFIGURABLE,subtitle,,"Малая банкетка Oliver — 42 см, мягкое сиденье с обивкой на выбор из трёх тканей.",safe_to_rewrite,"габариты 420×350×440 мм; fabric_upholstery_labels: leona, lorna, torno; туалетный столик ol-06-1 — по каталогу",
prod_01KNTBXADSNY1JKR33SC2FRJX5,ol-55-1,OL-55-1,Oliver,CONFIGURABLE,description,,"Малая банкетка Oliver — 42 × 35 см при высоте 44 см: компактное мягкое сиденье к туалетному столику или в изголовье прихожей. Обивка выбирается из трёх тканей — Leona, Lorna или Torno, — так что банкетку легко увязать с кроватью или сундуком коллекции. Лёгкая и переставляемая: её место там, где сейчас нужно присесть.",safe_to_rewrite,"габариты 420×350×440 мм; fabric_upholstery_labels: leona, lorna, torno; туалетный столик ol-06-1 — по каталогу",
prod_01KNTBXADSBJMRQ63HAENWJ880,ol-55-2,OL-55-2,Oliver,CONFIGURABLE,subtitle,,"Большая банкетка Oliver — 97 см, скамья к изножью кровати.",safe_to_rewrite,габариты 970×350×415 мм; парная модель ol-55-1 — по каталогу,
prod_01KNTBXADSBJMRQ63HAENWJ880,ol-55-2,OL-55-2,Oliver,CONFIGURABLE,description,,"Большая банкетка Oliver длиной 97 см при глубине 35 см и высоте сиденья 41,5 см. Классическое место — у изножья кровати: на неё кладут плед и одежду, на неё же садятся обуваться. Узкая посадка не крадёт проход. Парная малая банкетка того же характера работает у туалетного столика.",safe_to_rewrite,габариты 970×350×415 мм; парная модель ol-55-1 — по каталогу,
prod_01KNTBXADV8375RHNBHRQMXQ87,ol-56-1,OL-56-1,Oliver,CONFIGURABLE,subtitle,,"Кресло Oliver — 81 см по фронту, тканевая обивка Lillian.",safe_to_rewrite,габариты 810×710×850 мм; finish_color_labels: lillian; диваны ol-57-* — по каталогу,
prod_01KNTBXADV8375RHNBHRQMXQ87,ol-56-1,OL-56-1,Oliver,CONFIGURABLE,description,,"Кресло Oliver: 81 см в ширину, 71 см в глубину, спинка 85 см. Полноразмерное посадочное место — для чтения у окна или как пара к дивану линейки. Обивка — ткань Lillian, та же, что используется на диванах Oliver, поэтому мягкая группа собирается в один ансамбль без подбора.",safe_to_rewrite,габариты 810×710×850 мм; finish_color_labels: lillian; диваны ol-57-* — по каталогу,
prod_01KNTBXADVZVCXPHMZ1K8VZAJS,ol-57-1,OL-57-1,Oliver,CONFIGURABLE,subtitle,,"Малый диван Oliver — 163 см, формат на двоих.",safe_to_rewrite,"габариты 1630×914×932 мм; finish_color_labels: lilian; линейка ol-56-1, ol-57-2 — по каталогу",
prod_01KNTBXADVZVCXPHMZ1K8VZAJS,ol-57-1,OL-57-1,Oliver,CONFIGURABLE,description,,"Малый диван Oliver: 163 см по фронту, глубина 91 см, спинка 93 см — посадка на двоих для гостиной, кабинета или спальни. Обивка — ткань Lilian, единая с креслом и большим диваном линейки, поэтому мягкую группу можно наращивать постепенно, не боясь разнобоя. Для компактных комнат это основной, а не «дополнительный» диван.",safe_to_rewrite,"габариты 1630×914×932 мм; finish_color_labels: lilian; линейка ol-56-1, ol-57-2 — по каталогу",
prod_01KNTBXADVKWH122FJREKPT5GD,ol-57-2,OL-57-2,Oliver,CONFIGURABLE,subtitle,,"Большой диван Oliver — 201 см, основной диван гостиной.",safe_to_rewrite,габариты 2010×914×932 мм; finish_color_labels: lilian; линейка — по каталогу,
prod_01KNTBXADVKWH122FJREKPT5GD,ol-57-2,OL-57-2,Oliver,CONFIGURABLE,description,,"Большой диван Oliver: 201 см по фронту при глубине 91 см — полноценная посадка на троих, центр гостиной. Обивка — ткань Lilian, общая для всей мягкой линейки Oliver; вместе с малым диваном и креслом собирается классическая композиция «три плюс два плюс один». Спинка высотой 93 см держит удобный наклон для долгого сидения.",safe_to_rewrite,габариты 2010×914×932 мм; finish_color_labels: lilian; линейка — по каталогу,
prod_01KNTBXADVAA49T6H127BKKJK1,ol-57-3,OL-57-3,Oliver,CONFIGURABLE,title,Диван-кровать малый (140*190),Диван-кровать малый (140×190),safe_to_rewrite,габариты 1630×753×932 мм; спальное место 140×190 — из названия; малый диван ol-57-1 — по каталогу,
prod_01KNTBXADVAA49T6H127BKKJK1,ol-57-3,OL-57-3,Oliver,CONFIGURABLE,subtitle,,"Малый диван-кровать Oliver — днём диван 163 см, ночью спальное место 140 × 190 см.",safe_to_rewrite,габариты 1630×753×932 мм; спальное место 140×190 — из названия; малый диван ol-57-1 — по каталогу,
prod_01KNTBXADVAA49T6H127BKKJK1,ol-57-3,OL-57-3,Oliver,CONFIGURABLE,description,,"Диван-кровать Oliver в малом формате: по фронту 163 см, в разложенном виде — спальное место 140 × 190 см. Это решение для комнаты с двойной жизнью: кабинет или гостиная днём, спальня для гостей ночью. Внешне повторяет малый диван линейки, так что «спальная» функция не считывается, пока диван сложен.",safe_to_rewrite,габариты 1630×753×932 мм; спальное место 140×190 — из названия; малый диван ol-57-1 — по каталогу,
prod_01KNTBXADVBQXBYEJC03XRAF81,ol-61-1,OL-61-1,Oliver,CONFIGURABLE,subtitle,,"Книжный шкаф Oliver со стеклом — 211 см, библиотека за прозрачными дверцами.",safe_to_rewrite,габариты 1030×430×2110 мм; стекло — из названия; стеллаж ol-62-1 — по каталогу (совпадающий корпус),
prod_01KNTBXADVBQXBYEJC03XRAF81,ol-61-1,OL-61-1,Oliver,CONFIGURABLE,description,,"Книжный шкаф Oliver: 103 см по фронту, 43 см в глубину, 211 см в высоту, фасады со стеклом. Стекло здесь практично — корешки видны и остаются частью интерьера, но не пылятся. Формат корпуса совпадает с открытым стеллажом линейки, поэтому их можно ставить рядом: открытые полки для часто используемого, стекло — для остального.",safe_to_rewrite,габариты 1030×430×2110 мм; стекло — из названия; стеллаж ol-62-1 — по каталогу (совпадающий корпус),
prod_01KNTBXADVQ5PEJPEQG5B9X3KX,ol-61-2,OL-61-2,Oliver,CONFIGURABLE,subtitle,,Кабинетный шкаф Oliver — низкий и длинный: 218 см по фронту при высоте 112 см.,safe_to_rewrite,габариты 2180×430×1120 мм; «кабинетный» — из названия,
prod_01KNTBXADVQ5PEJPEQG5B9X3KX,ol-61-2,OL-61-2,Oliver,CONFIGURABLE,description,,"Кабинетный шкаф Oliver с горизонтальной компоновкой: 218 см по фронту при высоте всего 112 см и глубине 43 см. В кабинете он работает как длинная база вдоль стены — хранение бумаг и книг снизу, рабочая поверхность по всей длине сверху, место для картин или полок над ним. Альтернатива высоким шкафам там, где стену не хочется закрывать целиком.",safe_to_rewrite,габариты 2180×430×1120 мм; «кабинетный» — из названия,
prod_01KNTBXADV29H43B35KXJJBA18,ol-62-1,OL-62-1,Oliver,CONFIGURABLE,subtitle,,"Открытый стеллаж Oliver для книг — 103 см по фронту, 211 см высоты.",safe_to_rewrite,габариты 1030×430×2110 мм; открытые полки — из названия «стеллаж»; парный ol-61-1 — по каталогу,
prod_01KNTBXADV29H43B35KXJJBA18,ol-62-1,OL-62-1,Oliver,CONFIGURABLE,description,,"Открытый книжный стеллаж Oliver: 103 см по фронту, 43 см в глубину, 211 см в высоту. Открытые полки держат библиотеку под рукой и не утяжеляют комнату — стеллаж читается легче глухого шкафа той же высоты. Корпус совпадает по формату с книжным шкафом со стеклом, вместе они собираются в библиотечную стену.",safe_to_rewrite,габариты 1030×430×2110 мм; открытые полки — из названия «стеллаж»; парный ol-61-1 — по каталогу,
prod_01KNTBXADWGB0430GYR8RJR7EM,ol-62-2,OL-62-2,Oliver,CONFIGURABLE,subtitle,,Широкий стеллаж Oliver — 123 см по фронту при высоте 146 см.,safe_to_rewrite,габариты 1230×434×1461 мм,
prod_01KNTBXADWGB0430GYR8RJR7EM,ol-62-2,OL-62-2,Oliver,CONFIGURABLE,description,,"Широкий стеллаж Oliver: 123 см по фронту, высота 146 см — ниже человеческого роста, поэтому он не перегораживает комнату и может стоять не только у стены, но и работать мягкой границей зоны. Верхняя плоскость на высоте 146 см остаётся полезной — для растений, ламп или коробок.",safe_to_rewrite,габариты 1230×434×1461 мм,
prod_01KNTBXADW4RDEYGV3MPTD64ZR,ol-64-1,OL-64-1,Oliver,CONFIGURABLE,subtitle,,Стол-бюро Oliver — 156 см с надстройкой: рабочее место и хранение в одном предмете.,safe_to_rewrite,габариты 1560×705×1285 мм; бюро (надстройка) — из названия и высоты,
prod_01KNTBXADW4RDEYGV3MPTD64ZR,ol-64-1,OL-64-1,Oliver,CONFIGURABLE,description,,"Стол-бюро Oliver: рабочая столешница 156 × 70 см и надстройка, поднимающая предмет до 128,5 см. Надстройка держит бумаги, книги и мелочи на уровне глаз — рабочее место собрано в одном предмете и не расползается по комнате. Формат для домашнего кабинета, который живёт в гостиной или спальне.",safe_to_rewrite,габариты 1560×705×1285 мм; бюро (надстройка) — из названия и высоты,
prod_01KNTBXADW0MYZ9SEBBAYPS5V4,ol-65-1,OL-65-1,Oliver,CONFIGURABLE,subtitle,,"Письменный стол Oliver с одной тумбой — 116 см, тумба справа.",safe_to_rewrite,габариты 1162×600×780 мм; конфигурация 0П (тумба справа) — из названия; зеркальный ol-65-2 — по каталогу,"коды 0П/П0 в названии — конфигурация тумбы; оставлены как есть, расшифровка дана в тексте"
prod_01KNTBXADW0MYZ9SEBBAYPS5V4,ol-65-1,OL-65-1,Oliver,CONFIGURABLE,description,,"Письменный стол Oliver с одной опорной тумбой: столешница 116 × 60 см, высота 78 см. Тумба закрывает хранение под правой рукой, левая сторона остаётся открытой — под стул и свободную посадку. В линейке есть зеркальная версия с тумбой слева: выбирают по тому, какой рукой пишут и куда падает свет.",safe_to_rewrite,габариты 1162×600×780 мм; конфигурация 0П (тумба справа) — из названия; зеркальный ol-65-2 — по каталогу,"коды 0П/П0 в названии — конфигурация тумбы; оставлены как есть, расшифровка дана в тексте"
prod_01KNTBXADWSAHM0DJV0SNH29AK,ol-65-2,OL-65-2,Oliver,CONFIGURABLE,subtitle,,"Письменный стол Oliver с одной тумбой — 116 см, тумба слева.",safe_to_rewrite,габариты 1162×600×780 мм; конфигурация П0 (тумба слева) — из названия; парный ol-65-1 — по каталогу,
prod_01KNTBXADWSAHM0DJV0SNH29AK,ol-65-2,OL-65-2,Oliver,CONFIGURABLE,description,,"Зеркальная версия однотумбового письменного стола Oliver: та же столешница 116 × 60 см, но опорная тумба слева. Вариант под планировку, где окно или проход диктуют посадку с другой стороны. Габариты и характер — общие с правосторонней моделью линейки.",safe_to_rewrite,габариты 1162×600×780 мм; конфигурация П0 (тумба слева) — из названия; парный ol-65-1 — по каталогу,
prod_01KNTBXADWTF7DF2JX8E3P9YYQ,ol-66-1,OL-66-1,Oliver,CONFIGURABLE,subtitle,,"Двухтумбовый письменный стол Oliver — 156 см, симметричное хранение.",safe_to_rewrite,габариты 1560×700×780 мм; две тумбы — из названия,
prod_01KNTBXADWTF7DF2JX8E3P9YYQ,ol-66-1,OL-66-1,Oliver,CONFIGURABLE,description,,"Двухтумбовый письменный стол Oliver: столешница 156 × 70 см на двух опорных тумбах. Классическая кабинетная схема — хранение с обеих сторон, посадка по центру, стол способен стоять не только у стены, но и в центре кабинета. Формат для тех, кто работает за столом ежедневно и подолгу.",safe_to_rewrite,габариты 1560×700×780 мм; две тумбы — из названия,
prod_01KNTBXADWW99PZJQFM2H9X7BK,ol-66-4,OL-66-4,Oliver,CONFIGURABLE,subtitle,,"Кабинетный двухтумбовый стол Oliver — 156 × 72 см, увеличенная глубина.",safe_to_rewrite,габариты 1560×720×780 мм; отличие по глубине от ol-66-1 (700 мм) — по данным,
prod_01KNTBXADWW99PZJQFM2H9X7BK,ol-66-4,OL-66-4,Oliver,CONFIGURABLE,description,,"Кабинетная версия двухтумбового письменного стола Oliver: та же ширина 156 см, но глубина увеличена до 72 см — больше места между краем столешницы и монитором или бумагами. Две опорные тумбы дают симметричное хранение — формат полноценного домашнего кабинета.",safe_to_rewrite,габариты 1560×720×780 мм; отличие по глубине от ol-66-1 (700 мм) — по данным,
prod_01KNTBXADW4ZCGJCC9RTC6Z5KC,ol-67-1,OL-67-1,Oliver,CONFIGURABLE,subtitle,,"Рабочий стол Oliver — 110 × 60 см, открытый каркас без тумб.",safe_to_rewrite,габариты 1100×600×790 мм; отсутствие тумб — из сравнения с ol-65/66 по названию и габаритам; этажерки ol-68-* — по каталогу,
prod_01KNTBXADW4ZCGJCC9RTC6Z5KC,ol-67-1,OL-67-1,Oliver,CONFIGURABLE,description,,"Рабочий стол Oliver без опорных тумб: столешница 110 × 60 см, высота 79 см. Самый лёгкий стол линейки — открытый низ не загромождает комнату, а компактная столешница вмещает ноутбук, лампу и бумаги. Если хранения не хватает, рядом встают этажерки или полки коллекции.",safe_to_rewrite,габариты 1100×600×790 мм; отсутствие тумб — из сравнения с ol-65/66 по названию и габаритам; этажерки ol-68-* — по каталогу,
prod_01KNTBXADW6ZWB6HTCJ0C4XPY1,ol-68-1,OL-68-1,Oliver,CONFIGURABLE,subtitle,,"Малая этажерка Oliver — три открытые полки, 85 × 32 см.",safe_to_rewrite,габариты 850×320×913 мм; 3 полки — из названия,
prod_01KNTBXADW6ZWB6HTCJ0C4XPY1,ol-68-1,OL-68-1,Oliver,CONFIGURABLE,description,,"Малая этажерка Oliver: три открытые полки, 85 см по фронту, 32 см глубины, высота 91 см. Лёгкая открытая конструкция — для книг у рабочего места, цветов у окна или полотенец в ванной комнате. Ниже подоконника, поэтому встаёт и под окно.",safe_to_rewrite,габариты 850×320×913 мм; 3 полки — из названия,
prod_01KNTBXADW4A481E827ASE6FW3,ol-68-2,OL-68-2,Oliver,CONFIGURABLE,subtitle,,"Большая этажерка Oliver — шесть полок, почти два метра открытого хранения.",safe_to_rewrite,габариты 850×320×1978 мм; 6 полок — из названия,
prod_01KNTBXADW4A481E827ASE6FW3,ol-68-2,OL-68-2,Oliver,CONFIGURABLE,description,,"Большая этажерка Oliver: шесть открытых полок при фронте 85 см и высоте 198 см. Это уже полноценный открытый стеллаж — только легче: без боковых стенок и задника этажерка не давит даже в небольшой комнате. Полки на разной высоте удобно распределять между книгами, коробками и предметами.",safe_to_rewrite,габариты 850×320×1978 мм; 6 полок — из названия,
prod_01KNTBXADWPT0F9X7Y2SATPPGV,ol-69-1,OL-69-1,Oliver,CONFIGURABLE,subtitle,,Одноярусная навесная полка Oliver — 92 см для книг над столом.,safe_to_rewrite,габариты 920×207×473 мм; 1 ярус — из названия; серия ol-69-2/3 — по каталогу,
prod_01KNTBXADWPT0F9X7Y2SATPPGV,ol-69-1,OL-69-1,Oliver,CONFIGURABLE,description,,"Навесная книжная полка Oliver в один ярус: 92 см длины, высота 47 см. Базовый элемент настенного хранения линейки — над письменным столом, консолью или изголовьем. В серии есть двух- и трёхъярусные версии той же ширины: ярусность наращивается по мере роста библиотеки.",safe_to_rewrite,габариты 920×207×473 мм; 1 ярус — из названия; серия ol-69-2/3 — по каталогу,
prod_01KNTBXADX120D41J3EXQASJ8Q,ol-69-2,OL-69-2,Oliver,CONFIGURABLE,subtitle,,"Двухъярусная книжная полка Oliver — 92 см, два ряда корешков.",safe_to_rewrite,габариты 920×175×551 мм; 2 яруса — из названия,
prod_01KNTBXADX120D41J3EXQASJ8Q,ol-69-2,OL-69-2,Oliver,CONFIGURABLE,description,,"Двухъярусная версия книжной полки Oliver: те же 92 см по ширине, высота 55 см, два ряда под книги. Средний формат серии — уже настоящее книжное хранение над столом, но ещё не стеллаж. Глубина полок — 17,5 см.",safe_to_rewrite,габариты 920×175×551 мм; 2 яруса — из названия,
prod_01KNTBXADXD2X796J2TJ8SAG74,ol-69-3,OL-69-3,Oliver,CONFIGURABLE,subtitle,,Трёхъярусная книжная полка Oliver — максимум настенного хранения серии.,safe_to_rewrite,габариты 920×175×789 мм; 3 яруса — из названия; серия — по каталогу,
prod_01KNTBXADXD2X796J2TJ8SAG74,ol-69-3,OL-69-3,Oliver,CONFIGURABLE,description,,"Трёхъярусная книжная полка Oliver: 92 см по ширине, высота 79 см. Старшая модель настенной серии — три ряда книг на стене вместо напольного стеллажа: решение для комнаты, где пол уже занят. Совпадающая с младшими моделями ширина позволяет комбинировать полки серии на одной стене ровными рядами.",safe_to_rewrite,габариты 920×175×789 мм; 3 яруса — из названия; серия — по каталогу,
prod_01KNTBXADXM4N27AGHDHCV5QQA,ol-69-4,OL-69-4,Oliver,CONFIGURABLE,subtitle,,Угловая книжная полка Oliver — вертикальная колонна 31 × 31 см в углу.,safe_to_rewrite,габариты 310×310×1063 мм; угловая — из названия,
prod_01KNTBXADXM4N27AGHDHCV5QQA,ol-69-4,OL-69-4,Oliver,CONFIGURABLE,description,,"Угловая книжная полка Oliver: 31 × 31 см в плане при высоте 106 см. Вертикальная колонна полок занимает угол — место, которое прямые полки использовать не могут. Работает и соло, и как угловое завершение композиции из прямых полок серии.",safe_to_rewrite,габариты 310×310×1063 мм; угловая — из названия,
prod_01KNTBXADXJVJEG9YNWFYXXGQV,ol-81-1,OL-81-1,Oliver,CONFIGURABLE,title,Столик  детский,Столик детский,safe_to_rewrite,габариты 780×580×570 мм; oliver-kids — из metadata.collection; детский стул ol-82-1 — по каталогу,
prod_01KNTBXADXJVJEG9YNWFYXXGQV,ol-81-1,OL-81-1,Oliver,CONFIGURABLE,subtitle,,"Детский стол Oliver Kids — 78 × 58 см при высоте 57 см, под рост дошкольника.",safe_to_rewrite,габариты 780×580×570 мм; oliver-kids — из metadata.collection; детский стул ol-82-1 — по каталогу,
prod_01KNTBXADXJVJEG9YNWFYXXGQV,ol-81-1,OL-81-1,Oliver,CONFIGURABLE,description,,"Детский стол линии Oliver Kids: столешница 78 × 58 см на высоте 57 см — это посадка ребёнка дошкольного возраста, за которой удобно рисовать, лепить и собирать конструктор без взрослого стула с подушками. Выдержан в характере взрослой коллекции Oliver, поэтому детская не выпадает из общего языка квартиры; в пару выпускается детский стул той же линии.",safe_to_rewrite,габариты 780×580×570 мм; oliver-kids — из metadata.collection; детский стул ol-82-1 — по каталогу,
prod_01KNTBXADX8CT1VKVV4SNQM2D7,ol-82-1,OL-82-1,Oliver,CONFIGURABLE,title,Стульчик  детский,Стульчик детский,safe_to_rewrite,"габариты 300×310×714 мм; fabric_upholstery_labels: linda, lorna, torno; детский стол ol-81-1 — по каталогу",
prod_01KNTBXADX8CT1VKVV4SNQM2D7,ol-82-1,OL-82-1,Oliver,CONFIGURABLE,subtitle,,Детский стул Oliver Kids с мягким сиденьем — пара к детскому столу линии.,safe_to_rewrite,"габариты 300×310×714 мм; fabric_upholstery_labels: linda, lorna, torno; детский стол ol-81-1 — по каталогу",
prod_01KNTBXADX8CT1VKVV4SNQM2D7,ol-82-1,OL-82-1,Oliver,CONFIGURABLE,description,,"Детский стул Oliver Kids: 30 × 31 см в плане, высота по спинке 71 см — геометрия под посадку дошкольника за детским столом линии. Сиденье обивается тканью на выбор из трёх: Linda, Lorna или Torno — можно поддержать текстиль остальной комнаты. Конструкция повторяет взрослый стул Oliver в уменьшенном масштабе, без «игрушечности».",safe_to_rewrite,"габариты 300×310×714 мм; fabric_upholstery_labels: linda, lorna, torno; детский стол ol-81-1 — по каталогу",
prod_01KNTBXADX6G2DX0ZK33HBQDSJ,ol-83-1,OL-83-1,Oliver,CONFIGURABLE,subtitle,,"Съёмная пеленальная столешница — ставится на комод Oliver, убирается, когда перерастут.",safe_to_rewrite,"габариты 881×750×180 мм; съёмная, пеленальная — из названия; комоды Oliver — по каталогу",
prod_01KNTBXADX6G2DX0ZK33HBQDSJ,ol-83-1,OL-83-1,Oliver,CONFIGURABLE,description,,"Съёмная пеленальная столешница Oliver Kids: 88 × 75 см, борта высотой 18 см. Ставится на комод и превращает его в полноценное место для пеленания на уровне рук взрослого — отдельный пеленальный стол не нужен. Когда ребёнок вырастает, столешница просто снимается, и комод продолжает работать как обычный. Рациональная альтернатива мебели «на один год».",safe_to_rewrite,"габариты 881×750×180 мм; съёмная, пеленальная — из названия; комоды Oliver — по каталогу",
prod_01KNTBXADX1KA6WGTERRHPPEV7,ol-84-1,OL-84-1,Oliver,STANDARD,subtitle,,Малый защитный бортик 70 см — страховка на время перехода в кровать без решётки.,safe_to_rewrite,габариты 700×40×300 мм; назначение — из названия «бортик к кровати»; парный ol-84-2 — по каталогу,
prod_01KNTBXADX1KA6WGTERRHPPEV7,ol-84-1,OL-84-1,Oliver,STANDARD,description,,"Малый бортик Oliver Kids длиной 70 см устанавливается на детскую кровать и страхует край на время, пока ребёнок привыкает спать без решётки. Высота 30 см — достаточно, чтобы удержать спящего, но не мешает самостоятельно забираться и вылезать. Готовый предмет без вариантов исполнения; для более длинного края кровати в линии есть бортик 100 см.",safe_to_rewrite,габариты 700×40×300 мм; назначение — из названия «бортик к кровати»; парный ol-84-2 — по каталогу,
prod_01KNTBXADX813WWJT86D6J2E9W,ol-84-2,OL-84-2,Oliver,STANDARD,subtitle,,Большой защитный бортик 100 см — закрывает больший участок края кровати.,safe_to_rewrite,габариты 1000×40×300 мм; назначение — из названия; парный ol-84-1 — по каталогу,
prod_01KNTBXADX813WWJT86D6J2E9W,ol-84-2,OL-84-2,Oliver,STANDARD,description,,"Большой бортик Oliver Kids — 100 см длины при высоте 30 см: закрывает больший участок края, чем малая модель, оставляя при этом свободный доступ в кровать. Ставится на время перехода из кроватки с решёткой в обычную кровать и снимается, когда необходимость отпадает. Выбор между двумя длинами зависит от кровати и от того, насколько беспокойно спит ребёнок.",safe_to_rewrite,габариты 1000×40×300 мм; назначение — из названия; парный ol-84-1 — по каталогу,
prod_01KNTBXADY87EJBJ40E55JCJBS,ol-85-1,OL-85-1,Oliver,CONFIGURABLE,subtitle,,Кроватка для новорождённого под матрас 60 × 120 см в характере коллекции Oliver.,safe_to_rewrite,"матрас 60×120 — из названия; габариты 740×1310×1288 мм; приставная ol-85-2, комоды и столешница — по каталогу",
prod_01KNTBXADY87EJBJ40E55JCJBS,ol-85-1,OL-85-1,Oliver,CONFIGURABLE,description,,"Кроватка Oliver Kids для новорождённого: спальное место 60 × 120 см — стандарт первых лет. Корпус 74 × 131 см при высоте 129 см выдержан в языке взрослой коллекции Oliver, поэтому детская с этой кроваткой, комодом и пеленальной столешницей линии выглядит собранной комнатой, а не набором случайных предметов. В линии есть и приставная модель — для сна вплотную к родительской кровати.",safe_to_rewrite,"матрас 60×120 — из названия; габариты 740×1310×1288 мм; приставная ol-85-2, комоды и столешница — по каталогу",
prod_01KNTBXADY6TTYPEZ12QTDR456,ol-85-2,OL-85-2,Oliver,CONFIGURABLE,subtitle,,Приставная кроватка с матрасом — ночной формат «рядом с родителями».,safe_to_rewrite,"приставная, матрас в комплекте — из названия; габариты 576×965×900 мм; кроватка ol-85-1 — по каталогу",
prod_01KNTBXADY6TTYPEZ12QTDR456,ol-85-2,OL-85-2,Oliver,CONFIGURABLE,description,,"Приставная кроватка Oliver Kids ставится вплотную к родительской кровати: ребёнок спит рядом, но на своём месте — ночью не нужно вставать, достаточно протянуть руку. Габариты 58 × 97 см делают её заметно компактнее полноразмерной кроватки; матрас входит в комплект. Формат первых месяцев, после которого обычно переходят в кроватку 60 × 120 см той же линии.",safe_to_rewrite,"приставная, матрас в комплекте — из названия; габариты 576×965×900 мм; кроватка ol-85-1 — по каталогу",
prod_01KNTBXADYWQNNEVG1XK6EAFWP,ol-86-1,OL-86-1,Oliver,STANDARD,subtitle,,Каркас для балдахина над детской кроваткой Oliver Kids.,safe_to_rewrite,габариты 400×250×190 мм; назначение — из названия; STANDARD — классификация,
prod_01KNTBXADYWQNNEVG1XK6EAFWP,ol-86-1,OL-86-1,Oliver,STANDARD,description,,"Каркас Oliver Kids для крепления балдахина над детской кроваткой: держатель 40 × 25 см, на который навешивается ткань. Балдахин рассеивает верхний свет над спящим ребёнком и закрывает кроватку от сквозняка; сам текстиль подбирается отдельно. Готовый предмет без вариантов исполнения.",safe_to_rewrite,габариты 400×250×190 мм; назначение — из названия; STANDARD — классификация,
prod_01KNTBXADY06DZQTG915QFY9BW,ol-95-1,OL-95-1,Oliver,CONFIGURABLE,title,Кровать - трансформер (80*150) с рисунком,Кровать-трансформер (80×150) с рисунком,safe_to_rewrite,матрас 80×150 и рисунок — из названия; габариты 906×1806×1179 мм; парная ol-95-3 — по каталогу,
prod_01KNTBXADY06DZQTG915QFY9BW,ol-95-1,OL-95-1,Oliver,CONFIGURABLE,subtitle,,Кровать-трансформер 80 × 150 см с рисунком на спинке.,safe_to_rewrite,матрас 80×150 и рисунок — из названия; габариты 906×1806×1179 мм; парная ol-95-3 — по каталогу,
prod_01KNTBXADY06DZQTG915QFY9BW,ol-95-1,OL-95-1,Oliver,CONFIGURABLE,description,,"Кровать-трансформер Oliver Kids под матрас 80 × 150 см — переходный формат между кроваткой новорождённого и взрослой кроватью. Спинку украшает рисунок — это версия для тех, кто хочет заметный детский акцент в комнате; парная модель с тканевой вставкой выглядит спокойнее. Корпус 91 × 181 см при высоте изголовья 118 см оставляет кровати запас «на вырост» по характеру, а не только по размеру.",safe_to_rewrite,матрас 80×150 и рисунок — из названия; габариты 906×1806×1179 мм; парная ol-95-3 — по каталогу,
prod_01KNTBXADYET7AC1KCG28EK9RQ,ol-95-3,OL-95-3,Oliver,CONFIGURABLE,title,Кровать - трансформер (80*150) с тканью,Кровать-трансформер (80×150) с тканью,safe_to_rewrite,матрас 80×150 и ткань — из названия; габариты 906×1806×1179 мм; парная ol-95-1 — по каталогу,
prod_01KNTBXADYET7AC1KCG28EK9RQ,ol-95-3,OL-95-3,Oliver,CONFIGURABLE,subtitle,,Растущая кровать 80 × 150 см с тканевой спинкой — спокойная версия трансформера.,safe_to_rewrite,матрас 80×150 и ткань — из названия; габариты 906×1806×1179 мм; парная ol-95-1 — по каталогу,
prod_01KNTBXADYET7AC1KCG28EK9RQ,ol-95-3,OL-95-3,Oliver,CONFIGURABLE,description,,"Версия кровати-трансформера Oliver Kids с тканевой вставкой в спинке вместо рисунка: тот же формат под матрас 80 × 150 см и корпус 91 × 181 см, но внешне ближе к взрослым кроватям коллекции. Вариант для комнаты, которую не хочется перестраивать по мере взросления ребёнка, — кровать спокойно доживёт до подростковых лет без «детского» вида.",safe_to_rewrite,матрас 80×150 и ткань — из названия; габариты 906×1806×1179 мм; парная ol-95-1 — по каталогу,
prod_01KQCSHV3ZWD80DKG4ZFB175FP,ox-14-1,OX-14-1,Oxford,CONFIGURABLE,subtitle,,"Нижняя кровать 90 × 185 см к комплексу Оксфорд-1, без матраса.",safe_to_rewrite,"матрас 90×185, без матраса — из названия; габариты 945×1895×257 мм; mapping_notes: Oxford-4 pilot, interim PDF data","коллекция на паузе; данные interim — текст осторожный, без деталей конструкции"
prod_01KQCSHV3ZWD80DKG4ZFB175FP,ox-14-1,OX-14-1,Oxford,CONFIGURABLE,description,,"Нижняя выкатная часть комплекса Оксфорд-1: спальное место под матрас 90 × 185 см, высота корпуса 26 см. Дополняет верхний модуль комплекса вторым спальным местом — для второго ребёнка или гостей — и убирается, когда не нужна. Матрас в комплект не входит. Данные по коллекции Оксфорд пилотные: состав и исполнение уточняются при заявке.",safe_to_rewrite,"матрас 90×185, без матраса — из названия; габариты 945×1895×257 мм; mapping_notes: Oxford-4 pilot, interim PDF data","коллекция на паузе; данные interim — текст осторожный, без деталей конструкции"
prod_01KQCSHV3ZHSW5J97NP8CE2FB7,ox-14-11,OX-14-11,Oxford,CONFIGURABLE,subtitle,,"Увеличенная нижняя кровать 120 × 185 см к комплексу Оксфорд-1, без матраса.",safe_to_rewrite,"матрас 120×185, без матраса — из названия; габариты 1245×1895×257 мм; mapping_notes: interim",коллекция на паузе; interim-данные; текст без деталей конструкции
prod_01KQCSHV3ZHSW5J97NP8CE2FB7,ox-14-11,OX-14-11,Oxford,CONFIGURABLE,description,,"Увеличенная версия нижней кровати комплекса Оксфорд-1: спальное место под матрас 120 × 185 см при той же высоте корпуса 26 см. Ширина 120 см даёт полноценное место подростку, а не только «гостевой» формат. Матрас приобретается отдельно. Коллекция Оксфорд представлена пилотно — параметры уточняются при заявке.",safe_to_rewrite,"матрас 120×185, без матраса — из названия; габариты 1245×1895×257 мм; mapping_notes: interim",коллекция на паузе; interim-данные; текст без деталей конструкции
prod_01KQCSHV3ZJ5SB2ZYV4P6SJ2QR,ox-90-1,OX-90-1,Oxford,CONFIGURABLE,title,Комплекс Оксфорд-1 с выдвижной столешницей без  нижней кровати,Комплекс Оксфорд-1 с выдвижной столешницей без нижней кровати,safe_to_rewrite,"выдвижная столешница, без нижней кровати — из названия; габариты 2605×1392×1930 мм; нижние кровати ox-14-* — по каталогу; mapping_notes: interim",title: убран двойной пробел («без  нижней»)
prod_01KQCSHV3ZJ5SB2ZYV4P6SJ2QR,ox-90-1,OX-90-1,Oxford,CONFIGURABLE,subtitle,,"Детский комплекс Оксфорд-1: кровать наверху, выдвижная столешница внизу.",safe_to_rewrite,"выдвижная столешница, без нижней кровати — из названия; габариты 2605×1392×1930 мм; нижние кровати ox-14-* — по каталогу; mapping_notes: interim",title: убран двойной пробел («без  нижней»)
prod_01KQCSHV3ZJ5SB2ZYV4P6SJ2QR,ox-90-1,OX-90-1,Oxford,CONFIGURABLE,description,,"Комплекс Оксфорд-1 — двухуровневая организация детской на площади 260 × 139 см при высоте 193 см: спальное место наверху, рабочая зона с выдвижной столешницей внизу. Один предмет заменяет кровать и стол, освобождая остальную комнату под игру. Нижняя выкатная кровать в состав этой комплектации не входит и добавляется отдельно. Коллекция Оксфорд представлена пилотно — состав и исполнение уточняются при заявке.",safe_to_rewrite,"выдвижная столешница, без нижней кровати — из названия; габариты 2605×1392×1930 мм; нижние кровати ox-14-* — по каталогу; mapping_notes: interim",title: убран двойной пробел («без  нижней»)
prod_01KQCSHV3ZRYAYT8GXPJAT6F4Q,s-ox-05,S-OX-05,Oxford,CONFIGURABLE,title,Ступени с перилами и ящиками ОКСФОРД,Ступени с перилами и ящиками Оксфорд,needs_product_data,назначение — из названия; габариты и состав в данных отсутствуют,"title: «ОКСФОРД» приведён к обычному регистру. Для содержательного текста не хватает: габаритов, числа ступеней/ящиков, стороны установки, совместимости с комплектациями Оксфорд-1"
prod_01KQCSHV3ZRYAYT8GXPJAT6F4Q,s-ox-05,S-OX-05,Oxford,CONFIGURABLE,subtitle,,Ступени с перилами и ящиками к комплексу Оксфорд.,needs_product_data,назначение — из названия; габариты и состав в данных отсутствуют,"title: «ОКСФОРД» приведён к обычному регистру. Для содержательного текста не хватает: габаритов, числа ступеней/ящиков, стороны установки, совместимости с комплектациями Оксфорд-1"
prod_01KNTBXADY8MGT1TX966D4CEVJ,pv-02-1,PV-02-1,Provence,CONFIGURABLE,subtitle,,"Двухдверный платяной шкаф Provence — 120 см по фронту, две отделки на выбор.",safe_to_rewrite,"габариты 1200×631×2080 мм; 2 двери — из названия; finish_color_labels: Тёмное дерево, Молочный; трёхдверный pv-03-1 — по каталогу",
prod_01KNTBXADY8MGT1TX966D4CEVJ,pv-02-1,PV-02-1,Provence,CONFIGURABLE,description,,"Двухдверный шкаф коллекции Provence: фронт 120 см, глубина 63 см, высота 208 см — основной формат хранения одежды для спальни. Отделка выбирается из двух: тёмное дерево или молочный — тёмная версия делает шкаф якорем комнаты, светлая растворяет его в стене. Трёхдверная модель линейки продолжает тот же язык на большую площадь.",safe_to_rewrite,"габариты 1200×631×2080 мм; 2 двери — из названия; finish_color_labels: Тёмное дерево, Молочный; трёхдверный pv-03-1 — по каталогу",
prod_01KNTBXADY5TFY8ABDDZN9FQ0R,pv-03-1,PV-03-1,Provence,CONFIGURABLE,subtitle,,"Трёхдверный шкаф Provence — 173 см по фронту, старшая модель линейки.",safe_to_rewrite,"габариты 1735×631×2140 мм; 3 двери — из названия; finish_color_labels: Тёмное дерево, Молочный",
prod_01KNTBXADY5TFY8ABDDZN9FQ0R,pv-03-1,PV-03-1,Provence,CONFIGURABLE,description,,"Трёхдверный платяной шкаф Provence: фронт 173 см, глубина 63 см, высота 214 см. Формат для комнаты, где шкаф берёт на себя роль гардеробной. Как и вся корпусная мебель коллекции, выпускается в двух отделках — тёмное дерево или молочный; в большой плоскости трёх фасадов разница между ними особенно заметна.",safe_to_rewrite,"габариты 1735×631×2140 мм; 3 двери — из названия; finish_color_labels: Тёмное дерево, Молочный",
prod_01KNTBXADY27NDFV0Y2HHSYP8H,pv-05-2,PV-05-2,Provence,CONFIGURABLE,subtitle,,"Комод Provence стандартного формата — 90 см по фронту, высота 90 см.",safe_to_rewrite,"габариты 900×572×902 мм; finish_color_labels: Тёмное дерево, Молочный; зеркало pv-09-1 — по каталогу",
prod_01KNTBXADY27NDFV0Y2HHSYP8H,pv-05-2,PV-05-2,Provence,CONFIGURABLE,description,,"Комод Provence: 90 см по фронту, 57 см в глубину, 90 см в высоту. Почти кубические пропорции дают устойчивый, спокойный силуэт, а столешница на высоте 90 см удобна как поверхность для пользования стоя. Отделка — тёмное дерево или молочный, в тон остальным предметам коллекции; над комодом естественно встаёт навесное зеркало Provence.",safe_to_rewrite,"габариты 900×572×902 мм; finish_color_labels: Тёмное дерево, Молочный; зеркало pv-09-1 — по каталогу",
prod_01KNTBXADYD2QEG17C5CVDACD0,pv-06-2,PV-06-2,Provence,CONFIGURABLE,subtitle,,Туалетный столик Provence — 120 см по фронту при глубине 50 см.,safe_to_rewrite,"габариты 1202×502×750 мм; finish_color_labels: Тёмное дерево, Молочный; зеркала и банкетки коллекции — по каталогу",
prod_01KNTBXADYD2QEG17C5CVDACD0,pv-06-2,PV-06-2,Provence,CONFIGURABLE,description,,"Туалетный столик Provence: столешница 120 × 50 см на высоте 75 см — место утренних сборов в спальне. Столик рассчитан на пару с навесным или напольным зеркалом коллекции и банкеткой Provence. Отделка на выбор — тёмное дерево или молочный; светлая версия традиционна для туалетных столиков, тёмная превращает его в строгий рабочий стол по совместительству.",safe_to_rewrite,"габариты 1202×502×750 мм; finish_color_labels: Тёмное дерево, Молочный; зеркала и банкетки коллекции — по каталогу",
prod_01KNTBXADZ0N4TS4WY52563JDS,pv-08-2,PV-08-2,Provence,CONFIGURABLE,subtitle,,"Прикроватная тумбочка Provence — 53 см по фронту, высота 60 см.",safe_to_rewrite,"габариты 530×450×600 мм; finish_color_labels: Тёмное дерево, Молочный; кровати Provence — по каталогу",
prod_01KNTBXADZ0N4TS4WY52563JDS,pv-08-2,PV-08-2,Provence,CONFIGURABLE,description,,"Прикроватная тумбочка Provence: 53 см в ширину, 45 см в глубину, 60 см в высоту — посадка под кровати коллекции, столешница на уровне руки лежащего. Отделка — тёмное дерево или молочный; пара тумбочек в тон кровати собирает спальную стену в симметричную композицию.",safe_to_rewrite,"габариты 530×450×600 мм; finish_color_labels: Тёмное дерево, Молочный; кровати Provence — по каталогу",
prod_01KNTBXADZPXF7NK73PQ8W0ZBK,pv-09-1,PV-09-1,Provence,CONFIGURABLE,subtitle,,Навесное зеркало Provence 60 × 80 см — вертикаль над комодом или столиком.,safe_to_rewrite,"габариты 600×30×800 мм; finish_color_labels: Тёмное дерево, Молочный",
prod_01KNTBXADZPXF7NK73PQ8W0ZBK,pv-09-1,PV-09-1,Provence,CONFIGURABLE,description,,"Навесное зеркало Provence: полотно 60 × 80 см при глубине 3 см. Формат подобран под корпусную мебель коллекции — над комодом или туалетным столиком зеркало завершает композицию, не перегружая стену. Рама выпускается в двух отделках коллекции: тёмное дерево или молочный.",safe_to_rewrite,"габариты 600×30×800 мм; finish_color_labels: Тёмное дерево, Молочный",
prod_01KNTBXADZRTE98AF3F3ZQKF8E,pv-09-2,PV-09-2,Provence,CONFIGURABLE,subtitle,,"Напольное зеркало Provence в рост — 167 см, свободно переставляется.",safe_to_rewrite,габариты 650×391×1670 мм; напольное — из названия,
prod_01KNTBXADZRTE98AF3F3ZQKF8E,pv-09-2,PV-09-2,Provence,CONFIGURABLE,description,,"Напольное зеркало Provence высотой 167 см — отражение в полный рост без сверления стен. Основание глубиной 39 см держит его устойчиво, а сам предмет остаётся мобильным: зеркало двигается вслед за светом или новой расстановкой. Естественная пара к шкафам коллекции, у которых нет зеркальных дверец.",safe_to_rewrite,габариты 650×391×1670 мм; напольное — из названия,
prod_01KNTBXADZFWE9YRK0K60DDHR2,pv-14-1,PV-14-1,Provence,CONFIGURABLE,title,Кровать 1-сп. (90*190) без изножья,Кровать 1-сп. (90×190) без изножья,safe_to_rewrite,габариты 994×2010×1063 мм; матрас 90×190 и отсутствие изножья — из названия,
prod_01KNTBXADZFWE9YRK0K60DDHR2,pv-14-1,PV-14-1,Provence,CONFIGURABLE,subtitle,,Односпальная кровать Provence 90 × 190 см без изножья.,safe_to_rewrite,габариты 994×2010×1063 мм; матрас 90×190 и отсутствие изножья — из названия,
prod_01KNTBXADZFWE9YRK0K60DDHR2,pv-14-1,PV-14-1,Provence,CONFIGURABLE,description,,"Односпальная кровать Provence под матрас 90 × 190 см: корпус 99 × 201 см, изголовье высотой 106 см. Изножья нет — открытый нижний край освобождает проход и упрощает уборку, что в комнатах под односпальную кровать обычно критично. Формат для детской, подростковой или гостевой комнаты в общем языке коллекции.",safe_to_rewrite,габариты 994×2010×1063 мм; матрас 90×190 и отсутствие изножья — из названия,
prod_01KNTBXADZTNAKE49PYM4N1C8W,pv-15-1,PV-15-1,Provence,CONFIGURABLE,title,"Кровать 1,5-сп. (120*190) без изножья","Кровать 1,5-сп. (120×190) без изножья",safe_to_rewrite,габариты 1294×2010×1073 мм; матрас и отсутствие изножья — из названия; версия с тканью pv-15-2 — по каталогу,
prod_01KNTBXADZTNAKE49PYM4N1C8W,pv-15-1,PV-15-1,Provence,CONFIGURABLE,subtitle,,Полуторная кровать Provence 120 × 190 см без изножья.,safe_to_rewrite,габариты 1294×2010×1073 мм; матрас и отсутствие изножья — из названия; версия с тканью pv-15-2 — по каталогу,
prod_01KNTBXADZTNAKE49PYM4N1C8W,pv-15-1,PV-15-1,Provence,CONFIGURABLE,description,,"Полуторная кровать Provence под матрас 120 × 190 см: корпус 129 × 201 см, изголовье 107 см, без изножья. Формат для одного человека с запасом ширины — в подростковой комнате или небольшой спальне. В линейке есть версия с тканевой вставкой в изголовье, если хочется смягчить деревянную спинку.",safe_to_rewrite,габариты 1294×2010×1073 мм; матрас и отсутствие изножья — из названия; версия с тканью pv-15-2 — по каталогу,
prod_01KNTBXADZV2X8RHE2JG709BTE,pv-15-2,PV-15-2,Provence,CONFIGURABLE,title,"Кровать 1,5-сп. (120*190) с тканью без изножья","Кровать 1,5-сп. (120×190) с тканью без изножья",safe_to_rewrite,габариты 1294×2010×1073 мм; ткань и отсутствие изножья — из названия; базовая pv-15-1 — по каталогу,
prod_01KNTBXADZV2X8RHE2JG709BTE,pv-15-2,PV-15-2,Provence,CONFIGURABLE,subtitle,,Полуторная кровать Provence с тканевой вставкой в изголовье — 120 × 190 см.,safe_to_rewrite,габариты 1294×2010×1073 мм; ткань и отсутствие изножья — из названия; базовая pv-15-1 — по каталогу,
prod_01KNTBXADZV2X8RHE2JG709BTE,pv-15-2,PV-15-2,Provence,CONFIGURABLE,description,,"Версия полуторной кровати Provence с тканевой вставкой в изголовье: матрас 120 × 190 см, корпус 129 × 201 см, без изножья. Ткань смягчает спинку — к ней приятнее прислоняться с книгой, и кровать выглядит теплее полностью деревянной модели. Остальная геометрия совпадает с базовой полуторной кроватью линейки.",safe_to_rewrite,габариты 1294×2010×1073 мм; ткань и отсутствие изножья — из названия; базовая pv-15-1 — по каталогу,
prod_01KNTBXAE066FZ9JPRECQ0GZMJ,pv-16-1,PV-16-1,Provence,CONFIGURABLE,title,"Кровать 1,5-сп. (140*190) без изножья","Кровать 1,5-сп. (140×190) без изножья",safe_to_rewrite,габариты 1494×2010×1092 мм; матрас и отсутствие изножья — из названия; версия с тканью pv-16-2 — по каталогу,
prod_01KNTBXAE066FZ9JPRECQ0GZMJ,pv-16-1,PV-16-1,Provence,CONFIGURABLE,subtitle,,Кровать Provence 140 × 190 см без изножья — компактный двуспальный формат.,safe_to_rewrite,габариты 1494×2010×1092 мм; матрас и отсутствие изножья — из названия; версия с тканью pv-16-2 — по каталогу,
prod_01KNTBXAE066FZ9JPRECQ0GZMJ,pv-16-1,PV-16-1,Provence,CONFIGURABLE,description,,"Кровать Provence под матрас 140 × 190 см — минимальный формат, на котором спят вдвоём. Корпус 149 × 201 см, изголовье 109 см, изножья нет: открытый край экономит главное, чего не хватает при двуспальной кровати в небольшой комнате, — проход. Есть версия с тканевой вставкой в изголовье.",safe_to_rewrite,габариты 1494×2010×1092 мм; матрас и отсутствие изножья — из названия; версия с тканью pv-16-2 — по каталогу,
prod_01KX1PJA6R9QNP7AQBG4NHWNED,pv-16-2,PV-16-2,Provence,CONFIGURABLE,title,"Кровать 1,5-сп. (140*190) с тканью без изножья","Кровать 1,5-сп. (140×190) с тканью без изножья",safe_to_rewrite,габариты 1494×2010×1092 мм; ткань и отсутствие изножья — из названия; базовая pv-16-1 — по каталогу,
prod_01KX1PJA6R9QNP7AQBG4NHWNED,pv-16-2,PV-16-2,Provence,CONFIGURABLE,subtitle,,Кровать Provence 140 × 190 см с тканевой вставкой в изголовье.,safe_to_rewrite,габариты 1494×2010×1092 мм; ткань и отсутствие изножья — из названия; базовая pv-16-1 — по каталогу,
prod_01KX1PJA6R9QNP7AQBG4NHWNED,pv-16-2,PV-16-2,Provence,CONFIGURABLE,description,,"Кровать Provence под матрас 140 × 190 см с тканевой вставкой в изголовье, без изножья. Мягкая спинка делает удобной посадку в кровати — читать и работать с ноутбуком можно, откинувшись на изголовье, а не на подушки. Корпус 149 × 201 см повторяет базовую модель линейки.",safe_to_rewrite,габариты 1494×2010×1092 мм; ткань и отсутствие изножья — из названия; базовая pv-16-1 — по каталогу,
prod_01KNTBXAE02HB0SM89W0BM82A2,pv-17-1,PV-17-1,Provence,CONFIGURABLE,title,Кровать 2-сп. (160*200) без изножья,Кровать 2-сп. (160×200) без изножья,safe_to_rewrite,"габариты 1694×2110×1111 мм; матрас и отсутствие изножья — из названия; pv-18-1, тумбочки, комод — по каталогу",
prod_01KNTBXAE02HB0SM89W0BM82A2,pv-17-1,PV-17-1,Provence,CONFIGURABLE,subtitle,,Двуспальная кровать Provence 160 × 200 см — основной формат коллекции.,safe_to_rewrite,"габариты 1694×2110×1111 мм; матрас и отсутствие изножья — из названия; pv-18-1, тумбочки, комод — по каталогу",
prod_01KNTBXAE02HB0SM89W0BM82A2,pv-17-1,PV-17-1,Provence,CONFIGURABLE,description,,"Основная двуспальная кровать Provence: матрас 160 × 200 см, корпус 169 × 211 см, изголовье высотой 111 см. Изножья нет — силуэт легче, проход вдоль кровати свободнее. Вместе с парой прикроватных тумбочек и комодом коллекции собирает спальню в цельную комнату; для просторных спален в линейке есть формат 180 × 200 см.",safe_to_rewrite,"габариты 1694×2110×1111 мм; матрас и отсутствие изножья — из названия; pv-18-1, тумбочки, комод — по каталогу",
prod_01KNTBXAE0HEVEGEFCZTYRNDG2,pv-18-1,PV-18-1,Provence,CONFIGURABLE,title,Кровать 2-сп. (180*200) без изножья,Кровать 2-сп. (180×200) без изножья,safe_to_rewrite,"габариты 1894×2110×1121 мм; матрас и отсутствие изножья — из названия; finish_color_labels: Тёмное дерево, Молочный",
prod_01KNTBXAE0HEVEGEFCZTYRNDG2,pv-18-1,PV-18-1,Provence,CONFIGURABLE,subtitle,,Широкая двуспальная кровать Provence — матрас 180 × 200 см.,safe_to_rewrite,"габариты 1894×2110×1121 мм; матрас и отсутствие изножья — из названия; finish_color_labels: Тёмное дерево, Молочный",
prod_01KNTBXAE0HEVEGEFCZTYRNDG2,pv-18-1,PV-18-1,Provence,CONFIGURABLE,description,,"Самая широкая кровать Provence: матрас 180 × 200 см, корпус 189 × 211 см, изголовье 112 см, без изножья. Формат просторной спальни — почти двухметровая спальная стена, которую изголовье и пара тумбочек коллекции превращают в законченную композицию. Отделка — тёмное дерево или молочный, как у остальной корпусной мебели Provence.",safe_to_rewrite,"габариты 1894×2110×1121 мм; матрас и отсутствие изножья — из названия; finish_color_labels: Тёмное дерево, Молочный",
prod_01KNTBXAE0GEC1WW45XKYYC264,pv-23-1,PV-23-1,Provence,CONFIGURABLE,subtitle,,"Стул Provence — две отделки, посадка для долгих ужинов.",safe_to_rewrite,"габариты 480×460×905 мм; finish_color_labels: Тёмное дерево, Молочный",
prod_01KNTBXAE0GEC1WW45XKYYC264,pv-23-1,PV-23-1,Provence,CONFIGURABLE,description,,"Стул Provence: 48 × 46 см в плане, высота по спинке 90,5 см. Отделка — тёмное дерево или молочный; комплект стульев можно собрать в одном цвете или чередовать светлые и тёмные вокруг одного стола. Это стул столовой — со спинкой полной высоты, а не табурет.",safe_to_rewrite,"габариты 480×460×905 мм; finish_color_labels: Тёмное дерево, Молочный",
prod_01KNTBXAE0TNXMTQHFTYAZZFQG,pv-42-2,PV-42-2,Provence,CONFIGURABLE,subtitle,,"ТВ-тумба Provence — 116 см, низкая посадка под экран, две отделки.",safe_to_rewrite,"габариты 1160×476×584 мм; finish_color_labels: Тёмное дерево, Молочный",
prod_01KNTBXAE0TNXMTQHFTYAZZFQG,pv-42-2,PV-42-2,Provence,CONFIGURABLE,description,,"Тумба Provence под телевизор: 116 см по фронту, 48 см в глубину, 58 см в высоту. Низкий корпус держит экран на удобной высоте для просмотра с дивана и вмещает технику с проводами. Отделка — тёмное дерево или молочный: тёмная версия визуально «заземляет» зону с экраном, светлая делает её незаметнее.",safe_to_rewrite,"габариты 1160×476×584 мм; finish_color_labels: Тёмное дерево, Молочный",
prod_01KNTBXAE0HJGHFQ8P7HTHCGTR,pv-43-1,PV-43-1,Provence,CONFIGURABLE,subtitle,,Чайный столик Provence — круглая столешница 60 см у кресла или дивана.,safe_to_rewrite,габариты 600×600×750 мм; чайный — из названия,
prod_01KNTBXAE0HJGHFQ8P7HTHCGTR,pv-43-1,PV-43-1,Provence,CONFIGURABLE,description,,"Чайный столик Provence: столешница диаметром 60 см на высоте 75 см. Столик для мягкой зоны — чашка, книга, очки; круглая форма без углов удобна там, где вокруг постоянно двигаются. Лёгкий предмет, который не требует своего места в планировке — он там, где сейчас сидят.",safe_to_rewrite,габариты 600×600×750 мм; чайный — из названия,
prod_01KNTBXAE00AE9RHVB0G00DFGM,pv-55-1,PV-55-1,Provence,CONFIGURABLE,subtitle,,"Малая банкетка Provence — 47 × 40 см, сиденье к туалетному столику.",safe_to_rewrite,"габариты 470×400×450 мм; finish_color_labels: Тёмное дерево, Молочный; туалетный столик pv-06-2 — по каталогу",
prod_01KNTBXAE00AE9RHVB0G00DFGM,pv-55-1,PV-55-1,Provence,CONFIGURABLE,description,,"Малая банкетка Provence: 47 × 40 см при высоте 45 см. Компактное сиденье к туалетному столику коллекции или в прихожую — присесть, обуться, положить сумку. Отделка — тёмное дерево или молочный, в тон остальной мебели Provence.",safe_to_rewrite,"габариты 470×400×450 мм; finish_color_labels: Тёмное дерево, Молочный; туалетный столик pv-06-2 — по каталогу",
prod_01KNTBXAE0WHWW3GW89K4V2M88,pv-55-2,PV-55-2,Provence,CONFIGURABLE,subtitle,,"Большая банкетка Provence — 85 см, скамья у изножья кровати.",safe_to_rewrite,габариты 850×400×450 мм; кровати без изножья — по каталогу Provence,
prod_01KNTBXAE0WHWW3GW89K4V2M88,pv-55-2,PV-55-2,Provence,CONFIGURABLE,description,,"Большая банкетка Provence длиной 85 см при глубине 40 см и высоте 45 см. Её место — у изножья кровати: плед и одежда сверху, посадка при обувании. Поскольку кровати коллекции выпускаются без изножья, банкетка ещё и визуально завершает их открытый нижний край.",safe_to_rewrite,габариты 850×400×450 мм; кровати без изножья — по каталогу Provence,
prod_01KNTBXAE04G57KM32H7ZV0T7H,pv-61-1,PV-61-1,Provence,CONFIGURABLE,subtitle,,"Книжный шкаф Provence — 120 см по фронту, 208 см высоты.",safe_to_rewrite,"габариты 1200×465×2080 мм; finish_color_labels: Тёмное дерево, Молочный; стеллаж pv-62-1 (тот же корпус) — по данным",
prod_01KNTBXAE04G57KM32H7ZV0T7H,pv-61-1,PV-61-1,Provence,CONFIGURABLE,description,,"Книжный шкаф Provence: 120 см по фронту, 46,5 см в глубину, 208 см в высоту — библиотека на полную высоту стены. Отделка — тёмное дерево или молочный; тёмный шкаф с книгами даёт классический кабинетный тон, светлый оставляет комнату воздушной. Открытый стеллаж линейки с тем же корпусом позволяет собирать библиотечную стену из закрытых и открытых секций.",safe_to_rewrite,"габариты 1200×465×2080 мм; finish_color_labels: Тёмное дерево, Молочный; стеллаж pv-62-1 (тот же корпус) — по данным",
prod_01KNTBXAE026FENXYYPYARNHQN,pv-62-1,PV-62-1,Provence,CONFIGURABLE,subtitle,,"Открытый стеллаж Provence для книг — 120 см по фронту, 208 см высоты.",safe_to_rewrite,"габариты 1200×465×2080 мм; finish_color_labels: Тёмное дерево, Молочный; шкаф pv-61-1 — по данным",
prod_01KNTBXAE026FENXYYPYARNHQN,pv-62-1,PV-62-1,Provence,CONFIGURABLE,description,,"Открытый книжный стеллаж Provence: 120 × 46,5 см при высоте 208 см. Корпус совпадает с книжным шкафом линейки, но без фасадов — книги и предметы остаются на виду и под рукой. Отделка — тёмное дерево или молочный. Рядом со шкафом-«близнецом» собирается стена хранения с чередованием открытых и закрытых секций.",safe_to_rewrite,"габариты 1200×465×2080 мм; finish_color_labels: Тёмное дерево, Молочный; шкаф pv-61-1 — по данным",
prod_01KNTBXAE14DE7Z6FHFMT4X3XZ,pv-65-5,PV-65-5,Provence,CONFIGURABLE,subtitle,,Письменный стол Provence с тумбой справа — 114 × 65 см.,safe_to_rewrite,габариты 1140×647×750 мм; конфигурация 0П — из названия; линейка pv-65-* — по каталогу,"коды 0П/П0/0Я/Я0 — расположение тумбы (П — дверца, Я — ящики); расшифровано в тексте"
prod_01KNTBXAE14DE7Z6FHFMT4X3XZ,pv-65-5,PV-65-5,Provence,CONFIGURABLE,description,,"Письменный стол Provence с одной опорной тумбой с дверцей справа: столешница 114 × 65 см на высоте 75 см. Закрытая тумба прячет бумаги и технику, открытая левая сторона оставляет посадку свободной. В линейке четыре варианта компоновки — тумба с дверцей или с ящиками, справа или слева — под планировку и рабочие привычки.",safe_to_rewrite,габариты 1140×647×750 мм; конфигурация 0П — из названия; линейка pv-65-* — по каталогу,"коды 0П/П0/0Я/Я0 — расположение тумбы (П — дверца, Я — ящики); расшифровано в тексте"
prod_01KNTBXAE1ESNNW5DA36PEES6R,pv-65-6,PV-65-6,Provence,CONFIGURABLE,subtitle,,Письменный стол Provence с тумбой слева — зеркальная компоновка.,safe_to_rewrite,габариты 1140×647×750 мм; конфигурация П0 — из названия; линейка — по каталогу,
prod_01KNTBXAE1ESNNW5DA36PEES6R,pv-65-6,PV-65-6,Provence,CONFIGURABLE,description,,"Зеркальная версия однотумбового письменного стола Provence: та же столешница 114 × 65 см, опорная тумба с дверцей — слева. Выбор стороны обычно диктует окно: свет должен падать на столешницу, а не в спину. Остальные варианты линейки заменяют дверцу ящиками.",safe_to_rewrite,габариты 1140×647×750 мм; конфигурация П0 — из названия; линейка — по каталогу,
prod_01KNTBXAE1WDNJREW50KEKXGG2,pv-65-7,PV-65-7,Provence,CONFIGURABLE,subtitle,,Письменный стол Provence с ящиками справа — 114 × 65 см.,safe_to_rewrite,габариты 1140×647×750 мм; конфигурация 0Я — из названия; зеркальный pv-65-8 — по каталогу,
prod_01KNTBXAE1WDNJREW50KEKXGG2,pv-65-7,PV-65-7,Provence,CONFIGURABLE,description,,"Однотумбовый письменный стол Provence в версии с ящиками: столешница 114 × 65 см, тумба с выдвижными ящиками справа. Ящики удобнее дверцы, когда за столом работают ежедневно — канцелярия и бумаги разложены по уровням и достаются не глядя. Зеркальная модель линейки переносит ящики влево.",safe_to_rewrite,габариты 1140×647×750 мм; конфигурация 0Я — из названия; зеркальный pv-65-8 — по каталогу,
prod_01KNTBXAE15MWM65C2T93ZSGCW,pv-65-8,PV-65-8,Provence,CONFIGURABLE,subtitle,,Письменный стол Provence с ящиками слева — зеркальная версия.,safe_to_rewrite,"габариты 1140×647×750 мм; конфигурация Я0 — из названия; finish_color_labels: Тёмное дерево, Молочный",
prod_01KNTBXAE15MWM65C2T93ZSGCW,pv-65-8,PV-65-8,Provence,CONFIGURABLE,description,,"Письменный стол Provence с тумбой из выдвижных ящиков слева: столешница 114 × 65 см на высоте 75 см. Вариант для посадки, где правая сторона должна остаться открытой — под свет из окна или проход. Отделка, как и у всей линейки столов Provence, — тёмное дерево или молочный.",safe_to_rewrite,"габариты 1140×647×750 мм; конфигурация Я0 — из названия; finish_color_labels: Тёмное дерево, Молочный",
prod_01KNTBXAE1NQA13JRXRBGF8S86,pv-66-6,PV-66-6,Provence,CONFIGURABLE,subtitle,,"Двухтумбовый стол Provence — 153 см, дверца слева, ящики справа.",safe_to_rewrite,габариты 1535×700×750 мм; конфигурация ПЯ — из названия; зеркальный pv-66-7 — по каталогу,
prod_01KNTBXAE1NQA13JRXRBGF8S86,pv-66-6,PV-66-6,Provence,CONFIGURABLE,description,,"Двухтумбовый письменный стол Provence: столешница 153 × 70 см на двух опорных тумбах — слева с дверцей, справа с выдвижными ящиками. Смешанная компоновка делит хранение по типу: объёмное — за дверцей, рабочее — в ящиках под рукой. Полноценный кабинетный стол, способный стоять и не у стены; зеркальная версия меняет тумбы местами.",safe_to_rewrite,габариты 1535×700×750 мм; конфигурация ПЯ — из названия; зеркальный pv-66-7 — по каталогу,
prod_01KNTBXAE1SF1W6MBA9Q9XSRXF,pv-66-7,PV-66-7,Provence,CONFIGURABLE,subtitle,,"Двухтумбовый стол Provence — 153 см, ящики слева, дверца справа.",safe_to_rewrite,габариты 1535×700×750 мм; конфигурация ЯП — из названия; парный pv-66-6 — по каталогу,
prod_01KNTBXAE1SF1W6MBA9Q9XSRXF,pv-66-7,PV-66-7,Provence,CONFIGURABLE,description,,"Зеркальная версия двухтумбового письменного стола Provence: столешница 153 × 70 см, тумба с ящиками слева, с дверцей — справа. Выбор между двумя версиями — вопрос того, какой рукой удобнее тянуться к ящикам во время работы. Геометрия и отделки общие с остальной кабинетной линейкой коллекции.",safe_to_rewrite,габариты 1535×700×750 мм; конфигурация ЯП — из названия; парный pv-66-6 — по каталогу,
prod_01KNTBXAE12P62GNQEK14V0VTR,pv-68-1,PV-68-1,Provence,CONFIGURABLE,subtitle,,"Малая этажерка Provence — три открытые полки, 48 × 35 см.",safe_to_rewrite,габариты 480×350×800 мм; 3 полки — из названия,
prod_01KNTBXAE12P62GNQEK14V0VTR,pv-68-1,PV-68-1,Provence,CONFIGURABLE,description,,"Малая этажерка Provence: три открытые полки при основании 48 × 35 см и высоте 80 см. Лёгкий предмет для книг у кресла, растений у окна или мелочей в ванной — этажерка не требует стены и легко переезжает по комнате. Открытая конструкция не перегружает даже маленькое помещение.",safe_to_rewrite,габариты 480×350×800 мм; 3 полки — из названия,
prod_01KNTBXAE1TDX5MN4PZH57HM6Y,pv-68-2,PV-68-2,Provence,CONFIGURABLE,subtitle,,"Большая этажерка Provence — шесть полок, 177 см открытого хранения.",safe_to_rewrite,габариты 885×362×1770 мм; 6 полок — из названия,
prod_01KNTBXAE1TDX5MN4PZH57HM6Y,pv-68-2,PV-68-2,Provence,CONFIGURABLE,description,,"Большая этажерка Provence: шесть открытых полок, фронт 88,5 см, высота 177 см. Работает как открытый стеллаж, но легче его — без глухих боковин и задней стенки конструкция пропускает свет и не давит на комнату. Полки принимают книги, коробки и предметы вперемешку — этажерка это допускает.",safe_to_rewrite,габариты 885×362×1770 мм; 6 полок — из названия,
prod_01KNTBXAE13M4M3KQ6CCE5NAMN,pv-69-1,PV-69-1,Provence,CONFIGURABLE,subtitle,,Навесная книжная полка Provence — 70 см над столом или изголовьем.,safe_to_rewrite,габариты 700×245×318 мм; навесная книжная — из названия,
prod_01KNTBXAE13M4M3KQ6CCE5NAMN,pv-69-1,PV-69-1,Provence,CONFIGURABLE,description,,"Навесная книжная полка Provence: 70 см длины, 24,5 см глубины, высота 32 см. Настенный формат для книг над письменным столом, комодом или изголовьем — хранение там, где пол уже занят. Небольшая длина позволяет собирать композиции из нескольких полок.",safe_to_rewrite,габариты 700×245×318 мм; навесная книжная — из названия,
prod_01KV69A7AKTR1KH8GH90KC8YAJ,av-05-1,av-05-1,Willie Winkie,CONFIGURABLE,title,Комод стандартный Ant`s Village (гл.440),Комод стандартный Ant's Village (гл. 440),safe_to_rewrite,motif/painting_name: Ant's Village; глубина 440 — из названия; material_tier_labels: Полностью массив / Фронты массив + боковины/задники ЛДСП; launch_mode: request_quote; room_type: детская,
prod_01KV69A7AKTR1KH8GH90KC8YAJ,av-05-1,av-05-1,Willie Winkie,CONFIGURABLE,subtitle,,Детский комод с росписью Ant's Village — компактная глубина 44 см.,safe_to_rewrite,motif/painting_name: Ant's Village; глубина 440 — из названия; material_tier_labels: Полностью массив / Фронты массив + боковины/задники ЛДСП; launch_mode: request_quote; room_type: детская,
prod_01KV69A7AKTR1KH8GH90KC8YAJ,av-05-1,av-05-1,Willie Winkie,CONFIGURABLE,description,,"Комод стандартного формата из детской коллекции Willie Winkie с росписью по мотиву Ant's Village. Глубина 44 см — уменьшенная относительно полноглубоких комодов серии (56 см), проходы детской остаются свободнее. Исполнение корпуса выбирается при заказе: полностью массив либо фасады из массива с боковинами и задними стенками из ЛДСП. Роспись объединяет предметы серии Ant's Village в одну комнату; финальная стоимость рассчитывается по заявке.",safe_to_rewrite,motif/painting_name: Ant's Village; глубина 440 — из названия; material_tier_labels: Полностью массив / Фронты массив + боковины/задники ЛДСП; launch_mode: request_quote; room_type: детская,
prod_01KV69A7AKYY759QG6FC8CQ7JA,ba-05-3,ba-05-3,Willie Winkie,CONFIGURABLE,title,Комод высокий Ballet (гл.440),Комод высокий Ballet (гл. 440),safe_to_rewrite,motif: Ballet; высокий — из названия; глубина 440 — из названия; material_tier_labels; launch_mode: request_quote,
prod_01KV69A7AKYY759QG6FC8CQ7JA,ba-05-3,ba-05-3,Willie Winkie,CONFIGURABLE,subtitle,,Высокий детский комод с росписью Ballet — хранение вверх при глубине 44 см.,safe_to_rewrite,motif: Ballet; высокий — из названия; глубина 440 — из названия; material_tier_labels; launch_mode: request_quote,
prod_01KV69A7AKYY759QG6FC8CQ7JA,ba-05-3,ba-05-3,Willie Winkie,CONFIGURABLE,description,,"Высокий комод серии Ballet из коллекции Willie Winkie: вертикальная компоновка ящиков забирает меньше стены, чем стандартная, — в детской это освобождает место для игры. Глубина 44 см щадит проходы. Роспись Ballet задаёт сюжет всей серии — комод можно дополнить другими предметами с тем же мотивом. Корпус в двух исполнениях: полностью массив или массив во фронтах с корпусом из ЛДСП; стоимость рассчитывается по заявке.",safe_to_rewrite,motif: Ballet; высокий — из названия; глубина 440 — из названия; material_tier_labels; launch_mode: request_quote,
prod_01KV69A7AMZWW7MF8RG6A98292,ba-62-1,ba-62-1,Willie Winkie,CONFIGURABLE,subtitle,,Детский книжный стеллаж с росписью Ballet.,safe_to_rewrite,motif: Ballet; глубина 440 — из названия; material_tier_labels; launch_mode: request_quote,
prod_01KV69A7AMZWW7MF8RG6A98292,ba-62-1,ba-62-1,Willie Winkie,CONFIGURABLE,description,,Открытый книжный стеллаж серии Ballet из коллекции Willie Winkie. Открытые полки держат книги и коробки с играми на виду — содержимое остаётся частью облика комнаты. Глубина полок — 44 см. Роспись Ballet связывает стеллаж с комодами и столами той же серии. Исполнение корпуса на выбор — полностью массив или фронты из массива с корпусом из ЛДСП; стоимость — по заявке.,safe_to_rewrite,motif: Ballet; глубина 440 — из названия; material_tier_labels; launch_mode: request_quote,
prod_01KV69A7AM91MJJVXPKQSNCGSK,fa-05-3,fa-05-3,Willie Winkie,CONFIGURABLE,title,Комод высокий Fairies (гл.560),Комод высокий Fairies (гл. 560),safe_to_rewrite,"motif: Fairies; высокий, глубина 560 — из названия; серия Fairies (fa-06-1, fa-67-1) — по каталогу; material_tier_labels; launch_mode: request_quote",
prod_01KV69A7AM91MJJVXPKQSNCGSK,fa-05-3,fa-05-3,Willie Winkie,CONFIGURABLE,subtitle,,Высокий детский комод с росписью Fairies — полная глубина 56 см.,safe_to_rewrite,"motif: Fairies; высокий, глубина 560 — из названия; серия Fairies (fa-06-1, fa-67-1) — по каталогу; material_tier_labels; launch_mode: request_quote",
prod_01KV69A7AM91MJJVXPKQSNCGSK,fa-05-3,fa-05-3,Willie Winkie,CONFIGURABLE,description,,"Высокий комод серии Fairies из коллекции Willie Winkie в полноглубокой версии — 56 см: в каждом ящике больше места, чем у версий с глубиной 44 см. Вертикальная компоновка экономит стену. Роспись Fairies делает комод частью сюжетной серии — к нему подбираются стол и туалетный столик с тем же мотивом. Корпус — полностью массив либо массив во фронтах с ЛДСП в корпусе; стоимость рассчитывается по заявке.",safe_to_rewrite,"motif: Fairies; высокий, глубина 560 — из названия; серия Fairies (fa-06-1, fa-67-1) — по каталогу; material_tier_labels; launch_mode: request_quote",
prod_01KV69A7AMA53EWQH9MQK10H5K,fa-06-1,fa-06-1,Willie Winkie,CONFIGURABLE,subtitle,,Детский туалетный столик с зеркалом и росписью Fairies.,safe_to_rewrite,motif: Fairies; зеркало — из названия; серия — по каталогу; material_tier_labels; launch_mode: request_quote,
prod_01KV69A7AMA53EWQH9MQK10H5K,fa-06-1,fa-06-1,Willie Winkie,CONFIGURABLE,description,,Туалетный столик с зеркалом из серии Fairies коллекции Willie Winkie — «взрослый» предмет в детском масштабе: у ребёнка появляется своё зеркало и своя поверхность для заколок и мелочей. Роспись Fairies продолжает сюжет серии — столик естественно встаёт рядом с комодом и рабочим столом того же мотива. Исполнение корпуса: полностью массив или фронты из массива с корпусом из ЛДСП. Стоимость — по заявке.,safe_to_rewrite,motif: Fairies; зеркало — из названия; серия — по каталогу; material_tier_labels; launch_mode: request_quote,
prod_01KV69A7AMBRZPR11DCTPR7864,fa-67-1,fa-67-1,Willie Winkie,CONFIGURABLE,subtitle,,Детский рабочий стол с росписью Fairies.,safe_to_rewrite,motif: Fairies; рабочий стол — из названия; material_tier_labels; launch_mode: request_quote,
prod_01KV69A7AMBRZPR11DCTPR7864,fa-67-1,fa-67-1,Willie Winkie,CONFIGURABLE,description,,"Рабочий стол серии Fairies из коллекции Willie Winkie — место для рисования и первых уроков в сюжетной серии с росписью. Роспись превращает стол из «мебели» в часть игрового мира комнаты, при этом сам предмет остаётся полноценным столом, за которым ребёнок растёт. Корпус в двух исполнениях — полностью массив либо массив во фронтах с ЛДСП; финальная стоимость рассчитывается по заявке.",safe_to_rewrite,motif: Fairies; рабочий стол — из названия; material_tier_labels; launch_mode: request_quote,
prod_01KV69A7AMAEGVHR09A7ZXH062,fk-05-1,fk-05-1,Willie Winkie,CONFIGURABLE,title,Комод стандартный Fantasy Kingdom (гл.440),Комод стандартный Fantasy Kingdom (гл. 440),safe_to_rewrite,motif: Fantasy Kingdom; глубина 440 — из названия; высокая версия fk-05-3 — по каталогу; material_tier_labels; launch_mode: request_quote,
prod_01KV69A7AMAEGVHR09A7ZXH062,fk-05-1,fk-05-1,Willie Winkie,CONFIGURABLE,subtitle,,Детский комод с росписью Fantasy Kingdom — глубина 44 см.,safe_to_rewrite,motif: Fantasy Kingdom; глубина 440 — из названия; высокая версия fk-05-3 — по каталогу; material_tier_labels; launch_mode: request_quote,
prod_01KV69A7AMAEGVHR09A7ZXH062,fk-05-1,fk-05-1,Willie Winkie,CONFIGURABLE,description,,"Стандартный комод серии Fantasy Kingdom из коллекции Willie Winkie. Уменьшенная глубина 44 см — формат детской комнаты: проходы остаются свободными. Роспись Fantasy Kingdom задаёт комнате сюжет; в серии есть и высокая версия комода, если нужно больше ящиков на той же площади. Корпус — полностью массив или массив во фронтах с ЛДСП; стоимость по заявке.",safe_to_rewrite,motif: Fantasy Kingdom; глубина 440 — из названия; высокая версия fk-05-3 — по каталогу; material_tier_labels; launch_mode: request_quote,
prod_01KV69A7AMKV353Y5WH6VYBABK,fk-05-3,fk-05-3,Willie Winkie,CONFIGURABLE,title,Комод высокий Fantasy Kingdom (гл.560),Комод высокий Fantasy Kingdom (гл. 560),safe_to_rewrite,"motif: Fantasy Kingdom; высокий, глубина 560 — из названия; material_tier_labels; launch_mode: request_quote",
prod_01KV69A7AMKV353Y5WH6VYBABK,fk-05-3,fk-05-3,Willie Winkie,CONFIGURABLE,subtitle,,Высокий детский комод с росписью Fantasy Kingdom — полная глубина 56 см.,safe_to_rewrite,"motif: Fantasy Kingdom; высокий, глубина 560 — из названия; material_tier_labels; launch_mode: request_quote",
prod_01KV69A7AMKV353Y5WH6VYBABK,fk-05-3,fk-05-3,Willie Winkie,CONFIGURABLE,description,,"Высокий комод серии Fantasy Kingdom из коллекции Willie Winkie: вертикальная компоновка ящиков при полной глубине 56 см занимает меньше стены, чем стандартный комод той же глубины. Роспись Fantasy Kingdom связывает его со стандартным комодом серии в одну комнату. Исполнение корпуса выбирается при заказе: полностью массив или фронты из массива с корпусом из ЛДСП; стоимость рассчитывается по заявке.",safe_to_rewrite,"motif: Fantasy Kingdom; высокий, глубина 560 — из названия; material_tier_labels; launch_mode: request_quote",
prod_01KV69A7AMA4R5CX5YG8SPTE5B,in-67-1,in-67-1,Willie Winkie,CONFIGURABLE,subtitle,,Детский рабочий стол с росписью Infanta.,safe_to_rewrite,motif: Infanta; рабочий стол — из названия; material_tier_labels; launch_mode: request_quote,
prod_01KV69A7AMA4R5CX5YG8SPTE5B,in-67-1,in-67-1,Willie Winkie,CONFIGURABLE,description,,"Рабочий стол серии Infanta из коллекции Willie Winkie — стол для уроков и рисования с росписью по мотиву Infanta. Роспись делает рабочее место частью характера комнаты, а не офисным предметом в детской. Корпус выпускается в двух исполнениях — полностью массив либо массив во фронтах с боковинами и задниками из ЛДСП; финальная стоимость рассчитывается по заявке.",safe_to_rewrite,motif: Infanta; рабочий стол — из названия; material_tier_labels; launch_mode: request_quote,
prod_01KV69A7AMXJPFM3MR6GX0YJP8,mo-02-1,mo-02-1,Willie Winkie,CONFIGURABLE,subtitle,,Высокий двухдверный детский шкаф с росписью Molly.,safe_to_rewrite,"motif: Molly; 2 двери, высокий — из названия; столик mo-81-1 — по каталогу; material_tier_labels; launch_mode: request_quote",
prod_01KV69A7AMXJPFM3MR6GX0YJP8,mo-02-1,mo-02-1,Willie Winkie,CONFIGURABLE,description,,"Двухдверный шкаф для одежды серии Molly из коллекции Willie Winkie в высокой версии — основное хранение детской комнаты. Высокая версия корпуса — вертикальное хранение, которое не требует дополнительной ширины стены. Роспись Molly объединяет шкаф с детским столиком той же серии. Исполнение корпуса: полностью массив или фронты из массива с ЛДСП в корпусе; стоимость рассчитывается по заявке.",safe_to_rewrite,"motif: Molly; 2 двери, высокий — из названия; столик mo-81-1 — по каталогу; material_tier_labels; launch_mode: request_quote",
prod_01KV69A7AMTWYR1CTV1G1RFFBC,mo-81-1,mo-81-1,Willie Winkie,CONFIGURABLE,subtitle,,Детский столик с росписью Molly — для игры и занятий ребёнка.,safe_to_rewrite,motif: Molly; детский столик — из названия; шкаф mo-02-1 — по каталогу; material_tier_labels; launch_mode: request_quote,
prod_01KV69A7AMTWYR1CTV1G1RFFBC,mo-81-1,mo-81-1,Willie Winkie,CONFIGURABLE,description,,"Детский столик серии Molly из коллекции Willie Winkie — стол детского масштаба для рисования, лепки и настольных игр. Роспись Molly задаёт столику собственный сюжет; в серии есть высокий шкаф с тем же мотивом. Корпус — полностью массив либо массив во фронтах с ЛДСП; стоимость по заявке.",safe_to_rewrite,motif: Molly; детский столик — из названия; шкаф mo-02-1 — по каталогу; material_tier_labels; launch_mode: request_quote,
prod_01KV69A7AMYW3Q4NJE3Q5WEFYR,pa-05-1,pa-05-1,Willie Winkie,CONFIGURABLE,title,Комод стандартный Pastoral (гл.440),Комод стандартный Pastoral (гл. 440),safe_to_rewrite,"motif: Pastoral; глубина 440 — из названия; серия pa-05-3, pa-62-1 — по каталогу; material_tier_labels; launch_mode: request_quote",
prod_01KV69A7AMYW3Q4NJE3Q5WEFYR,pa-05-1,pa-05-1,Willie Winkie,CONFIGURABLE,subtitle,,Детский комод с росписью Pastoral — компактная глубина 44 см.,safe_to_rewrite,"motif: Pastoral; глубина 440 — из названия; серия pa-05-3, pa-62-1 — по каталогу; material_tier_labels; launch_mode: request_quote",
prod_01KV69A7AMYW3Q4NJE3Q5WEFYR,pa-05-1,pa-05-1,Willie Winkie,CONFIGURABLE,description,,"Стандартный комод серии Pastoral из коллекции Willie Winkie: уменьшенная глубина 44 см оставляет проходы детской свободными, а верхняя плоскость остаётся на удобной для взрослого высоте — для лампы и повседневных мелочей. Роспись Pastoral задаёт серии спокойный сюжет; рядом встают высокий комод и стеллаж того же мотива. Корпус — полностью массив или массив во фронтах с ЛДСП; стоимость по заявке.",safe_to_rewrite,"motif: Pastoral; глубина 440 — из названия; серия pa-05-3, pa-62-1 — по каталогу; material_tier_labels; launch_mode: request_quote",
prod_01KV69A7AM3KD13Z7GRD68HJA2,pa-05-3,pa-05-3,Willie Winkie,CONFIGURABLE,title,Комод высокий Pastoral (гл.560),Комод высокий Pastoral (гл. 560),safe_to_rewrite,"motif: Pastoral; высокий, глубина 560 — из названия; material_tier_labels; launch_mode: request_quote",
prod_01KV69A7AM3KD13Z7GRD68HJA2,pa-05-3,pa-05-3,Willie Winkie,CONFIGURABLE,subtitle,,Высокий детский комод с росписью Pastoral — полная глубина 56 см.,safe_to_rewrite,"motif: Pastoral; высокий, глубина 560 — из названия; material_tier_labels; launch_mode: request_quote",
prod_01KV69A7AM3KD13Z7GRD68HJA2,pa-05-3,pa-05-3,Willie Winkie,CONFIGURABLE,description,,"Высокий комод серии Pastoral из коллекции Willie Winkie в полноглубокой версии 56 см — вертикальная компоновка занимает меньше стены, чем стандартный формат. Роспись Pastoral связывает предметы серии между собой. Исполнение корпуса на выбор: полностью массив либо фронты из массива с корпусом из ЛДСП; стоимость рассчитывается по заявке.",safe_to_rewrite,"motif: Pastoral; высокий, глубина 560 — из названия; material_tier_labels; launch_mode: request_quote",
prod_01KV69A7AMV6GA6WH9JQ23BANH,pa-62-1,pa-62-1,Willie Winkie,CONFIGURABLE,subtitle,,Детский книжный стеллаж с росписью Pastoral — глубокие полки 56 см.,safe_to_rewrite,motif: Pastoral; глубина 560 — из названия; material_tier_labels; launch_mode: request_quote,
prod_01KV69A7AMV6GA6WH9JQ23BANH,pa-62-1,pa-62-1,Willie Winkie,CONFIGURABLE,description,,"Книжный стеллаж серии Pastoral из коллекции Willie Winkie с увеличенной глубиной полок 56 см — помимо книг туда встают корзины и коробки с игрушками, то есть стеллаж работает основным открытым хранением детской. Роспись Pastoral продолжает сюжет серии. Корпус в двух исполнениях — полностью массив или массив во фронтах с ЛДСП; финальная стоимость по заявке.",safe_to_rewrite,motif: Pastoral; глубина 560 — из названия; material_tier_labels; launch_mode: request_quote,
prod_01KV69A7AMQGCQMFGTXKY2VFPY,rl-05-3,rl-05-3,Willie Winkie,CONFIGURABLE,title,Комод высокий Royal Lilies (гл.440),Комод высокий Royal Lilies (гл. 440),safe_to_rewrite,"motif: Royal Lilies; высокий, глубина 440 — из названия; стол rl-67-1 — по каталогу; material_tier_labels; launch_mode: request_quote",
prod_01KV69A7AMQGCQMFGTXKY2VFPY,rl-05-3,rl-05-3,Willie Winkie,CONFIGURABLE,subtitle,,Высокий детский комод с росписью Royal Lilies — глубина 44 см.,safe_to_rewrite,"motif: Royal Lilies; высокий, глубина 440 — из названия; стол rl-67-1 — по каталогу; material_tier_labels; launch_mode: request_quote",
prod_01KV69A7AMQGCQMFGTXKY2VFPY,rl-05-3,rl-05-3,Willie Winkie,CONFIGURABLE,description,,"Высокий комод серии Royal Lilies из коллекции Willie Winkie: вертикальная компоновка ящиков при уменьшенной глубине 44 см — формат для небольшой детской, где комод должен быть вместительным, но не громоздким. Роспись Royal Lilies объединяет его с рабочим столом той же серии. Корпус — полностью массив либо фронты из массива с ЛДСП; стоимость рассчитывается по заявке.",safe_to_rewrite,"motif: Royal Lilies; высокий, глубина 440 — из названия; стол rl-67-1 — по каталогу; material_tier_labels; launch_mode: request_quote",
prod_01KV69A7AMAN66BZ464F3B8W2P,rl-67-1,rl-67-1,Willie Winkie,CONFIGURABLE,subtitle,,Детский рабочий стол с росписью Royal Lilies.,safe_to_rewrite,motif: Royal Lilies; рабочий стол — из названия; material_tier_labels; launch_mode: request_quote,
prod_01KV69A7AMAN66BZ464F3B8W2P,rl-67-1,rl-67-1,Willie Winkie,CONFIGURABLE,description,,"Рабочий стол серии Royal Lilies из коллекции Willie Winkie — место для занятий, которое не выглядит чужим в детской: роспись Royal Lilies вписывает его в сюжет комнаты. Исполнение корпуса: полностью массив или массив во фронтах с корпусом из ЛДСП; стоимость по заявке.",safe_to_rewrite,motif: Royal Lilies; рабочий стол — из названия; material_tier_labels; launch_mode: request_quote,
prod_01KV69A7AMDV16WD9K03GKBJJ5,rs-05-3,rs-05-3,Willie Winkie,CONFIGURABLE,title,Комод высокий Rural Scenery (гл.560),Комод высокий Rural Scenery (гл. 560),safe_to_rewrite,"motif: Rural Scenery; высокий, глубина 560 — из названия; стеллаж rs-62-1 — по каталогу; material_tier_labels; launch_mode: request_quote",
prod_01KV69A7AMDV16WD9K03GKBJJ5,rs-05-3,rs-05-3,Willie Winkie,CONFIGURABLE,subtitle,,Высокий детский комод с росписью Rural Scenery — полная глубина 56 см.,safe_to_rewrite,"motif: Rural Scenery; высокий, глубина 560 — из названия; стеллаж rs-62-1 — по каталогу; material_tier_labels; launch_mode: request_quote",
prod_01KV69A7AMDV16WD9K03GKBJJ5,rs-05-3,rs-05-3,Willie Winkie,CONFIGURABLE,description,,"Высокий комод серии Rural Scenery из коллекции Willie Winkie: полная глубина 56 см при вертикальной компоновке ящиков — хранение, занимающее минимум стены. Роспись Rural Scenery задаёт комнате сюжет и связывает комод со стеллажом того же мотива. Корпус выпускается в двух исполнениях — полностью массив либо массив во фронтах с ЛДСП; стоимость рассчитывается по заявке.",safe_to_rewrite,"motif: Rural Scenery; высокий, глубина 560 — из названия; стеллаж rs-62-1 — по каталогу; material_tier_labels; launch_mode: request_quote",
prod_01KV69A7AN7P60FE081R6WCCFT,rs-62-1,rs-62-1,Willie Winkie,CONFIGURABLE,subtitle,,Высокий детский книжный стеллаж с росписью Rural Scenery.,safe_to_rewrite,motif: Rural Scenery; высокий — из названия; комод rs-05-3 — по каталогу; material_tier_labels; launch_mode: request_quote,
prod_01KV69A7AN7P60FE081R6WCCFT,rs-62-1,rs-62-1,Willie Winkie,CONFIGURABLE,description,,"Высокий книжный стеллаж серии Rural Scenery из коллекции Willie Winkie: открытые полки в несколько ярусов: нижние — в зоне ребёнка, верхние — «на вырост». Роспись Rural Scenery делает стеллаж частью сюжетной серии вместе с высоким комодом того же мотива. Исполнение корпуса: полностью массив или фронты из массива с ЛДСП; стоимость — по заявке.",safe_to_rewrite,motif: Rural Scenery; высокий — из названия; комод rs-05-3 — по каталогу; material_tier_labels; launch_mode: request_quote,
prod_01KV69A7ANP5VGMN2FSA70901M,sh-81-1,sh-81-1,Willie Winkie,CONFIGURABLE,subtitle,,Детский столик с росписью Sweet Home — для игры и занятий ребёнка.,safe_to_rewrite,motif: Sweet Home; детский столик — из названия; material_tier_labels; launch_mode: request_quote,
prod_01KV69A7ANP5VGMN2FSA70901M,sh-81-1,sh-81-1,Willie Winkie,CONFIGURABLE,description,,"Детский столик серии Sweet Home из коллекции Willie Winkie — стол детского масштаба: своё место для рисования и игр. Роспись Sweet Home делает столик самостоятельным предметом, а не приложением к взрослой мебели. Корпус в двух исполнениях — полностью массив либо массив во фронтах с ЛДСП в корпусе; стоимость рассчитывается по заявке.",safe_to_rewrite,motif: Sweet Home; детский столик — из названия; material_tier_labels; launch_mode: request_quote,
prod_01KV69A7ANHZDE3RR57WJ4ESYP,tb-05-3,tb-05-3,Willie Winkie,CONFIGURABLE,title,Комод высокий Teddy Bear  (гл.560),Комод высокий Teddy Bear (гл. 560),safe_to_rewrite,"motif: Teddy Bear; высокий, глубина 560 — из названия; серия tb-67-1, tb-62-1 — по каталогу; material_tier_labels; launch_mode: request_quote",
prod_01KV69A7ANHZDE3RR57WJ4ESYP,tb-05-3,tb-05-3,Willie Winkie,CONFIGURABLE,subtitle,,Высокий детский комод с росписью Teddy Bear — полная глубина 56 см.,safe_to_rewrite,"motif: Teddy Bear; высокий, глубина 560 — из названия; серия tb-67-1, tb-62-1 — по каталогу; material_tier_labels; launch_mode: request_quote",
prod_01KV69A7ANHZDE3RR57WJ4ESYP,tb-05-3,tb-05-3,Willie Winkie,CONFIGURABLE,description,,Высокий комод серии Teddy Bear из коллекции Willie Winkie в полноглубокой версии 56 см. Ярусы ящиков вверх вместо второго корпуса вширь — комод занимает меньше стены. Роспись Teddy Bear связывает комод с рабочим столом и стеллажом серии — комната собирается вокруг одного сюжета. Корпус — полностью массив либо фронты из массива с ЛДСП; стоимость по заявке.,safe_to_rewrite,"motif: Teddy Bear; высокий, глубина 560 — из названия; серия tb-67-1, tb-62-1 — по каталогу; material_tier_labels; launch_mode: request_quote",
prod_01KV69A7ANWMNJCC3AA2RDR7MR,tb-62-1,tb-62-1,Willie Winkie,CONFIGURABLE,subtitle,,Высокий детский книжный стеллаж с росписью Teddy Bear.,safe_to_rewrite,motif: Teddy Bear; высокий — из названия; серия — по каталогу; material_tier_labels; launch_mode: request_quote,
prod_01KV69A7ANWMNJCC3AA2RDR7MR,tb-62-1,tb-62-1,Willie Winkie,CONFIGURABLE,description,,"Высокий книжный стеллаж серии Teddy Bear из коллекции Willie Winkie: открытые полки в несколько ярусов держат детскую библиотеку на виду. Роспись Teddy Bear продолжает сюжет серии, к стеллажу подбираются комод и рабочий стол того же мотива. Исполнение корпуса: полностью массив или массив во фронтах с ЛДСП; стоимость рассчитывается по заявке.",safe_to_rewrite,motif: Teddy Bear; высокий — из названия; серия — по каталогу; material_tier_labels; launch_mode: request_quote,
prod_01KV69A7ANKBFQ8BGHW8SQ5CTY,tb-67-1,tb-67-1,Willie Winkie,CONFIGURABLE,subtitle,,Детский рабочий стол с росписью Teddy Bear.,safe_to_rewrite,motif: Teddy Bear; рабочий стол — из названия; material_tier_labels; launch_mode: request_quote,
prod_01KV69A7ANKBFQ8BGHW8SQ5CTY,tb-67-1,tb-67-1,Willie Winkie,CONFIGURABLE,description,,Рабочий стол серии Teddy Bear из коллекции Willie Winkie — полноценное место для занятий в сюжетной детской: роспись Teddy Bear роднит стол с комодом и стеллажом серии. Корпус — полностью массив либо массив во фронтах с корпусом из ЛДСП; стоимость по заявке.,safe_to_rewrite,motif: Teddy Bear; рабочий стол — из названия; material_tier_labels; launch_mode: request_quote,
prod_01KV69A7ANEWZAQV2G0PG4B8H7,te-02-2,te-02-2,Willie Winkie,CONFIGURABLE,subtitle,,Высокий двухдверный детский шкаф с росписью Templars.,safe_to_rewrite,"motif: Templars; 2 двери, высокий — из названия; серия te-05-1, te-05-3, te-62-1 — по каталогу; material_tier_labels; launch_mode: request_quote",
prod_01KV69A7ANEWZAQV2G0PG4B8H7,te-02-2,te-02-2,Willie Winkie,CONFIGURABLE,description,,Двухдверный шкаф для одежды серии Templars из коллекции Willie Winkie в высокой версии — основной объём хранения детской комнаты. Роспись Templars объединяет шкаф с комодами и стеллажом серии в цельную комнату. Исполнение корпуса выбирается при заказе: полностью массив или фронты из массива с ЛДСП; стоимость рассчитывается по заявке.,safe_to_rewrite,"motif: Templars; 2 двери, высокий — из названия; серия te-05-1, te-05-3, te-62-1 — по каталогу; material_tier_labels; launch_mode: request_quote",
prod_01KV69A7AN5FGGQ0RRHQN9E460,te-05-1,te-05-1,Willie Winkie,CONFIGURABLE,title,Комод стандартный Templars (гл.560),Комод стандартный Templars (гл. 560),safe_to_rewrite,motif: Templars; глубина 560 — из названия; серия — по каталогу; material_tier_labels; launch_mode: request_quote,
prod_01KV69A7AN5FGGQ0RRHQN9E460,te-05-1,te-05-1,Willie Winkie,CONFIGURABLE,subtitle,,Детский комод с росписью Templars — полная глубина 56 см.,safe_to_rewrite,motif: Templars; глубина 560 — из названия; серия — по каталогу; material_tier_labels; launch_mode: request_quote,
prod_01KV69A7AN5FGGQ0RRHQN9E460,te-05-1,te-05-1,Willie Winkie,CONFIGURABLE,description,,"Стандартный комод серии Templars из коллекции Willie Winkie в полноглубокой версии 56 см: в каждом ящике больше места, чем у версий с глубиной 44 см. Верхняя плоскость остаётся на удобной для взрослого высоте. Роспись Templars включает комод в сюжетную серию со шкафом и стеллажом. Корпус — полностью массив либо массив во фронтах с ЛДСП; стоимость по заявке.",safe_to_rewrite,motif: Templars; глубина 560 — из названия; серия — по каталогу; material_tier_labels; launch_mode: request_quote,
prod_01KV69A7ANA9Q0RM9FGCPM9KMQ,te-05-3,te-05-3,Willie Winkie,CONFIGURABLE,title,Комод высокий Templars (гл.440),Комод высокий Templars (гл. 440),safe_to_rewrite,"motif: Templars; высокий, глубина 440 — из названия; material_tier_labels; launch_mode: request_quote",
prod_01KV69A7ANA9Q0RM9FGCPM9KMQ,te-05-3,te-05-3,Willie Winkie,CONFIGURABLE,subtitle,,Высокий детский комод с росписью Templars — глубина 44 см.,safe_to_rewrite,"motif: Templars; высокий, глубина 440 — из названия; material_tier_labels; launch_mode: request_quote",
prod_01KV69A7ANA9Q0RM9FGCPM9KMQ,te-05-3,te-05-3,Willie Winkie,CONFIGURABLE,description,,"Высокий комод серии Templars из коллекции Willie Winkie с уменьшенной глубиной 44 см: ярусы ящиков вверх при щадящей глубине — вариант для небольшой детской, где стандартный комод с полной глубиной уже не встаёт. Роспись Templars связывает его с остальной серией. Исполнение корпуса: полностью массив или фронты из массива с ЛДСП в корпусе; стоимость рассчитывается по заявке.",safe_to_rewrite,"motif: Templars; высокий, глубина 440 — из названия; material_tier_labels; launch_mode: request_quote",
prod_01KV69A7ANA0C0PJ40Y13HE005,te-62-1,te-62-1,Willie Winkie,CONFIGURABLE,subtitle,,Высокий детский книжный стеллаж с росписью Templars.,safe_to_rewrite,motif: Templars; высокий — из названия; material_tier_labels; launch_mode: request_quote,
prod_01KV69A7ANA0C0PJ40Y13HE005,te-62-1,te-62-1,Willie Winkie,CONFIGURABLE,description,,"Высокий книжный стеллаж серии Templars из коллекции Willie Winkie — открытое хранение на всю высоту: книги, коробки с играми, корзины. Открытые полки держат содержимое на виду. Роспись Templars продолжает сюжет серии. Корпус — полностью массив либо массив во фронтах с ЛДСП; стоимость по заявке.",safe_to_rewrite,motif: Templars; высокий — из названия; material_tier_labels; launch_mode: request_quote,
prod_01KV69A7ANT2KEJ5QYJV4WGYVF,to-62-1,to-62-1,Willie Winkie,CONFIGURABLE,title,Стеллаж для  книг Tommy высокий,Стеллаж для книг Tommy высокий,safe_to_rewrite,motif: Tommy; высокий — из названия; material_tier_labels; launch_mode: request_quote,title: убран двойной пробел («для  книг»)
prod_01KV69A7ANT2KEJ5QYJV4WGYVF,to-62-1,to-62-1,Willie Winkie,CONFIGURABLE,subtitle,,Высокий детский книжный стеллаж с росписью Tommy.,safe_to_rewrite,motif: Tommy; высокий — из названия; material_tier_labels; launch_mode: request_quote,title: убран двойной пробел («для  книг»)
prod_01KV69A7ANT2KEJ5QYJV4WGYVF,to-62-1,to-62-1,Willie Winkie,CONFIGURABLE,description,,"Высокий книжный стеллаж серии Tommy из коллекции Willie Winkie: открытые полки в несколько ярусов под книги и игры — нижние в зоне ребёнка, верхние «на вырост». Роспись Tommy делает стеллаж сюжетным предметом, а не фоновой мебелью. Исполнение корпуса выбирается при заказе: полностью массив или фронты из массива с боковинами и задниками из ЛДСП; стоимость рассчитывается по заявке.",safe_to_rewrite,motif: Tommy; высокий — из названия; material_tier_labels; launch_mode: request_quote,title: убран двойной пробел («для  книг»)
prod_01KV69A7AN1AF4AEJT3TS63Z0H,tw-05-3,tw-05-3,Willie Winkie,CONFIGURABLE,title,Комод высокий Tiggy-Winkle (гл.560),Комод высокий Tiggy-Winkle (гл. 560),safe_to_rewrite,"motif: Tiggy-Winkle; высокий, глубина 560 — из названия; material_tier_labels; launch_mode: request_quote",
prod_01KV69A7AN1AF4AEJT3TS63Z0H,tw-05-3,tw-05-3,Willie Winkie,CONFIGURABLE,subtitle,,Высокий детский комод с росписью Tiggy-Winkle — полная глубина 56 см.,safe_to_rewrite,"motif: Tiggy-Winkle; высокий, глубина 560 — из названия; material_tier_labels; launch_mode: request_quote",
prod_01KV69A7AN1AF4AEJT3TS63Z0H,tw-05-3,tw-05-3,Willie Winkie,CONFIGURABLE,description,,"Высокий комод серии Tiggy-Winkle из коллекции Willie Winkie: полная глубина 56 см при вертикальной компоновке ящиков — комод занимает меньше стены, чем широкий формат. Роспись Tiggy-Winkle задаёт предмету характер и собирает вокруг него сюжет комнаты. Корпус в двух исполнениях — полностью массив либо массив во фронтах с ЛДСП в корпусе; финальная стоимость рассчитывается по заявке.",safe_to_rewrite,"motif: Tiggy-Winkle; высокий, глубина 560 — из названия; material_tier_labels; launch_mode: request_quote",
